Datetime,Open,High,Low,Close,Adj Close,Volume
2023-11-06 09:15:00+05:30,581.7999877929688,581.8499755859375,581.0499877929688,581.2000122070312,581.2000122070312,0
2023-11-06 09:16:00+05:30,580.7999877929688,581.0,579.4000244140625,580.5,580.5,267413
2023-11-06 09:17:00+05:30,580.2000122070312,580.7000122070312,579.6500244140625,580.0499877929688,580.0499877929688,153726
2023-11-06 09:18:00+05:30,580.0999755859375,580.5499877929688,579.1500244140625,579.2999877929688,579.2999877929688,190713
2023-11-06 09:19:00+05:30,579.5,579.6500244140625,577.0499877929688,577.6500244140625,577.6500244140625,346800
2023-11-06 09:20:00+05:30,577.4500122070312,578.1500244140625,576.5,576.5499877929688,576.5499877929688,251274
2023-11-06 09:21:00+05:30,576.7999877929688,577.0,576.0999755859375,576.8499755859375,576.8499755859375,141141
2023-11-06 09:22:00+05:30,576.7999877929688,577.4500122070312,576.5,577.3499755859375,577.3499755859375,113009
2023-11-06 09:23:00+05:30,577.2999877929688,578.4500122070312,577.0499877929688,577.9000244140625,577.9000244140625,111395
2023-11-06 09:24:00+05:30,577.9000244140625,578.1500244140625,577.3499755859375,577.8499755859375,577.8499755859375,123746
2023-11-06 09:25:00+05:30,578.1500244140625,578.9500122070312,578.0499877929688,578.9000244140625,578.9000244140625,54665
2023-11-06 09:26:00+05:30,578.9500122070312,579.2000122070312,578.75,579.2000122070312,579.2000122070312,107552
2023-11-06 09:27:00+05:30,579.2999877929688,579.2999877929688,577.4500122070312,577.75,577.75,128571
2023-11-06 09:28:00+05:30,577.75,577.7999877929688,577.3499755859375,577.3499755859375,577.3499755859375,69148
2023-11-06 09:29:00+05:30,577.4000244140625,577.4000244140625,576.6500244140625,576.75,576.75,105500
2023-11-06 09:30:00+05:30,576.75,577.9000244140625,576.6500244140625,577.5999755859375,577.5999755859375,56344
2023-11-06 09:31:00+05:30,577.7000122070312,577.75,576.5,576.5,576.5,62607
2023-11-06 09:32:00+05:30,576.5499877929688,577.2999877929688,576.5499877929688,577.0499877929688,577.0499877929688,40026
2023-11-06 09:33:00+05:30,577.0,577.3499755859375,576.75,577.0,577.0,59724
2023-11-06 09:34:00+05:30,576.75,577.0499877929688,576.7000122070312,576.7999877929688,576.7999877929688,69000
2023-11-06 09:35:00+05:30,576.9000244140625,577.2000122070312,576.5,576.5499877929688,576.5499877929688,72648
2023-11-06 09:36:00+05:30,576.7999877929688,576.7999877929688,576.4000244140625,576.5499877929688,576.5499877929688,62445
2023-11-06 09:37:00+05:30,576.5,576.5,575.5999755859375,576.0999755859375,576.0999755859375,169590
2023-11-06 09:38:00+05:30,576.1500244140625,576.5,575.9000244140625,576.2000122070312,576.2000122070312,41661
2023-11-06 09:39:00+05:30,576.25,576.25,576.0,576.1500244140625,576.1500244140625,50989
2023-11-06 09:40:00+05:30,576.0999755859375,576.5,576.0,576.5,576.5,28572
2023-11-06 09:41:00+05:30,576.4500122070312,576.5499877929688,576.0999755859375,576.5499877929688,576.5499877929688,68016
2023-11-06 09:42:00+05:30,576.5,576.5,575.9500122070312,576.2000122070312,576.2000122070312,64265
2023-11-06 09:43:00+05:30,576.0999755859375,576.0999755859375,575.75,575.75,575.75,49829
2023-11-06 09:44:00+05:30,575.75,575.7999877929688,575.5,575.5499877929688,575.5499877929688,34846
2023-11-06 09:45:00+05:30,575.5499877929688,576.0,575.5,575.7999877929688,575.7999877929688,33967
2023-11-06 09:46:00+05:30,576.0,576.2999877929688,575.8499755859375,576.0,576.0,52072
2023-11-06 09:47:00+05:30,576.0999755859375,576.5999755859375,575.9500122070312,576.5499877929688,576.5499877929688,41619
2023-11-06 09:48:00+05:30,576.5,576.5999755859375,576.0,576.0,576.0,49057
2023-11-06 09:49:00+05:30,576.0999755859375,576.0999755859375,576.0,576.0499877929688,576.0499877929688,12781
2023-11-06 09:50:00+05:30,576.0499877929688,576.0499877929688,575.5,575.8499755859375,575.8499755859375,77476
2023-11-06 09:51:00+05:30,575.75,576.0,575.5999755859375,575.5999755859375,575.5999755859375,28711
2023-11-06 09:52:00+05:30,575.5999755859375,575.9000244140625,575.4000244140625,575.4000244140625,575.4000244140625,49718
2023-11-06 09:53:00+05:30,575.4000244140625,575.75,575.1500244140625,575.75,575.75,84230
2023-11-06 09:54:00+05:30,575.4500122070312,575.75,575.1500244140625,575.2999877929688,575.2999877929688,50721
2023-11-06 09:55:00+05:30,575.5,576.5999755859375,575.25,576.5999755859375,576.5999755859375,82761
2023-11-06 09:56:00+05:30,576.2999877929688,576.6500244140625,576.0,576.0999755859375,576.0999755859375,72537
2023-11-06 09:57:00+05:30,576.0999755859375,576.4000244140625,576.0499877929688,576.25,576.25,19078
2023-11-06 09:58:00+05:30,576.2000122070312,576.5,576.1500244140625,576.5,576.5,13773
2023-11-06 09:59:00+05:30,576.4000244140625,576.5499877929688,576.2000122070312,576.25,576.25,19142
2023-11-06 10:00:00+05:30,576.3499755859375,576.5,576.2000122070312,576.2999877929688,576.2999877929688,11014
2023-11-06 10:01:00+05:30,576.2999877929688,576.5999755859375,576.25,576.4000244140625,576.4000244140625,15302
2023-11-06 10:02:00+05:30,576.4000244140625,576.6500244140625,576.3499755859375,576.5,576.5,22541
2023-11-06 10:03:00+05:30,576.5,576.6500244140625,576.4000244140625,576.4500122070312,576.4500122070312,22059
2023-11-06 10:04:00+05:30,576.4500122070312,576.7999877929688,576.4500122070312,576.7999877929688,576.7999877929688,21321
2023-11-06 10:05:00+05:30,576.5999755859375,576.9000244140625,576.5,576.7999877929688,576.7999877929688,31952
2023-11-06 10:06:00+05:30,576.75,576.7999877929688,576.5,576.5499877929688,576.5499877929688,12839
2023-11-06 10:07:00+05:30,576.5499877929688,576.75,576.2000122070312,576.2999877929688,576.2999877929688,40515
2023-11-06 10:08:00+05:30,576.2999877929688,576.6500244140625,576.2999877929688,576.5,576.5,14358
2023-11-06 10:09:00+05:30,576.5499877929688,576.5499877929688,576.2999877929688,576.3499755859375,576.3499755859375,14058
2023-11-06 10:10:00+05:30,576.2999877929688,576.5999755859375,576.2999877929688,576.4000244140625,576.4000244140625,19453
2023-11-06 10:11:00+05:30,576.4000244140625,576.4000244140625,575.8499755859375,575.9000244140625,575.9000244140625,72463
2023-11-06 10:12:00+05:30,575.9000244140625,576.0,575.7999877929688,575.8499755859375,575.8499755859375,17958
2023-11-06 10:13:00+05:30,575.8499755859375,575.9000244140625,575.7000122070312,575.7999877929688,575.7999877929688,10731
2023-11-06 10:14:00+05:30,575.75,576.2000122070312,575.75,576.2000122070312,576.2000122070312,15601
2023-11-06 10:15:00+05:30,576.2000122070312,576.25,575.8499755859375,575.8499755859375,575.8499755859375,20092
2023-11-06 10:16:00+05:30,576.0,576.0,575.5999755859375,575.6500244140625,575.6500244140625,24396
2023-11-06 10:17:00+05:30,575.6500244140625,575.7000122070312,575.5,575.5,575.5,39351
2023-11-06 10:18:00+05:30,575.5499877929688,575.7000122070312,575.0,575.0999755859375,575.0999755859375,139113
2023-11-06 10:19:00+05:30,575.1500244140625,575.25,575.0,575.2000122070312,575.2000122070312,49222
2023-11-06 10:20:00+05:30,575.1500244140625,575.3499755859375,575.0999755859375,575.25,575.25,49128
2023-11-06 10:21:00+05:30,575.25,575.5499877929688,575.0499877929688,575.4500122070312,575.4500122070312,57130
2023-11-06 10:22:00+05:30,575.4500122070312,575.4500122070312,575.0499877929688,575.1500244140625,575.1500244140625,40675
2023-11-06 10:23:00+05:30,575.0999755859375,575.25,575.0499877929688,575.0999755859375,575.0999755859375,35778
2023-11-06 10:24:00+05:30,575.0999755859375,575.2000122070312,575.0499877929688,575.0999755859375,575.0999755859375,27818
2023-11-06 10:25:00+05:30,575.0999755859375,575.4000244140625,575.0999755859375,575.4000244140625,575.4000244140625,16419
2023-11-06 10:26:00+05:30,575.3499755859375,575.4000244140625,575.25,575.4000244140625,575.4000244140625,12285
2023-11-06 10:27:00+05:30,575.3499755859375,575.4000244140625,575.2999877929688,575.3499755859375,575.3499755859375,14526
2023-11-06 10:28:00+05:30,575.5,575.5,575.25,575.4000244140625,575.4000244140625,35455
2023-11-06 10:29:00+05:30,575.25,575.5,575.25,575.2999877929688,575.2999877929688,13602
2023-11-06 10:30:00+05:30,575.3499755859375,575.5999755859375,575.2999877929688,575.4000244140625,575.4000244140625,20767
2023-11-06 10:31:00+05:30,575.4000244140625,575.5,575.4000244140625,575.4000244140625,575.4000244140625,9902
2023-11-06 10:32:00+05:30,575.4500122070312,575.75,575.4000244140625,575.5999755859375,575.5999755859375,10478
2023-11-06 10:33:00+05:30,575.6500244140625,575.75,575.5,575.5499877929688,575.5499877929688,14519
2023-11-06 10:34:00+05:30,575.5499877929688,575.75,575.5499877929688,575.7000122070312,575.7000122070312,9900
2023-11-06 10:35:00+05:30,575.6500244140625,575.75,575.5499877929688,575.6500244140625,575.6500244140625,8640
2023-11-06 10:36:00+05:30,575.6500244140625,575.7999877929688,575.5999755859375,575.7000122070312,575.7000122070312,9440
2023-11-06 10:37:00+05:30,575.7000122070312,575.7000122070312,575.4500122070312,575.4500122070312,575.4500122070312,25432
2023-11-06 10:38:00+05:30,575.4500122070312,575.5,575.2999877929688,575.2999877929688,575.2999877929688,21076
2023-11-06 10:39:00+05:30,575.4000244140625,575.5,575.1500244140625,575.25,575.25,37943
2023-11-06 10:40:00+05:30,575.25,575.3499755859375,575.25,575.3499755859375,575.3499755859375,7016
2023-11-06 10:41:00+05:30,575.5,575.5,575.25,575.3499755859375,575.3499755859375,15519
2023-11-06 10:42:00+05:30,575.4500122070312,575.4500122070312,575.25,575.2999877929688,575.2999877929688,9254
2023-11-06 10:43:00+05:30,575.2999877929688,575.5,575.2999877929688,575.2999877929688,575.2999877929688,7684
2023-11-06 10:44:00+05:30,575.2999877929688,575.4000244140625,575.2999877929688,575.3499755859375,575.3499755859375,9560
2023-11-06 10:45:00+05:30,575.4000244140625,575.4000244140625,575.2999877929688,575.4000244140625,575.4000244140625,11439
2023-11-06 10:46:00+05:30,575.3499755859375,575.4000244140625,575.2999877929688,575.3499755859375,575.3499755859375,12928
2023-11-06 10:47:00+05:30,575.4000244140625,575.4000244140625,575.0499877929688,575.0999755859375,575.0999755859375,84666
2023-11-06 10:48:00+05:30,575.0999755859375,575.0999755859375,575.0499877929688,575.0999755859375,575.0999755859375,64164
2023-11-06 10:49:00+05:30,575.0499877929688,575.0999755859375,575.0,575.0499877929688,575.0499877929688,21903
2023-11-06 10:50:00+05:30,575.0999755859375,575.1500244140625,575.0,575.0999755859375,575.0999755859375,148608
2023-11-06 10:51:00+05:30,575.0999755859375,575.2999877929688,575.0,575.0,575.0,84863
2023-11-06 10:52:00+05:30,575.0999755859375,575.2000122070312,575.0,575.0499877929688,575.0499877929688,32415
2023-11-06 10:53:00+05:30,575.0,575.2999877929688,575.0,575.0,575.0,52078
2023-11-06 10:54:00+05:30,575.0,575.3499755859375,575.0,575.3499755859375,575.3499755859375,39504
2023-11-06 10:55:00+05:30,575.3499755859375,575.5,575.0999755859375,575.3499755859375,575.3499755859375,15732
2023-11-06 10:56:00+05:30,575.2999877929688,575.5999755859375,575.2000122070312,575.5,575.5,43586
2023-11-06 10:57:00+05:30,575.5,575.5,575.0,575.3499755859375,575.3499755859375,96394
2023-11-06 10:58:00+05:30,575.2999877929688,575.4500122070312,575.0499877929688,575.2999877929688,575.2999877929688,25883
2023-11-06 10:59:00+05:30,575.2999877929688,575.2999877929688,575.1500244140625,575.2999877929688,575.2999877929688,12444
2023-11-06 11:00:00+05:30,575.25,575.7000122070312,575.2000122070312,575.5499877929688,575.5499877929688,67350
2023-11-06 11:01:00+05:30,575.6500244140625,575.7000122070312,575.0999755859375,575.2999877929688,575.2999877929688,73807
2023-11-06 11:02:00+05:30,575.0999755859375,575.5999755859375,575.0499877929688,575.4500122070312,575.4500122070312,62075
2023-11-06 11:03:00+05:30,575.4500122070312,575.7000122070312,575.4000244140625,575.5,575.5,41428
2023-11-06 11:04:00+05:30,575.4000244140625,575.5499877929688,575.0499877929688,575.0499877929688,575.0499877929688,25827
2023-11-06 11:05:00+05:30,575.0999755859375,575.0999755859375,574.2999877929688,574.2999877929688,574.2999877929688,80640
2023-11-06 11:06:00+05:30,574.3499755859375,574.9000244140625,574.3499755859375,574.75,574.75,25333
2023-11-06 11:07:00+05:30,574.7000122070312,574.75,574.5,574.5,574.5,24009
2023-11-06 11:08:00+05:30,574.5,574.5999755859375,574.3499755859375,574.4500122070312,574.4500122070312,26609
2023-11-06 11:09:00+05:30,574.4500122070312,574.5499877929688,573.9000244140625,573.9000244140625,573.9000244140625,85468
2023-11-06 11:10:00+05:30,573.9000244140625,574.0,573.7000122070312,573.7999877929688,573.7999877929688,44658
2023-11-06 11:11:00+05:30,573.75,574.0999755859375,573.5499877929688,573.5999755859375,573.5999755859375,45996
2023-11-06 11:12:00+05:30,573.5499877929688,573.75,573.25,573.6500244140625,573.6500244140625,36326
2023-11-06 11:13:00+05:30,573.75,573.7999877929688,573.5499877929688,573.7999877929688,573.7999877929688,16435
2023-11-06 11:14:00+05:30,573.7999877929688,574.0,573.7000122070312,573.75,573.75,17977
2023-11-06 11:15:00+05:30,573.7000122070312,573.9000244140625,573.7000122070312,573.8499755859375,573.8499755859375,23633
2023-11-06 11:16:00+05:30,573.7999877929688,574.25,573.7999877929688,574.2000122070312,574.2000122070312,25476
2023-11-06 11:17:00+05:30,574.0999755859375,574.2000122070312,574.0,574.0499877929688,574.0499877929688,12234
2023-11-06 11:18:00+05:30,574.0499877929688,574.0999755859375,574.0,574.0999755859375,574.0999755859375,10950
2023-11-06 11:19:00+05:30,574.0499877929688,574.0999755859375,574.0,574.0499877929688,574.0499877929688,15330
2023-11-06 11:20:00+05:30,574.0,574.0499877929688,573.5499877929688,573.75,573.75,63248
2023-11-06 11:21:00+05:30,573.75,573.7999877929688,573.5,573.5999755859375,573.5999755859375,28824
2023-11-06 11:22:00+05:30,573.5999755859375,574.0,573.5499877929688,574.0,574.0,31646
2023-11-06 11:23:00+05:30,573.75,574.0,573.4000244140625,573.4000244140625,573.4000244140625,74963
2023-11-06 11:24:00+05:30,573.5,573.8499755859375,573.4000244140625,573.7000122070312,573.7000122070312,7925
2023-11-06 11:25:00+05:30,573.75,573.8499755859375,573.5,573.7999877929688,573.7999877929688,22663
2023-11-06 11:26:00+05:30,573.5499877929688,573.7999877929688,573.5,573.6500244140625,573.6500244140625,13918
2023-11-06 11:27:00+05:30,573.5999755859375,573.8499755859375,573.5,573.7999877929688,573.7999877929688,12446
2023-11-06 11:28:00+05:30,573.7000122070312,574.2000122070312,573.5499877929688,573.9500122070312,573.9500122070312,25171
2023-11-06 11:29:00+05:30,573.9500122070312,574.1500244140625,573.75,574.0999755859375,574.0999755859375,13622
2023-11-06 11:30:00+05:30,574.0,574.8499755859375,573.8499755859375,574.8499755859375,574.8499755859375,204932
2023-11-06 11:31:00+05:30,574.7000122070312,574.7999877929688,574.4000244140625,574.5,574.5,22445
2023-11-06 11:32:00+05:30,574.5,574.6500244140625,574.4500122070312,574.5,574.5,20392
2023-11-06 11:33:00+05:30,574.5999755859375,574.9500122070312,574.5,574.5999755859375,574.5999755859375,25385
2023-11-06 11:34:00+05:30,574.7999877929688,574.9000244140625,574.5999755859375,574.8499755859375,574.8499755859375,10802
2023-11-06 11:35:00+05:30,574.7999877929688,574.8499755859375,574.7000122070312,574.7000122070312,574.7000122070312,12949
2023-11-06 11:36:00+05:30,574.7000122070312,575.0,574.6500244140625,574.8499755859375,574.8499755859375,21741
2023-11-06 11:37:00+05:30,574.8499755859375,574.9500122070312,574.5,574.9500122070312,574.9500122070312,28868
2023-11-06 11:38:00+05:30,574.9000244140625,575.0999755859375,574.75,575.0999755859375,575.0999755859375,49149
2023-11-06 11:39:00+05:30,575.0999755859375,575.5999755859375,575.0,575.5999755859375,575.5999755859375,63005
2023-11-06 11:40:00+05:30,575.5999755859375,575.8499755859375,575.5,575.7999877929688,575.7999877929688,86988
2023-11-06 11:41:00+05:30,575.7999877929688,575.8499755859375,575.5499877929688,575.5999755859375,575.5999755859375,51155
2023-11-06 11:42:00+05:30,575.75,575.7999877929688,575.5,575.5999755859375,575.5999755859375,22188
2023-11-06 11:43:00+05:30,575.5,575.5999755859375,575.2999877929688,575.5,575.5,70813
2023-11-06 11:44:00+05:30,575.3499755859375,576.2000122070312,575.3499755859375,576.0,576.0,165276
2023-11-06 11:45:00+05:30,576.0,576.0499877929688,575.75,575.7999877929688,575.7999877929688,30666
2023-11-06 11:46:00+05:30,575.75,575.8499755859375,575.5499877929688,575.7000122070312,575.7000122070312,13532
2023-11-06 11:47:00+05:30,575.6500244140625,575.75,575.5,575.5999755859375,575.5999755859375,20699
2023-11-06 11:48:00+05:30,575.5,575.5999755859375,575.5,575.5499877929688,575.5499877929688,11372
2023-11-06 11:49:00+05:30,575.5,575.5999755859375,575.4000244140625,575.4000244140625,575.4000244140625,6372
2023-11-06 11:50:00+05:30,575.6500244140625,575.6500244140625,575.0,575.0999755859375,575.0999755859375,42119
2023-11-06 11:51:00+05:30,575.0999755859375,575.0999755859375,575.0,575.0999755859375,575.0999755859375,19087
2023-11-06 11:52:00+05:30,575.0999755859375,575.0999755859375,574.9000244140625,574.9500122070312,574.9500122070312,14507
2023-11-06 11:53:00+05:30,574.9500122070312,575.0999755859375,574.7999877929688,575.0499877929688,575.0499877929688,15379
2023-11-06 11:54:00+05:30,575.0999755859375,575.2999877929688,574.9000244140625,575.1500244140625,575.1500244140625,9058
2023-11-06 11:55:00+05:30,574.9500122070312,575.0499877929688,574.7999877929688,575.0,575.0,37168
2023-11-06 11:56:00+05:30,574.7999877929688,575.3499755859375,574.7999877929688,574.9500122070312,574.9500122070312,61065
2023-11-06 11:57:00+05:30,575.5,575.5,575.25,575.3499755859375,575.3499755859375,101249
2023-11-06 11:58:00+05:30,575.2999877929688,575.4500122070312,575.25,575.2999877929688,575.2999877929688,36426
2023-11-06 11:59:00+05:30,575.2999877929688,575.2999877929688,574.9500122070312,575.1500244140625,575.1500244140625,53840
2023-11-06 12:00:00+05:30,575.1500244140625,575.1500244140625,574.8499755859375,575.0499877929688,575.0499877929688,8938
2023-11-06 12:01:00+05:30,574.9000244140625,575.1500244140625,574.7999877929688,575.0,575.0,6496
2023-11-06 12:02:00+05:30,575.0,575.0,574.5999755859375,574.6500244140625,574.6500244140625,7793
2023-11-06 12:03:00+05:30,574.5999755859375,574.75,574.2999877929688,574.5,574.5,43179
2023-11-06 12:04:00+05:30,574.4000244140625,574.5499877929688,574.2999877929688,574.4500122070312,574.4500122070312,58467
2023-11-06 12:05:00+05:30,574.6500244140625,574.9500122070312,574.5,574.9000244140625,574.9000244140625,316503
2023-11-06 12:06:00+05:30,574.9000244140625,575.0499877929688,574.75,575.0499877929688,575.0499877929688,37652
2023-11-06 12:07:00+05:30,575.0,575.2000122070312,575.0,575.0499877929688,575.0499877929688,11219
2023-11-06 12:08:00+05:30,575.0999755859375,575.1500244140625,575.0,575.0499877929688,575.0499877929688,7714
2023-11-06 12:09:00+05:30,575.0499877929688,575.2000122070312,575.0,575.0499877929688,575.0499877929688,15529
2023-11-06 12:10:00+05:30,575.0,575.2000122070312,575.0,575.2000122070312,575.2000122070312,13999
2023-11-06 12:11:00+05:30,575.0999755859375,575.0999755859375,574.5499877929688,575.0,575.0,379407
2023-11-06 12:12:00+05:30,574.5999755859375,574.9000244140625,574.5999755859375,574.75,574.75,0
2023-11-06 12:13:00+05:30,574.75,575.0,574.6500244140625,574.7999877929688,574.7999877929688,10308
2023-11-06 12:14:00+05:30,574.8499755859375,575.0,574.6500244140625,574.8499755859375,574.8499755859375,6012
2023-11-06 12:15:00+05:30,574.7999877929688,574.9000244140625,574.5,574.75,574.75,17725
2023-11-06 12:16:00+05:30,574.5499877929688,574.75,574.4500122070312,574.5499877929688,574.5499877929688,23182
2023-11-06 12:17:00+05:30,574.5499877929688,574.9500122070312,574.5,574.5,574.5,37990
2023-11-06 12:18:00+05:30,574.5,575.1500244140625,574.5,575.0,575.0,23982
2023-11-06 12:19:00+05:30,574.9500122070312,575.0999755859375,574.7000122070312,574.75,574.75,11738
2023-11-06 12:20:00+05:30,574.7999877929688,575.0499877929688,574.7000122070312,575.0,575.0,10502
2023-11-06 12:21:00+05:30,575.0499877929688,575.1500244140625,574.9000244140625,575.1500244140625,575.1500244140625,12397
2023-11-06 12:22:00+05:30,575.0999755859375,575.8499755859375,575.0999755859375,575.75,575.75,118273
2023-11-06 12:23:00+05:30,575.8499755859375,575.9500122070312,575.75,575.75,575.75,31087
2023-11-06 12:24:00+05:30,575.8499755859375,576.0,575.4500122070312,575.4500122070312,575.4500122070312,38287
2023-11-06 12:25:00+05:30,575.4500122070312,575.75,575.2999877929688,575.7000122070312,575.7000122070312,13857
2023-11-06 12:26:00+05:30,575.7000122070312,575.7000122070312,575.2999877929688,575.5,575.5,42032
2023-11-06 12:27:00+05:30,575.2000122070312,575.4500122070312,575.1500244140625,575.3499755859375,575.3499755859375,25912
2023-11-06 12:28:00+05:30,575.2000122070312,575.2999877929688,575.0499877929688,575.0999755859375,575.0999755859375,7193
2023-11-06 12:29:00+05:30,575.1500244140625,575.2000122070312,575.0,575.2000122070312,575.2000122070312,13063
2023-11-06 12:30:00+05:30,575.0999755859375,575.3499755859375,574.75,574.8499755859375,574.8499755859375,29221
2023-11-06 12:31:00+05:30,574.8499755859375,575.4500122070312,574.8499755859375,575.25,575.25,28155
2023-11-06 12:32:00+05:30,575.25,575.4500122070312,575.25,575.25,575.25,83272
2023-11-06 12:33:00+05:30,575.25,575.3499755859375,575.25,575.2999877929688,575.2999877929688,7885
2023-11-06 12:34:00+05:30,575.3499755859375,575.4500122070312,575.2999877929688,575.3499755859375,575.3499755859375,7762
2023-11-06 12:35:00+05:30,575.2999877929688,575.4000244140625,575.2999877929688,575.2999877929688,575.2999877929688,9014
2023-11-06 12:36:00+05:30,575.2999877929688,575.4000244140625,575.2999877929688,575.3499755859375,575.3499755859375,21632
2023-11-06 12:37:00+05:30,575.2999877929688,575.4500122070312,575.2999877929688,575.4500122070312,575.4500122070312,8767
2023-11-06 12:38:00+05:30,575.3499755859375,575.5,575.2999877929688,575.2999877929688,575.2999877929688,11257
2023-11-06 12:39:00+05:30,575.2999877929688,575.4000244140625,575.2999877929688,575.3499755859375,575.3499755859375,13820
2023-11-06 12:40:00+05:30,575.4000244140625,575.4000244140625,574.7999877929688,574.9000244140625,574.9000244140625,45171
2023-11-06 12:41:00+05:30,574.9000244140625,574.9500122070312,574.7999877929688,574.9000244140625,574.9000244140625,5307
2023-11-06 12:42:00+05:30,574.9000244140625,575.0,574.8499755859375,574.9000244140625,574.9000244140625,6764
2023-11-06 12:43:00+05:30,574.9500122070312,575.0,574.9000244140625,574.9500122070312,574.9500122070312,14874
2023-11-06 12:44:00+05:30,575.0,575.0,574.7999877929688,574.9000244140625,574.9000244140625,17767
2023-11-06 12:45:00+05:30,574.9000244140625,575.0,574.8499755859375,574.9500122070312,574.9500122070312,19332
2023-11-06 12:46:00+05:30,574.9000244140625,574.9500122070312,574.7999877929688,574.8499755859375,574.8499755859375,4684
2023-11-06 12:47:00+05:30,574.9000244140625,574.9000244140625,574.75,574.8499755859375,574.8499755859375,8646
2023-11-06 12:48:00+05:30,574.8499755859375,574.9000244140625,574.8499755859375,574.9000244140625,574.9000244140625,6686
2023-11-06 12:49:00+05:30,574.9000244140625,574.9000244140625,574.75,574.9000244140625,574.9000244140625,10842
2023-11-06 12:50:00+05:30,574.7999877929688,574.9500122070312,574.7999877929688,574.9500122070312,574.9500122070312,6628
2023-11-06 12:51:00+05:30,574.7999877929688,574.9500122070312,574.2999877929688,574.5499877929688,574.5499877929688,37547
2023-11-06 12:52:00+05:30,574.5,574.6500244140625,574.4000244140625,574.4500122070312,574.4500122070312,10616
2023-11-06 12:53:00+05:30,574.4500122070312,574.6500244140625,574.4000244140625,574.4500122070312,574.4500122070312,21075
2023-11-06 12:54:00+05:30,574.4000244140625,574.5,574.25,574.2999877929688,574.2999877929688,14733
2023-11-06 12:55:00+05:30,574.2999877929688,574.3499755859375,574.0499877929688,574.1500244140625,574.1500244140625,32582
2023-11-06 12:56:00+05:30,574.0999755859375,574.25,574.0,574.1500244140625,574.1500244140625,34174
2023-11-06 12:57:00+05:30,574.0999755859375,574.25,574.0999755859375,574.25,574.25,9997
2023-11-06 12:58:00+05:30,574.2000122070312,574.25,574.1500244140625,574.2000122070312,574.2000122070312,16572
2023-11-06 12:59:00+05:30,574.1500244140625,574.25,574.0999755859375,574.0999755859375,574.0999755859375,9469
2023-11-06 13:00:00+05:30,574.2000122070312,574.2000122070312,574.0499877929688,574.0999755859375,574.0999755859375,8918
2023-11-06 13:01:00+05:30,574.0499877929688,574.25,574.0,574.0,574.0,18378
2023-11-06 13:02:00+05:30,574.0,574.0999755859375,574.0,574.0499877929688,574.0499877929688,21135
2023-11-06 13:03:00+05:30,574.0499877929688,574.1500244140625,574.0,574.0999755859375,574.0999755859375,12724
2023-11-06 13:04:00+05:30,574.0999755859375,574.1500244140625,574.0499877929688,574.0999755859375,574.0999755859375,7241
2023-11-06 13:05:00+05:30,574.0499877929688,574.2000122070312,573.7999877929688,574.0,574.0,60195
2023-11-06 13:06:00+05:30,573.8499755859375,574.0499877929688,573.8499755859375,574.0499877929688,574.0499877929688,7416
2023-11-06 13:07:00+05:30,574.0,574.0499877929688,573.9000244140625,573.9000244140625,573.9000244140625,8981
2023-11-06 13:08:00+05:30,573.9000244140625,574.0,573.9000244140625,574.0,574.0,5911
2023-11-06 13:09:00+05:30,573.9000244140625,574.0,573.8499755859375,573.9500122070312,573.9500122070312,8097
2023-11-06 13:10:00+05:30,573.9000244140625,573.9500122070312,573.8499755859375,573.9500122070312,573.9500122070312,8219
2023-11-06 13:11:00+05:30,573.9000244140625,573.9000244140625,573.8499755859375,573.8499755859375,573.8499755859375,6561
2023-11-06 13:12:00+05:30,573.7999877929688,573.8499755859375,573.7999877929688,573.8499755859375,573.8499755859375,31007
2023-11-06 13:13:00+05:30,573.8499755859375,574.1500244140625,573.6500244140625,574.0999755859375,574.0999755859375,45811
2023-11-06 13:14:00+05:30,574.0999755859375,574.1500244140625,573.9000244140625,574.0499877929688,574.0499877929688,11449
2023-11-06 13:15:00+05:30,573.9500122070312,574.1500244140625,573.9500122070312,574.0999755859375,574.0999755859375,9224
2023-11-06 13:16:00+05:30,574.0499877929688,574.2999877929688,574.0,574.0499877929688,574.0499877929688,36595
2023-11-06 13:17:00+05:30,574.0499877929688,574.0999755859375,573.9500122070312,574.0,574.0,43580
2023-11-06 13:18:00+05:30,573.9000244140625,574.0999755859375,573.9000244140625,573.9500122070312,573.9500122070312,35990
2023-11-06 13:19:00+05:30,573.9000244140625,574.0499877929688,573.9000244140625,573.9500122070312,573.9500122070312,24411
2023-11-06 13:20:00+05:30,574.0,574.0999755859375,573.9000244140625,574.0,574.0,14868
2023-11-06 13:21:00+05:30,574.0,574.1500244140625,573.8499755859375,574.1500244140625,574.1500244140625,16670
2023-11-06 13:22:00+05:30,574.1500244140625,574.1500244140625,573.9000244140625,574.0499877929688,574.0499877929688,23776
2023-11-06 13:23:00+05:30,574.0499877929688,574.0999755859375,573.8499755859375,574.0,574.0,9255
2023-11-06 13:24:00+05:30,574.0499877929688,574.1500244140625,573.8499755859375,574.0,574.0,30981
2023-11-06 13:25:00+05:30,574.0,574.0,573.7999877929688,573.8499755859375,573.8499755859375,10072
2023-11-06 13:26:00+05:30,573.9500122070312,574.0,573.75,574.0,574.0,19961
2023-11-06 13:27:00+05:30,573.9500122070312,574.0499877929688,573.8499755859375,573.9000244140625,573.9000244140625,14513
2023-11-06 13:28:00+05:30,573.9000244140625,574.0,573.7999877929688,573.9000244140625,573.9000244140625,15153
2023-11-06 13:29:00+05:30,573.8499755859375,574.0499877929688,573.75,573.9500122070312,573.9500122070312,13943
2023-11-06 13:30:00+05:30,573.9500122070312,574.2000122070312,573.7999877929688,573.9000244140625,573.9000244140625,15760
2023-11-06 13:31:00+05:30,573.8499755859375,574.0999755859375,573.8499755859375,574.0499877929688,574.0499877929688,12556
2023-11-06 13:32:00+05:30,573.9000244140625,574.5,573.9000244140625,574.3499755859375,574.3499755859375,19172
2023-11-06 13:33:00+05:30,574.3499755859375,574.5,574.2000122070312,574.3499755859375,574.3499755859375,10886
2023-11-06 13:34:00+05:30,574.3499755859375,574.4500122070312,574.25,574.25,574.25,10265
2023-11-06 13:35:00+05:30,574.25,574.5,573.9500122070312,574.0999755859375,574.0999755859375,78680
2023-11-06 13:36:00+05:30,574.0,574.0999755859375,573.7999877929688,574.0999755859375,574.0999755859375,28867
2023-11-06 13:37:00+05:30,574.0999755859375,574.2000122070312,574.0,574.0499877929688,574.0499877929688,8655
2023-11-06 13:38:00+05:30,574.1500244140625,574.2999877929688,574.0499877929688,574.25,574.25,10827
2023-11-06 13:39:00+05:30,574.0999755859375,574.4000244140625,574.0999755859375,574.2000122070312,574.2000122070312,9118
2023-11-06 13:40:00+05:30,574.2000122070312,574.3499755859375,574.0999755859375,574.1500244140625,574.1500244140625,9748
2023-11-06 13:41:00+05:30,574.0999755859375,574.25,574.0499877929688,574.1500244140625,574.1500244140625,9943
2023-11-06 13:42:00+05:30,574.1500244140625,574.2999877929688,574.0999755859375,574.25,574.25,9458
2023-11-06 13:43:00+05:30,574.25,574.4000244140625,574.1500244140625,574.2999877929688,574.2999877929688,14629
2023-11-06 13:44:00+05:30,574.2999877929688,574.4000244140625,574.1500244140625,574.3499755859375,574.3499755859375,10725
2023-11-06 13:45:00+05:30,574.2999877929688,574.5,574.2000122070312,574.2999877929688,574.2999877929688,14032
2023-11-06 13:46:00+05:30,574.25,574.4500122070312,574.25,574.25,574.25,18696
2023-11-06 13:47:00+05:30,574.4000244140625,574.4000244140625,574.4000244140625,574.4000244140625,574.4000244140625,19914
2023-11-06 13:48:00+05:30,574.3499755859375,574.5,574.3499755859375,574.4000244140625,574.4000244140625,13273
2023-11-06 13:49:00+05:30,574.4000244140625,574.4000244140625,574.25,574.25,574.25,22832
2023-11-06 13:50:00+05:30,574.25,574.4000244140625,574.25,574.2999877929688,574.2999877929688,10939
2023-11-06 13:51:00+05:30,574.25,574.3499755859375,574.25,574.25,574.25,9951
2023-11-06 13:52:00+05:30,574.25,574.4000244140625,574.25,574.2999877929688,574.2999877929688,10654
2023-11-06 13:53:00+05:30,574.25,574.4000244140625,574.25,574.25,574.25,13689
2023-11-06 13:54:00+05:30,574.25,574.7999877929688,574.25,574.7999877929688,574.7999877929688,40383
2023-11-06 13:55:00+05:30,574.7999877929688,574.7999877929688,574.75,574.7999877929688,574.7999877929688,18985
2023-11-06 13:56:00+05:30,574.8499755859375,575.0499877929688,574.75,575.0,575.0,82287
2023-11-06 13:57:00+05:30,575.0,575.0499877929688,574.7999877929688,574.8499755859375,574.8499755859375,20771
2023-11-06 13:58:00+05:30,574.7999877929688,575.0499877929688,574.7999877929688,574.8499755859375,574.8499755859375,15981
2023-11-06 13:59:00+05:30,575.0,575.0999755859375,574.9000244140625,575.0499877929688,575.0499877929688,23145
2023-11-06 14:00:00+05:30,575.0,575.2000122070312,575.0,575.0499877929688,575.0499877929688,14989
2023-11-06 14:01:00+05:30,575.0,575.2000122070312,574.8499755859375,574.9000244140625,574.9000244140625,18810
2023-11-06 14:02:00+05:30,574.8499755859375,575.1500244140625,574.7999877929688,575.1500244140625,575.1500244140625,18074
2023-11-06 14:03:00+05:30,575.0499877929688,575.2000122070312,574.7999877929688,574.8499755859375,574.8499755859375,11801
2023-11-06 14:04:00+05:30,574.7999877929688,575.75,574.7999877929688,575.3499755859375,575.3499755859375,135039
2023-11-06 14:05:00+05:30,575.25,575.2999877929688,574.9500122070312,574.9500122070312,574.9500122070312,19890
2023-11-06 14:06:00+05:30,575.2000122070312,575.2000122070312,574.9000244140625,574.9000244140625,574.9000244140625,40022
2023-11-06 14:07:00+05:30,575.0,575.0,574.75,574.9500122070312,574.9500122070312,15712
2023-11-06 14:08:00+05:30,574.75,574.9500122070312,574.75,574.9000244140625,574.9000244140625,12955
2023-11-06 14:09:00+05:30,574.75,575.0,574.75,574.8499755859375,574.8499755859375,13877
2023-11-06 14:10:00+05:30,574.8499755859375,574.8499755859375,574.75,574.7999877929688,574.7999877929688,9704
2023-11-06 14:11:00+05:30,574.75,574.9000244140625,574.75,574.8499755859375,574.8499755859375,10163
2023-11-06 14:12:00+05:30,574.75,575.0499877929688,574.75,575.0499877929688,575.0499877929688,35211
2023-11-06 14:13:00+05:30,575.0499877929688,575.0499877929688,575.0,575.0499877929688,575.0499877929688,23996
2023-11-06 14:14:00+05:30,575.0499877929688,575.3499755859375,575.0,575.2000122070312,575.2000122070312,49304
2023-11-06 14:15:00+05:30,575.0499877929688,575.3499755859375,575.0,575.0999755859375,575.0999755859375,25199
2023-11-06 14:16:00+05:30,575.0,575.0999755859375,575.0,575.0499877929688,575.0499877929688,22739
2023-11-06 14:17:00+05:30,574.9500122070312,575.0,574.9500122070312,575.0,575.0,15150
2023-11-06 14:18:00+05:30,575.0,575.0499877929688,574.9000244140625,575.0,575.0,17196
2023-11-06 14:19:00+05:30,575.0,575.2999877929688,575.0,575.1500244140625,575.1500244140625,39376
2023-11-06 14:20:00+05:30,575.1500244140625,575.25,575.0499877929688,575.0999755859375,575.0999755859375,22594
2023-11-06 14:21:00+05:30,575.0499877929688,575.5499877929688,575.0499877929688,575.5,575.5,53484
2023-11-06 14:22:00+05:30,575.5,576.0499877929688,575.0999755859375,575.2999877929688,575.2999877929688,206985
2023-11-06 14:23:00+05:30,575.2999877929688,575.4000244140625,575.0999755859375,575.2000122070312,575.2000122070312,18498
2023-11-06 14:24:00+05:30,575.2000122070312,575.2999877929688,575.0499877929688,575.0499877929688,575.0499877929688,26479
2023-11-06 14:25:00+05:30,575.0499877929688,575.2000122070312,574.75,574.8499755859375,574.8499755859375,59481
2023-11-06 14:26:00+05:30,574.7999877929688,575.0,574.75,574.9500122070312,574.9500122070312,44762
2023-11-06 14:27:00+05:30,574.9000244140625,575.0,574.75,574.7999877929688,574.7999877929688,52630
2023-11-06 14:28:00+05:30,574.7999877929688,574.8499755859375,574.7000122070312,574.7000122070312,574.7000122070312,44438
2023-11-06 14:29:00+05:30,574.6500244140625,574.7999877929688,574.4000244140625,574.7999877929688,574.7999877929688,54674
2023-11-06 14:30:00+05:30,574.75,574.7999877929688,574.6500244140625,574.6500244140625,574.6500244140625,9362
2023-11-06 14:31:00+05:30,574.6500244140625,574.8499755859375,574.5499877929688,574.6500244140625,574.6500244140625,14851
2023-11-06 14:32:00+05:30,574.5999755859375,575.0999755859375,574.5999755859375,575.0499877929688,575.0499877929688,36136
2023-11-06 14:33:00+05:30,575.0999755859375,575.2999877929688,575.0499877929688,575.2000122070312,575.2000122070312,75773
2023-11-06 14:34:00+05:30,575.2000122070312,575.7000122070312,575.2000122070312,575.6500244140625,575.6500244140625,104935
2023-11-06 14:35:00+05:30,575.5999755859375,575.7000122070312,575.5499877929688,575.6500244140625,575.6500244140625,64820
2023-11-06 14:36:00+05:30,575.5999755859375,575.7999877929688,575.2999877929688,575.2999877929688,575.2999877929688,46231
2023-11-06 14:37:00+05:30,575.2000122070312,575.4000244140625,575.0999755859375,575.0999755859375,575.0999755859375,21026
2023-11-06 14:38:00+05:30,575.0999755859375,575.4000244140625,575.0,575.0499877929688,575.0499877929688,18059
2023-11-06 14:39:00+05:30,575.0,575.2999877929688,575.0,575.0999755859375,575.0999755859375,11701
2023-11-06 14:40:00+05:30,575.0999755859375,575.2999877929688,575.0,575.0499877929688,575.0499877929688,14930
2023-11-06 14:41:00+05:30,575.0999755859375,575.25,575.0,575.2000122070312,575.2000122070312,20778
2023-11-06 14:42:00+05:30,575.0999755859375,575.8499755859375,575.0499877929688,575.25,575.25,186669
2023-11-06 14:43:00+05:30,575.1500244140625,575.5499877929688,575.1500244140625,575.3499755859375,575.3499755859375,28224
2023-11-06 14:44:00+05:30,575.4000244140625,575.5999755859375,575.1500244140625,575.1500244140625,575.1500244140625,23298
2023-11-06 14:45:00+05:30,575.1500244140625,575.25,574.8499755859375,575.0499877929688,575.0499877929688,26907
2023-11-06 14:46:00+05:30,575.0499877929688,575.0999755859375,574.7999877929688,574.8499755859375,574.8499755859375,16981
2023-11-06 14:47:00+05:30,574.7999877929688,575.0,574.4500122070312,574.5499877929688,574.5499877929688,36458
2023-11-06 14:48:00+05:30,574.5,574.75,574.4500122070312,574.4500122070312,574.4500122070312,21497
2023-11-06 14:49:00+05:30,574.2999877929688,574.6500244140625,574.25,574.25,574.25,31125
2023-11-06 14:50:00+05:30,574.2999877929688,574.4500122070312,574.1500244140625,574.25,574.25,42593
2023-11-06 14:51:00+05:30,574.25,574.7000122070312,574.2000122070312,574.7000122070312,574.7000122070312,39337
2023-11-06 14:52:00+05:30,574.7000122070312,574.7999877929688,574.5,574.5999755859375,574.5999755859375,27067
2023-11-06 14:53:00+05:30,574.5499877929688,574.9500122070312,574.5,574.5999755859375,574.5999755859375,50085
2023-11-06 14:54:00+05:30,574.5,574.6500244140625,574.4000244140625,574.5,574.5,21812
2023-11-06 14:55:00+05:30,574.5,574.6500244140625,574.2999877929688,574.6500244140625,574.6500244140625,36858
2023-11-06 14:56:00+05:30,574.6500244140625,574.9000244140625,574.5999755859375,574.75,574.75,33599
2023-11-06 14:57:00+05:30,574.8499755859375,575.25,574.75,574.9500122070312,574.9500122070312,80736
2023-11-06 14:58:00+05:30,575.0,575.0,574.8499755859375,574.9000244140625,574.9000244140625,18211
2023-11-06 14:59:00+05:30,574.8499755859375,575.5499877929688,574.75,575.0999755859375,575.0999755859375,116706
2023-11-06 15:00:00+05:30,575.0999755859375,575.4000244140625,574.75,574.7999877929688,574.7999877929688,47871
2023-11-06 15:01:00+05:30,574.75,575.1500244140625,574.75,574.75,574.75,26257
2023-11-06 15:02:00+05:30,574.7999877929688,574.9000244140625,574.7000122070312,574.7000122070312,574.7000122070312,28495
2023-11-06 15:03:00+05:30,574.9500122070312,575.0,574.5499877929688,574.9000244140625,574.9000244140625,40314
2023-11-06 15:04:00+05:30,574.75,574.9500122070312,574.6500244140625,574.7000122070312,574.7000122070312,36920
2023-11-06 15:05:00+05:30,574.9000244140625,575.0999755859375,574.7000122070312,574.7000122070312,574.7000122070312,68969
2023-11-06 15:06:00+05:30,574.6500244140625,574.7999877929688,574.5,574.5499877929688,574.5499877929688,56407
2023-11-06 15:07:00+05:30,574.5499877929688,574.6500244140625,574.2999877929688,574.3499755859375,574.3499755859375,54815
2023-11-06 15:08:00+05:30,574.3499755859375,574.5,574.25,574.25,574.25,61383
2023-11-06 15:09:00+05:30,574.5,574.8499755859375,574.25,574.8499755859375,574.8499755859375,103417
2023-11-06 15:10:00+05:30,574.75,574.8499755859375,574.2999877929688,574.7000122070312,574.7000122070312,88644
2023-11-06 15:11:00+05:30,574.7000122070312,574.7000122070312,574.2000122070312,574.2999877929688,574.2999877929688,74000
2023-11-06 15:12:00+05:30,574.4500122070312,575.0,574.0,575.0,575.0,167693
2023-11-06 15:13:00+05:30,575.0999755859375,575.0999755859375,574.5499877929688,574.5499877929688,574.5499877929688,83145
2023-11-06 15:14:00+05:30,574.6500244140625,574.8499755859375,574.4500122070312,574.4500122070312,574.4500122070312,69501
2023-11-06 15:15:00+05:30,574.4500122070312,574.5999755859375,574.1500244140625,574.1500244140625,574.1500244140625,108047
2023-11-06 15:16:00+05:30,574.25,574.3499755859375,574.0999755859375,574.0999755859375,574.0999755859375,85381
2023-11-06 15:17:00+05:30,574.2000122070312,574.2000122070312,574.0,574.0499877929688,574.0499877929688,81520
2023-11-06 15:18:00+05:30,574.0499877929688,575.0499877929688,573.7999877929688,574.4500122070312,574.4500122070312,223548
2023-11-06 15:19:00+05:30,574.3499755859375,574.4000244140625,574.0,574.0999755859375,574.0999755859375,89454
2023-11-06 15:20:00+05:30,574.1500244140625,574.5,573.9500122070312,574.0999755859375,574.0999755859375,182743
2023-11-06 15:21:00+05:30,574.0,574.1500244140625,573.9000244140625,574.0499877929688,574.0499877929688,67718
2023-11-06 15:22:00+05:30,574.0,574.0499877929688,573.8499755859375,573.9500122070312,573.9500122070312,58771
2023-11-06 15:23:00+05:30,573.9500122070312,574.75,573.7999877929688,574.5499877929688,574.5499877929688,154176
2023-11-06 15:24:00+05:30,574.5999755859375,574.75,573.9500122070312,574.2000122070312,574.2000122070312,75937
2023-11-06 15:25:00+05:30,574.3499755859375,574.3499755859375,574.0499877929688,574.0999755859375,574.0999755859375,46284
2023-11-06 15:26:00+05:30,574.0999755859375,574.0999755859375,573.9500122070312,574.0,574.0,55337
2023-11-06 15:27:00+05:30,574.0,574.5,574.0,574.0999755859375,574.0999755859375,64408
2023-11-06 15:28:00+05:30,574.0499877929688,574.1500244140625,574.0,574.0999755859375,574.0999755859375,38612
2023-11-06 15:29:00+05:30,574.0999755859375,574.0999755859375,573.9500122070312,574.0499877929688,574.0499877929688,46340
2023-11-07 09:15:00+05:30,574.5999755859375,575.0999755859375,573.2000122070312,573.2999877929688,573.2999877929688,164251
2023-11-07 09:16:00+05:30,573.5,574.0,573.25,573.5499877929688,573.5499877929688,128555
2023-11-07 09:17:00+05:30,573.6500244140625,574.0,573.2999877929688,574.0,574.0,37753
2023-11-07 09:18:00+05:30,574.0,574.4500122070312,573.7999877929688,574.25,574.25,35347
2023-11-07 09:19:00+05:30,574.25,574.6500244140625,574.25,574.5,574.5,56546
2023-11-07 09:20:00+05:30,574.5,574.5,573.5,573.9000244140625,573.9000244140625,50173
2023-11-07 09:21:00+05:30,573.9000244140625,574.5,573.7000122070312,574.4000244140625,574.4000244140625,35663
2023-11-07 09:22:00+05:30,574.4500122070312,574.5,574.0999755859375,574.5,574.5,31987
2023-11-07 09:23:00+05:30,574.4500122070312,574.75,574.3499755859375,574.75,574.75,31689
2023-11-07 09:24:00+05:30,574.5999755859375,574.75,574.5499877929688,574.7000122070312,574.7000122070312,40381
2023-11-07 09:26:00+05:30,574.75,575.0499877929688,574.75,575.0499877929688,575.0499877929688,106269
2023-11-07 09:27:00+05:30,574.9500122070312,575.3499755859375,574.9500122070312,575.2999877929688,575.2999877929688,49505
2023-11-07 09:28:00+05:30,575.2999877929688,575.3499755859375,575.0,575.2000122070312,575.2000122070312,50695
2023-11-07 09:29:00+05:30,575.1500244140625,575.2999877929688,575.0999755859375,575.1500244140625,575.1500244140625,28356
2023-11-07 09:30:00+05:30,575.0999755859375,575.5,575.0,575.2999877929688,575.2999877929688,36754
2023-11-07 09:31:00+05:30,575.2000122070312,575.7999877929688,575.0499877929688,575.6500244140625,575.6500244140625,45341
2023-11-07 09:32:00+05:30,575.5999755859375,575.9500122070312,575.5499877929688,575.75,575.75,62359
2023-11-07 09:33:00+05:30,575.7999877929688,575.7999877929688,575.2999877929688,575.7000122070312,575.7000122070312,28390
2023-11-07 09:34:00+05:30,575.7000122070312,575.75,575.4500122070312,575.5999755859375,575.5999755859375,36753
2023-11-07 09:35:00+05:30,575.6500244140625,575.75,575.25,575.6500244140625,575.6500244140625,54688
2023-11-07 09:36:00+05:30,575.6500244140625,575.6500244140625,575.25,575.5,575.5,36394
2023-11-07 09:37:00+05:30,575.5,575.6500244140625,575.25,575.25,575.25,29838
2023-11-07 09:38:00+05:30,575.2999877929688,575.4500122070312,575.1500244140625,575.4000244140625,575.4000244140625,21938
2023-11-07 09:39:00+05:30,575.4000244140625,575.4000244140625,575.0,575.0499877929688,575.0499877929688,50369
2023-11-07 09:40:00+05:30,575.0,575.5499877929688,575.0,575.25,575.25,60513
2023-11-07 09:41:00+05:30,575.3499755859375,575.4000244140625,575.0499877929688,575.0499877929688,575.0499877929688,36862
2023-11-07 09:42:00+05:30,575.1500244140625,575.2000122070312,575.0,575.0,575.0,27329
2023-11-07 09:43:00+05:30,575.0,575.5999755859375,574.9500122070312,575.1500244140625,575.1500244140625,30880
2023-11-07 09:44:00+05:30,575.2000122070312,575.5499877929688,575.0,575.5499877929688,575.5499877929688,22867
2023-11-07 09:45:00+05:30,575.3499755859375,575.7999877929688,575.2999877929688,575.7000122070312,575.7000122070312,34849
2023-11-07 09:46:00+05:30,575.5999755859375,575.6500244140625,575.25,575.5,575.5,22849
2023-11-07 09:47:00+05:30,575.3499755859375,575.5999755859375,575.2999877929688,575.5,575.5,21004
2023-11-07 09:48:00+05:30,575.4500122070312,575.5,575.0499877929688,575.25,575.25,15673
2023-11-07 09:49:00+05:30,575.2000122070312,575.3499755859375,575.0499877929688,575.1500244140625,575.1500244140625,15640
2023-11-07 09:50:00+05:30,575.3499755859375,575.7999877929688,575.2999877929688,575.75,575.75,80535
2023-11-07 09:51:00+05:30,575.7000122070312,575.7999877929688,575.5499877929688,575.7999877929688,575.7999877929688,30070
2023-11-07 09:52:00+05:30,575.75,576.9000244140625,575.75,576.75,576.75,92912
2023-11-07 09:53:00+05:30,576.8499755859375,576.9500122070312,576.7000122070312,576.9000244140625,576.9000244140625,80718
2023-11-07 09:54:00+05:30,576.9000244140625,577.4000244140625,576.7999877929688,577.3499755859375,577.3499755859375,37840
2023-11-07 09:55:00+05:30,577.4500122070312,577.4500122070312,577.0,577.25,577.25,80536
2023-11-07 09:56:00+05:30,577.1500244140625,577.4000244140625,577.0,577.1500244140625,577.1500244140625,46285
2023-11-07 09:57:00+05:30,577.0999755859375,577.0999755859375,576.75,576.8499755859375,576.8499755859375,24386
2023-11-07 09:58:00+05:30,576.8499755859375,576.9500122070312,576.5999755859375,576.7000122070312,576.7000122070312,22185
2023-11-07 09:59:00+05:30,576.75,576.9500122070312,576.4000244140625,576.75,576.75,31072
2023-11-07 10:00:00+05:30,577.0,577.4500122070312,576.5999755859375,577.3499755859375,577.3499755859375,44550
2023-11-07 10:01:00+05:30,577.2999877929688,577.7000122070312,577.2999877929688,577.2999877929688,577.2999877929688,50337
2023-11-07 10:02:00+05:30,577.2999877929688,577.4000244140625,576.4500122070312,576.5,576.5,95115
2023-11-07 10:03:00+05:30,576.4500122070312,576.75,575.9500122070312,576.2000122070312,576.2000122070312,92077
2023-11-07 10:04:00+05:30,576.0,576.25,575.7000122070312,575.7000122070312,575.7000122070312,55673
2023-11-07 10:05:00+05:30,575.7000122070312,576.0,575.5999755859375,575.75,575.75,34840
2023-11-07 10:06:00+05:30,575.75,576.0999755859375,575.5999755859375,576.0999755859375,576.0999755859375,43456
2023-11-07 10:07:00+05:30,576.0,576.5,575.9000244140625,576.4500122070312,576.4500122070312,41583
2023-11-07 10:08:00+05:30,576.2999877929688,577.0,576.2999877929688,577.0,577.0,108626
2023-11-07 10:09:00+05:30,577.0,577.3499755859375,576.8499755859375,577.2999877929688,577.2999877929688,72755
2023-11-07 10:10:00+05:30,577.2000122070312,577.2999877929688,576.9000244140625,577.0499877929688,577.0499877929688,26109
2023-11-07 10:11:00+05:30,577.2000122070312,577.2999877929688,576.9000244140625,577.0499877929688,577.0499877929688,43902
2023-11-07 10:12:00+05:30,577.2999877929688,577.3499755859375,577.0,577.2000122070312,577.2000122070312,30213
2023-11-07 10:13:00+05:30,577.1500244140625,577.5,577.0,577.25,577.25,56314
2023-11-07 10:14:00+05:30,577.0999755859375,577.5,577.0,577.4500122070312,577.4500122070312,24356
2023-11-07 10:15:00+05:30,577.5,577.5499877929688,577.25,577.5,577.5,50156
2023-11-07 10:16:00+05:30,577.5,577.8499755859375,577.4000244140625,577.75,577.75,105858
2023-11-07 10:17:00+05:30,577.6500244140625,578.0999755859375,577.25,577.4000244140625,577.4000244140625,111182
2023-11-07 10:18:00+05:30,577.0499877929688,577.5499877929688,577.0499877929688,577.3499755859375,577.3499755859375,66459
2023-11-07 10:19:00+05:30,577.3499755859375,577.5,577.0499877929688,577.2999877929688,577.2999877929688,75809
2023-11-07 10:20:00+05:30,577.3499755859375,577.6500244140625,577.1500244140625,577.6500244140625,577.6500244140625,53602
2023-11-07 10:21:00+05:30,577.5999755859375,577.5999755859375,576.9500122070312,577.0,577.0,39854
2023-11-07 10:22:00+05:30,577.0,577.0499877929688,576.7999877929688,576.7999877929688,576.7999877929688,25962
2023-11-07 10:23:00+05:30,576.9500122070312,577.0,576.7999877929688,576.8499755859375,576.8499755859375,27926
2023-11-07 10:24:00+05:30,576.8499755859375,577.0499877929688,576.7000122070312,576.7000122070312,576.7000122070312,14688
2023-11-07 10:25:00+05:30,576.75,577.7000122070312,576.6500244140625,577.4000244140625,577.4000244140625,219296
2023-11-07 10:26:00+05:30,577.4000244140625,577.8499755859375,577.2000122070312,577.7000122070312,577.7000122070312,147538
2023-11-07 10:27:00+05:30,577.7000122070312,577.9000244140625,577.2000122070312,577.4500122070312,577.4500122070312,42738
2023-11-07 10:28:00+05:30,577.3499755859375,577.5499877929688,577.0999755859375,577.5,577.5,209546
2023-11-07 10:29:00+05:30,577.6500244140625,577.7999877929688,577.25,577.5999755859375,577.5999755859375,167790
2023-11-07 10:30:00+05:30,577.5499877929688,577.7000122070312,577.3499755859375,577.5499877929688,577.5499877929688,47152
2023-11-07 10:31:00+05:30,577.6500244140625,577.6500244140625,577.4000244140625,577.5499877929688,577.5499877929688,43893
2023-11-07 10:32:00+05:30,577.5499877929688,577.5999755859375,576.9000244140625,577.0,577.0,34094
2023-11-07 10:33:00+05:30,576.9000244140625,577.0,576.8499755859375,576.9000244140625,576.9000244140625,15889
2023-11-07 10:34:00+05:30,576.8499755859375,577.0499877929688,576.7999877929688,576.9000244140625,576.9000244140625,22823
2023-11-07 10:35:00+05:30,576.9000244140625,577.0499877929688,576.8499755859375,577.0,577.0,35514
2023-11-07 10:36:00+05:30,577.0,577.1500244140625,576.7000122070312,576.7000122070312,576.7000122070312,41189
2023-11-07 10:37:00+05:30,576.7999877929688,577.0499877929688,576.7999877929688,577.0,577.0,24136
2023-11-07 10:38:00+05:30,576.9500122070312,577.3499755859375,576.9500122070312,577.0,577.0,58812
2023-11-07 10:39:00+05:30,576.9500122070312,577.0,576.7999877929688,576.7999877929688,576.7999877929688,11597
2023-11-07 10:40:00+05:30,576.9000244140625,576.9000244140625,576.75,576.75,576.75,78131
2023-11-07 10:41:00+05:30,576.75,576.7999877929688,576.75,576.7999877929688,576.7999877929688,14126
2023-11-07 10:42:00+05:30,576.75,576.7999877929688,576.5,576.5,576.5,33912
2023-11-07 10:43:00+05:30,576.5499877929688,576.5499877929688,576.2000122070312,576.3499755859375,576.3499755859375,23034
2023-11-07 10:44:00+05:30,576.2999877929688,576.6500244140625,576.2000122070312,576.5999755859375,576.5999755859375,16701
2023-11-07 10:45:00+05:30,576.5999755859375,576.7000122070312,576.5,576.6500244140625,576.6500244140625,49901
2023-11-07 10:46:00+05:30,576.5999755859375,576.7000122070312,576.5999755859375,576.7000122070312,576.7000122070312,19988
2023-11-07 10:47:00+05:30,576.5999755859375,576.75,576.5999755859375,576.7000122070312,576.7000122070312,7995
2023-11-07 10:48:00+05:30,576.6500244140625,576.7999877929688,576.6500244140625,576.7000122070312,576.7000122070312,48243
2023-11-07 10:49:00+05:30,576.7000122070312,576.9000244140625,576.6500244140625,576.6500244140625,576.6500244140625,64246
2023-11-07 10:50:00+05:30,576.6500244140625,576.7000122070312,576.25,576.3499755859375,576.3499755859375,67169
2023-11-07 10:51:00+05:30,576.2999877929688,576.2999877929688,576.0499877929688,576.2000122070312,576.2000122070312,45276
2023-11-07 10:52:00+05:30,576.2000122070312,576.3499755859375,576.2000122070312,576.3499755859375,576.3499755859375,22765
2023-11-07 10:53:00+05:30,576.2999877929688,576.5,576.2999877929688,576.2999877929688,576.2999877929688,23439
2023-11-07 10:54:00+05:30,576.4000244140625,576.5,576.2999877929688,576.4500122070312,576.4500122070312,19128
2023-11-07 10:55:00+05:30,576.4000244140625,576.6500244140625,576.4000244140625,576.5,576.5,33553
2023-11-07 10:56:00+05:30,576.5,576.7000122070312,576.5,576.5999755859375,576.5999755859375,17554
2023-11-07 10:57:00+05:30,576.6500244140625,576.8499755859375,576.5999755859375,576.5999755859375,576.5999755859375,32527
2023-11-07 10:58:00+05:30,576.7000122070312,576.8499755859375,576.5999755859375,576.7000122070312,576.7000122070312,26096
2023-11-07 10:59:00+05:30,576.7999877929688,576.9000244140625,576.5999755859375,576.7000122070312,576.7000122070312,53184
2023-11-07 11:00:00+05:30,576.75,576.75,576.5,576.5,576.5,12214
2023-11-07 11:01:00+05:30,576.5,576.6500244140625,576.5,576.5999755859375,576.5999755859375,21300
2023-11-07 11:02:00+05:30,576.5,576.5999755859375,576.4000244140625,576.5999755859375,576.5999755859375,17053
2023-11-07 11:03:00+05:30,576.4500122070312,576.5,576.2999877929688,576.4000244140625,576.4000244140625,19072
2023-11-07 11:04:00+05:30,576.4000244140625,576.4000244140625,576.1500244140625,576.25,576.25,16173
2023-11-07 11:05:00+05:30,576.25,576.5,576.0999755859375,576.4500122070312,576.4500122070312,41294
2023-11-07 11:06:00+05:30,576.4500122070312,576.4500122070312,576.0999755859375,576.2000122070312,576.2000122070312,9207
2023-11-07 11:07:00+05:30,576.2000122070312,576.5499877929688,576.0999755859375,576.1500244140625,576.1500244140625,22428
2023-11-07 11:08:00+05:30,576.2000122070312,576.3499755859375,576.0999755859375,576.0999755859375,576.0999755859375,329163
2023-11-07 11:09:00+05:30,576.1500244140625,576.9000244140625,576.1500244140625,576.7999877929688,576.7999877929688,116885
2023-11-07 11:10:00+05:30,576.75,577.0,576.75,576.9500122070312,576.9500122070312,13464
2023-11-07 11:11:00+05:30,577.0,577.0,576.9500122070312,577.0,577.0,30213
2023-11-07 11:12:00+05:30,577.0499877929688,577.25,577.0,577.0,577.0,34535
2023-11-07 11:13:00+05:30,577.0,577.0,576.75,576.75,576.75,64517
2023-11-07 11:14:00+05:30,576.7999877929688,576.8499755859375,576.75,576.75,576.75,30240
2023-11-07 11:15:00+05:30,576.75,576.7999877929688,576.5499877929688,576.5499877929688,576.5499877929688,36765
2023-11-07 11:16:00+05:30,576.5999755859375,576.5999755859375,576.3499755859375,576.5,576.5,16940
2023-11-07 11:17:00+05:30,576.5999755859375,577.0499877929688,576.5999755859375,577.0499877929688,577.0499877929688,49415
2023-11-07 11:18:00+05:30,577.0,577.25,577.0,577.25,577.25,11159
2023-11-07 11:19:00+05:30,577.2000122070312,577.25,577.2000122070312,577.25,577.25,6165
2023-11-07 11:20:00+05:30,577.25,577.25,577.0999755859375,577.1500244140625,577.1500244140625,19823
2023-11-07 11:21:00+05:30,577.1500244140625,577.2999877929688,577.1500244140625,577.2999877929688,577.2999877929688,8532
2023-11-07 11:22:00+05:30,577.25,577.2999877929688,577.0499877929688,577.0999755859375,577.0999755859375,5696
2023-11-07 11:23:00+05:30,577.0999755859375,577.2000122070312,577.0499877929688,577.1500244140625,577.1500244140625,12977
2023-11-07 11:24:00+05:30,577.2000122070312,577.2000122070312,577.0499877929688,577.2000122070312,577.2000122070312,15081
2023-11-07 11:25:00+05:30,577.2000122070312,577.2000122070312,577.0499877929688,577.0499877929688,577.0499877929688,13172
2023-11-07 11:26:00+05:30,577.0999755859375,577.0999755859375,577.0499877929688,577.0499877929688,577.0499877929688,5668
2023-11-07 11:27:00+05:30,577.0499877929688,577.2999877929688,577.0499877929688,577.1500244140625,577.1500244140625,15407
2023-11-07 11:28:00+05:30,577.2000122070312,577.4500122070312,577.1500244140625,577.4000244140625,577.4000244140625,10035
2023-11-07 11:29:00+05:30,577.4500122070312,577.75,577.4000244140625,577.5499877929688,577.5499877929688,122547
2023-11-07 11:30:00+05:30,577.7000122070312,577.8499755859375,577.3499755859375,577.3499755859375,577.3499755859375,40890
2023-11-07 11:31:00+05:30,577.4500122070312,577.4500122070312,577.25,577.2999877929688,577.2999877929688,8713
2023-11-07 11:32:00+05:30,577.3499755859375,577.5499877929688,577.25,577.5,577.5,9365
2023-11-07 11:33:00+05:30,577.5499877929688,577.5499877929688,577.2999877929688,577.2999877929688,577.2999877929688,6980
2023-11-07 11:34:00+05:30,577.2999877929688,577.4500122070312,577.2999877929688,577.3499755859375,577.3499755859375,7898
2023-11-07 11:35:00+05:30,577.4500122070312,577.5999755859375,577.3499755859375,577.5499877929688,577.5499877929688,19080
2023-11-07 11:36:00+05:30,577.5499877929688,577.5999755859375,577.5499877929688,577.5999755859375,577.5999755859375,6618
2023-11-07 11:37:00+05:30,577.5999755859375,577.7000122070312,577.5,577.5,577.5,13776
2023-11-07 11:38:00+05:30,577.7000122070312,577.9000244140625,577.5,577.75,577.75,65372
2023-11-07 11:39:00+05:30,577.75,577.7999877929688,577.2000122070312,577.2000122070312,577.2000122070312,25634
2023-11-07 11:40:00+05:30,577.2000122070312,577.4000244140625,577.1500244140625,577.25,577.25,67123
2023-11-07 11:41:00+05:30,577.2999877929688,577.2999877929688,576.4000244140625,576.4500122070312,576.4500122070312,79299
2023-11-07 11:42:00+05:30,576.4500122070312,576.4500122070312,576.0,576.2000122070312,576.2000122070312,111558
2023-11-07 11:43:00+05:30,576.0,576.3499755859375,575.8499755859375,575.9000244140625,575.9000244140625,126836
2023-11-07 11:44:00+05:30,575.9000244140625,576.1500244140625,575.5999755859375,575.5999755859375,575.5999755859375,81150
2023-11-07 11:45:00+05:30,575.7000122070312,575.7000122070312,575.0499877929688,575.1500244140625,575.1500244140625,66776
2023-11-07 11:46:00+05:30,575.0999755859375,575.6500244140625,575.0999755859375,575.25,575.25,23436
2023-11-07 11:47:00+05:30,575.25,575.4000244140625,575.25,575.4000244140625,575.4000244140625,3733
2023-11-07 11:48:00+05:30,575.4000244140625,575.5,575.2999877929688,575.5,575.5,91250
2023-11-07 11:49:00+05:30,575.5,575.5999755859375,575.4000244140625,575.5999755859375,575.5999755859375,43337
2023-11-07 11:50:00+05:30,575.5999755859375,576.0,575.5499877929688,576.0,576.0,90884
2023-11-07 11:51:00+05:30,576.0,576.0,575.5,575.5999755859375,575.5999755859375,33420
2023-11-07 11:52:00+05:30,575.5499877929688,575.6500244140625,575.0999755859375,575.5499877929688,575.5499877929688,84101
2023-11-07 11:53:00+05:30,575.5499877929688,575.5499877929688,575.2000122070312,575.2999877929688,575.2999877929688,32106
2023-11-07 11:54:00+05:30,575.4500122070312,575.4500122070312,574.9000244140625,575.0499877929688,575.0499877929688,73661
2023-11-07 11:55:00+05:30,574.9500122070312,576.0999755859375,574.9500122070312,575.9500122070312,575.9500122070312,122634
2023-11-07 11:56:00+05:30,576.0499877929688,576.25,575.9000244140625,576.0999755859375,576.0999755859375,22649
2023-11-07 11:57:00+05:30,575.9500122070312,576.0499877929688,575.7999877929688,575.9000244140625,575.9000244140625,10038
2023-11-07 11:58:00+05:30,575.8499755859375,576.0999755859375,575.75,576.0499877929688,576.0499877929688,34628
2023-11-07 11:59:00+05:30,576.0499877929688,576.4500122070312,575.9000244140625,576.3499755859375,576.3499755859375,172248
2023-11-07 12:00:00+05:30,576.5499877929688,576.9000244140625,576.5,576.5,576.5,112546
2023-11-07 12:01:00+05:30,576.5,576.5499877929688,575.8499755859375,576.3499755859375,576.3499755859375,173140
2023-11-07 12:02:00+05:30,576.2000122070312,576.2999877929688,575.75,575.75,575.75,60754
2023-11-07 12:03:00+05:30,575.7999877929688,576.75,575.7999877929688,576.7000122070312,576.7000122070312,63657
2023-11-07 12:04:00+05:30,576.5,576.7000122070312,576.4000244140625,576.5,576.5,99512
2023-11-07 12:05:00+05:30,576.5,576.5999755859375,576.4500122070312,576.5,576.5,52013
2023-11-07 12:06:00+05:30,576.5999755859375,576.5999755859375,576.0,576.2000122070312,576.2000122070312,27932
2023-11-07 12:07:00+05:30,576.0999755859375,576.5999755859375,576.0499877929688,576.4500122070312,576.4500122070312,20972
2023-11-07 12:08:00+05:30,576.5499877929688,576.7000122070312,576.2999877929688,576.3499755859375,576.3499755859375,53401
2023-11-07 12:09:00+05:30,576.4500122070312,576.5999755859375,576.0999755859375,576.1500244140625,576.1500244140625,21960
2023-11-07 12:10:00+05:30,576.25,576.5,576.0999755859375,576.5,576.5,7025
2023-11-07 12:11:00+05:30,576.4000244140625,576.6500244140625,576.2999877929688,576.6500244140625,576.6500244140625,27301
2023-11-07 12:12:00+05:30,576.4500122070312,576.8499755859375,576.2999877929688,576.5999755859375,576.5999755859375,51849
2023-11-07 12:13:00+05:30,576.3499755859375,576.6500244140625,576.3499755859375,576.4500122070312,576.4500122070312,8085
2023-11-07 12:14:00+05:30,576.5,576.6500244140625,576.4000244140625,576.5,576.5,7502
2023-11-07 12:15:00+05:30,576.4500122070312,576.9000244140625,576.4500122070312,576.7000122070312,576.7000122070312,52558
2023-11-07 12:16:00+05:30,576.75,577.0499877929688,576.5,577.0499877929688,577.0499877929688,108041
2023-11-07 12:17:00+05:30,577.0499877929688,577.0499877929688,576.5499877929688,576.5999755859375,576.5999755859375,30449
2023-11-07 12:18:00+05:30,576.5999755859375,576.8499755859375,576.3499755859375,576.5,576.5,23692
2023-11-07 12:19:00+05:30,576.75,576.75,576.5,576.75,576.75,14305
2023-11-07 12:20:00+05:30,576.5,576.9000244140625,576.5,576.75,576.75,28679
2023-11-07 12:21:00+05:30,576.75,576.75,576.4000244140625,576.5,576.5,9686
2023-11-07 12:22:00+05:30,576.5,576.5499877929688,576.0999755859375,576.1500244140625,576.1500244140625,24407
2023-11-07 12:23:00+05:30,576.1500244140625,576.3499755859375,575.7999877929688,575.9500122070312,575.9500122070312,46456
2023-11-07 12:24:00+05:30,575.9000244140625,576.0,575.7000122070312,575.7999877929688,575.7999877929688,10881
2023-11-07 12:25:00+05:30,575.75,575.7999877929688,575.5999755859375,575.75,575.75,9082
2023-11-07 12:26:00+05:30,575.75,575.9000244140625,575.6500244140625,575.9000244140625,575.9000244140625,12315
2023-11-07 12:27:00+05:30,575.7999877929688,575.9000244140625,575.7000122070312,575.8499755859375,575.8499755859375,4974
2023-11-07 12:28:00+05:30,575.9000244140625,575.9000244140625,575.5499877929688,575.5499877929688,575.5499877929688,10894
2023-11-07 12:29:00+05:30,575.6500244140625,575.6500244140625,575.25,575.5999755859375,575.5999755859375,35143
2023-11-07 12:30:00+05:30,575.5999755859375,576.0,575.5999755859375,575.9500122070312,575.9500122070312,10648
2023-11-07 12:31:00+05:30,576.0,576.0,575.25,575.4500122070312,575.4500122070312,25315
2023-11-07 12:32:00+05:30,575.3499755859375,575.7000122070312,575.25,575.5499877929688,575.5499877929688,62892
2023-11-07 12:33:00+05:30,575.5499877929688,575.6500244140625,575.2999877929688,575.2999877929688,575.2999877929688,58200
2023-11-07 12:34:00+05:30,575.2000122070312,575.7000122070312,575.2000122070312,575.5999755859375,575.5999755859375,17206
2023-11-07 12:35:00+05:30,575.4500122070312,576.0,575.3499755859375,575.5999755859375,575.5999755859375,11320
2023-11-07 12:36:00+05:30,575.7999877929688,575.9000244140625,575.4500122070312,575.5999755859375,575.5999755859375,16077
2023-11-07 12:37:00+05:30,575.5499877929688,575.8499755859375,575.4000244140625,575.75,575.75,20872
2023-11-07 12:38:00+05:30,575.75,575.9500122070312,575.4000244140625,575.5999755859375,575.5999755859375,18237
2023-11-07 12:39:00+05:30,575.5999755859375,575.7000122070312,575.4000244140625,575.4000244140625,575.4000244140625,7675
2023-11-07 12:40:00+05:30,575.5,575.7000122070312,575.2999877929688,575.5,575.5,13958
2023-11-07 12:41:00+05:30,575.4000244140625,575.8499755859375,575.2999877929688,575.7999877929688,575.7999877929688,21638
2023-11-07 12:42:00+05:30,575.7999877929688,575.9000244140625,575.4500122070312,575.5999755859375,575.5999755859375,9856
2023-11-07 12:43:00+05:30,575.5999755859375,575.5999755859375,575.2999877929688,575.4500122070312,575.4500122070312,10949
2023-11-07 12:44:00+05:30,575.4500122070312,575.7999877929688,575.2999877929688,575.5999755859375,575.5999755859375,16239
2023-11-07 12:45:00+05:30,575.5999755859375,575.7999877929688,575.5,575.75,575.75,19631
2023-11-07 12:46:00+05:30,575.7000122070312,575.8499755859375,575.2999877929688,575.8499755859375,575.8499755859375,35915
2023-11-07 12:47:00+05:30,575.7000122070312,576.0,575.4000244140625,575.7999877929688,575.7999877929688,52042
2023-11-07 12:48:00+05:30,575.75,576.0,575.5999755859375,575.9500122070312,575.9500122070312,32467
2023-11-07 12:49:00+05:30,575.75,576.0,575.5,575.5999755859375,575.5999755859375,27189
2023-11-07 12:50:00+05:30,575.2999877929688,575.5999755859375,575.2999877929688,575.2999877929688,575.2999877929688,19835
2023-11-07 12:51:00+05:30,575.4000244140625,575.6500244140625,575.2999877929688,575.6500244140625,575.6500244140625,14698
2023-11-07 12:52:00+05:30,575.4500122070312,575.7999877929688,575.4500122070312,575.5999755859375,575.5999755859375,27761
2023-11-07 12:53:00+05:30,575.5,575.5,575.4000244140625,575.4000244140625,575.4000244140625,2766
2023-11-07 12:54:00+05:30,575.5999755859375,575.7000122070312,575.1500244140625,575.5499877929688,575.5499877929688,117569
2023-11-07 12:55:00+05:30,575.5999755859375,575.7000122070312,575.4000244140625,575.4000244140625,575.4000244140625,27847
2023-11-07 12:56:00+05:30,575.2000122070312,575.4000244140625,574.7000122070312,575.0,575.0,234421
2023-11-07 12:57:00+05:30,574.8499755859375,575.0,574.2999877929688,574.5499877929688,574.5499877929688,164688
2023-11-07 12:58:00+05:30,574.8499755859375,575.6500244140625,574.75,575.25,575.25,50847
2023-11-07 12:59:00+05:30,575.1500244140625,575.5,575.0499877929688,575.2999877929688,575.2999877929688,46648
2023-11-07 13:00:00+05:30,575.3499755859375,575.6500244140625,575.2000122070312,575.4000244140625,575.4000244140625,38576
2023-11-07 13:01:00+05:30,575.5999755859375,575.5999755859375,575.25,575.5499877929688,575.5499877929688,22472
2023-11-07 13:02:00+05:30,575.5499877929688,575.5499877929688,575.2000122070312,575.4000244140625,575.4000244140625,18400
2023-11-07 13:03:00+05:30,575.4000244140625,575.4000244140625,575.0499877929688,575.4000244140625,575.4000244140625,31528
2023-11-07 13:04:00+05:30,575.4000244140625,575.5499877929688,575.3499755859375,575.4000244140625,575.4000244140625,11823
2023-11-07 13:05:00+05:30,575.4000244140625,575.4000244140625,575.2000122070312,575.4000244140625,575.4000244140625,7611
2023-11-07 13:06:00+05:30,575.4000244140625,575.5499877929688,575.2000122070312,575.4500122070312,575.4500122070312,7613
2023-11-07 13:07:00+05:30,575.4500122070312,575.6500244140625,575.2999877929688,575.3499755859375,575.3499755859375,23257
2023-11-07 13:08:00+05:30,575.5,575.5,575.25,575.2999877929688,575.2999877929688,4611
2023-11-07 13:09:00+05:30,575.2999877929688,575.7000122070312,575.25,575.7000122070312,575.7000122070312,14781
2023-11-07 13:10:00+05:30,575.5999755859375,575.9000244140625,575.5,575.9000244140625,575.9000244140625,25888
2023-11-07 13:11:00+05:30,575.8499755859375,576.0,575.7999877929688,575.9500122070312,575.9500122070312,9817
2023-11-07 13:12:00+05:30,576.0,576.0999755859375,575.6500244140625,575.9000244140625,575.9000244140625,79062
2023-11-07 13:13:00+05:30,575.9000244140625,575.9500122070312,575.7000122070312,575.8499755859375,575.8499755859375,6837
2023-11-07 13:14:00+05:30,575.8499755859375,576.1500244140625,575.7999877929688,576.1500244140625,576.1500244140625,34735
2023-11-07 13:15:00+05:30,576.0,576.2000122070312,576.0,576.2000122070312,576.2000122070312,10126
2023-11-07 13:16:00+05:30,576.0999755859375,576.25,576.0499877929688,576.2000122070312,576.2000122070312,6682
2023-11-07 13:17:00+05:30,576.0999755859375,576.2000122070312,576.0,576.0499877929688,576.0499877929688,25938
2023-11-07 13:18:00+05:30,576.0499877929688,576.1500244140625,576.0,576.1500244140625,576.1500244140625,8665
2023-11-07 13:19:00+05:30,576.0,576.2999877929688,576.0,576.2999877929688,576.2999877929688,9246
2023-11-07 13:20:00+05:30,576.2999877929688,576.3499755859375,576.0,576.25,576.25,19887
2023-11-07 13:21:00+05:30,576.1500244140625,576.25,576.0,576.25,576.25,22491
2023-11-07 13:22:00+05:30,576.25,576.3499755859375,576.1500244140625,576.2999877929688,576.2999877929688,6482
2023-11-07 13:23:00+05:30,576.25,576.7999877929688,576.0999755859375,576.75,576.75,30869
2023-11-07 13:24:00+05:30,576.75,576.75,576.5,576.5999755859375,576.5999755859375,17360
2023-11-07 13:25:00+05:30,576.5999755859375,576.7000122070312,576.2999877929688,576.5499877929688,576.5499877929688,17528
2023-11-07 13:26:00+05:30,576.5999755859375,576.9000244140625,576.5999755859375,576.75,576.75,14564
2023-11-07 13:27:00+05:30,576.4500122070312,576.6500244140625,576.4000244140625,576.5499877929688,576.5499877929688,23405
2023-11-07 13:28:00+05:30,576.5999755859375,576.6500244140625,576.4500122070312,576.5999755859375,576.5999755859375,8702
2023-11-07 13:29:00+05:30,576.5499877929688,576.7000122070312,576.4500122070312,576.5499877929688,576.5499877929688,11592
2023-11-07 13:30:00+05:30,576.6500244140625,576.7000122070312,576.5499877929688,576.6500244140625,576.6500244140625,23190
2023-11-07 13:31:00+05:30,576.7000122070312,576.9000244140625,576.6500244140625,576.7999877929688,576.7999877929688,30968
2023-11-07 13:32:00+05:30,576.7999877929688,577.0999755859375,576.7000122070312,576.9500122070312,576.9500122070312,71771
2023-11-07 13:33:00+05:30,576.9500122070312,577.1500244140625,576.9000244140625,577.1500244140625,577.1500244140625,27862
2023-11-07 13:34:00+05:30,577.1500244140625,577.4500122070312,577.0499877929688,577.4500122070312,577.4500122070312,42349
2023-11-07 13:35:00+05:30,577.2000122070312,577.5,577.0999755859375,577.2999877929688,577.2999877929688,62989
2023-11-07 13:36:00+05:30,577.25,577.6500244140625,577.0499877929688,577.0999755859375,577.0999755859375,37338
2023-11-07 13:37:00+05:30,577.0999755859375,577.25,576.8499755859375,577.0499877929688,577.0499877929688,26872
2023-11-07 13:38:00+05:30,577.0499877929688,577.2999877929688,576.9000244140625,577.1500244140625,577.1500244140625,15470
2023-11-07 13:39:00+05:30,577.0,577.3499755859375,576.9500122070312,577.25,577.25,15488
2023-11-07 13:40:00+05:30,577.25,577.5,577.0499877929688,577.5,577.5,28939
2023-11-07 13:41:00+05:30,577.5,577.6500244140625,577.3499755859375,577.5499877929688,577.5499877929688,16300
2023-11-07 13:42:00+05:30,577.4000244140625,577.5499877929688,577.1500244140625,577.3499755859375,577.3499755859375,21501
2023-11-07 13:43:00+05:30,577.4000244140625,577.5,577.0999755859375,577.1500244140625,577.1500244140625,18518
2023-11-07 13:44:00+05:30,577.1500244140625,577.4500122070312,577.0,577.1500244140625,577.1500244140625,68271
2023-11-07 13:45:00+05:30,577.0499877929688,577.1500244140625,576.7999877929688,577.0499877929688,577.0499877929688,36731
2023-11-07 13:46:00+05:30,577.0,577.0999755859375,576.7999877929688,576.7999877929688,576.7999877929688,43753
2023-11-07 13:47:00+05:30,576.7999877929688,577.0999755859375,576.7999877929688,577.0499877929688,577.0499877929688,40939
2023-11-07 13:48:00+05:30,577.0999755859375,577.25,577.0,577.2000122070312,577.2000122070312,15815
2023-11-07 13:49:00+05:30,577.2000122070312,577.6500244140625,577.0499877929688,577.6500244140625,577.6500244140625,24296
2023-11-07 13:50:00+05:30,577.6500244140625,577.7000122070312,577.4500122070312,577.5499877929688,577.5499877929688,31184
2023-11-07 13:51:00+05:30,577.5,578.25,577.4500122070312,578.2000122070312,578.2000122070312,108910
2023-11-07 13:52:00+05:30,578.2000122070312,579.0,578.0999755859375,579.0,579.0,168309
2023-11-07 13:53:00+05:30,578.9500122070312,579.5,578.9500122070312,579.2999877929688,579.2999877929688,144401
2023-11-07 13:54:00+05:30,579.2000122070312,579.6500244140625,579.2000122070312,579.6500244140625,579.6500244140625,80750
2023-11-07 13:55:00+05:30,579.5999755859375,579.9000244140625,579.4000244140625,579.4500122070312,579.4500122070312,105378
2023-11-07 13:56:00+05:30,579.5,580.0,579.4000244140625,579.7999877929688,579.7999877929688,121684
2023-11-07 13:57:00+05:30,579.75,579.7999877929688,579.2000122070312,579.2000122070312,579.2000122070312,40903
2023-11-07 13:58:00+05:30,579.2999877929688,579.3499755859375,578.9500122070312,579.2000122070312,579.2000122070312,42745
2023-11-07 13:59:00+05:30,579.25,579.25,578.7000122070312,578.7000122070312,578.7000122070312,26592
2023-11-07 14:00:00+05:30,578.8499755859375,578.9000244140625,578.5,578.7000122070312,578.7000122070312,41322
2023-11-07 14:01:00+05:30,578.7000122070312,579.3499755859375,578.7000122070312,579.3499755859375,579.3499755859375,58928
2023-11-07 14:02:00+05:30,579.1500244140625,579.5,579.0499877929688,579.25,579.25,74127
2023-11-07 14:03:00+05:30,579.2999877929688,579.4000244140625,579.0999755859375,579.2999877929688,579.2999877929688,39543
2023-11-07 14:04:00+05:30,579.2999877929688,579.5999755859375,579.2000122070312,579.5999755859375,579.5999755859375,51146
2023-11-07 14:05:00+05:30,579.5999755859375,579.7000122070312,579.2000122070312,579.6500244140625,579.6500244140625,117281
2023-11-07 14:06:00+05:30,579.6500244140625,579.6500244140625,579.0,579.2000122070312,579.2000122070312,38490
2023-11-07 14:07:00+05:30,579.25,579.5999755859375,579.0499877929688,579.3499755859375,579.3499755859375,46588
2023-11-07 14:08:00+05:30,579.3499755859375,579.5,579.2999877929688,579.4500122070312,579.4500122070312,37702
2023-11-07 14:09:00+05:30,579.4500122070312,579.4500122070312,578.7000122070312,578.75,578.75,31209
2023-11-07 14:10:00+05:30,578.7999877929688,578.7999877929688,578.4500122070312,578.5,578.5,44030
2023-11-07 14:11:00+05:30,578.4000244140625,578.6500244140625,578.0999755859375,578.6500244140625,578.6500244140625,61777
2023-11-07 14:12:00+05:30,578.6500244140625,578.7999877929688,578.5499877929688,578.5999755859375,578.5999755859375,39012
2023-11-07 14:13:00+05:30,578.5499877929688,579.0,578.5499877929688,578.75,578.75,37122
2023-11-07 14:14:00+05:30,578.9000244140625,579.1500244140625,578.5999755859375,579.0499877929688,579.0499877929688,33037
2023-11-07 14:15:00+05:30,579.1500244140625,579.2999877929688,579.0,579.0499877929688,579.0499877929688,13239
2023-11-07 14:16:00+05:30,579.0499877929688,579.2999877929688,579.0,579.2999877929688,579.2999877929688,21561
2023-11-07 14:17:00+05:30,579.2999877929688,579.4000244140625,579.0999755859375,579.1500244140625,579.1500244140625,31496
2023-11-07 14:18:00+05:30,579.1500244140625,579.1500244140625,578.5999755859375,578.6500244140625,578.6500244140625,58946
2023-11-07 14:19:00+05:30,578.6500244140625,579.2000122070312,578.5999755859375,579.0499877929688,579.0499877929688,39684
2023-11-07 14:20:00+05:30,579.1500244140625,579.4500122070312,578.7000122070312,579.0499877929688,579.0499877929688,43397
2023-11-07 14:21:00+05:30,578.9000244140625,579.0,578.5499877929688,578.5999755859375,578.5999755859375,49224
2023-11-07 14:22:00+05:30,578.8499755859375,578.9000244140625,578.5,578.5,578.5,47408
2023-11-07 14:23:00+05:30,578.5,578.5499877929688,578.3499755859375,578.5,578.5,30279
2023-11-07 14:24:00+05:30,578.5499877929688,578.5999755859375,578.2000122070312,578.2000122070312,578.2000122070312,22718
2023-11-07 14:25:00+05:30,578.2000122070312,578.5,578.0999755859375,578.2999877929688,578.2999877929688,43659
2023-11-07 14:26:00+05:30,578.4500122070312,578.8499755859375,578.25,578.7999877929688,578.7999877929688,21472
2023-11-07 14:27:00+05:30,578.7999877929688,578.9500122070312,578.6500244140625,578.7000122070312,578.7000122070312,13866
2023-11-07 14:28:00+05:30,578.7000122070312,578.7000122070312,578.1500244140625,578.1500244140625,578.1500244140625,22911
2023-11-07 14:29:00+05:30,578.25,578.5499877929688,578.1500244140625,578.5499877929688,578.5499877929688,18062
2023-11-07 14:30:00+05:30,578.4000244140625,579.1500244140625,578.4000244140625,579.1500244140625,579.1500244140625,57807
2023-11-07 14:31:00+05:30,579.1500244140625,579.2999877929688,578.9000244140625,579.0,579.0,46682
2023-11-07 14:32:00+05:30,579.0,579.2000122070312,578.7000122070312,578.7999877929688,578.7999877929688,32441
2023-11-07 14:33:00+05:30,578.75,579.0,578.5999755859375,578.7999877929688,578.7999877929688,16949
2023-11-07 14:34:00+05:30,578.75,578.9000244140625,578.5499877929688,578.6500244140625,578.6500244140625,8659
2023-11-07 14:35:00+05:30,578.6500244140625,578.9000244140625,578.5999755859375,578.75,578.75,18933
2023-11-07 14:36:00+05:30,578.7000122070312,578.7999877929688,578.5499877929688,578.5499877929688,578.5499877929688,12199
2023-11-07 14:37:00+05:30,578.5499877929688,578.5499877929688,578.25,578.25,578.25,19307
2023-11-07 14:38:00+05:30,578.25,578.2999877929688,578.0,578.0,578.0,38009
2023-11-07 14:39:00+05:30,578.0,578.4000244140625,578.0,578.2000122070312,578.2000122070312,31467
2023-11-07 14:40:00+05:30,578.2000122070312,578.4500122070312,578.0499877929688,578.1500244140625,578.1500244140625,52427
2023-11-07 14:41:00+05:30,578.3499755859375,578.5499877929688,578.0999755859375,578.0999755859375,578.0999755859375,47981
2023-11-07 14:42:00+05:30,578.0999755859375,578.2000122070312,578.0,578.0499877929688,578.0499877929688,43415
2023-11-07 14:43:00+05:30,578.0499877929688,578.7000122070312,578.0499877929688,578.5499877929688,578.5499877929688,15772
2023-11-07 14:44:00+05:30,578.5,578.6500244140625,578.4000244140625,578.4000244140625,578.4000244140625,11762
2023-11-07 14:45:00+05:30,578.4000244140625,578.5499877929688,578.1500244140625,578.3499755859375,578.3499755859375,24467
2023-11-07 14:46:00+05:30,578.5499877929688,578.7999877929688,578.4000244140625,578.5499877929688,578.5499877929688,15851
2023-11-07 14:47:00+05:30,578.6500244140625,578.75,578.4000244140625,578.5499877929688,578.5499877929688,15505
2023-11-07 14:48:00+05:30,578.4000244140625,579.0,578.2999877929688,579.0,579.0,13469
2023-11-07 14:49:00+05:30,578.9000244140625,579.2000122070312,578.7999877929688,579.0499877929688,579.0499877929688,30281
2023-11-07 14:50:00+05:30,579.0499877929688,579.1500244140625,578.6500244140625,579.0,579.0,55562
2023-11-07 14:51:00+05:30,578.9000244140625,579.2000122070312,578.9000244140625,579.2000122070312,579.2000122070312,62832
2023-11-07 14:52:00+05:30,579.2999877929688,579.5,579.0,579.4500122070312,579.4500122070312,98596
2023-11-07 14:53:00+05:30,579.5,579.7999877929688,579.4000244140625,579.7999877929688,579.7999877929688,89492
2023-11-07 14:54:00+05:30,579.9000244140625,579.9000244140625,579.7000122070312,579.7999877929688,579.7999877929688,74438
2023-11-07 14:55:00+05:30,579.75,579.7999877929688,579.25,579.4000244140625,579.4000244140625,97195
2023-11-07 14:56:00+05:30,579.4000244140625,579.5999755859375,579.4000244140625,579.5,579.5,16535
2023-11-07 14:57:00+05:30,579.5,579.5499877929688,579.2000122070312,579.2000122070312,579.2000122070312,23714
2023-11-07 14:58:00+05:30,579.2000122070312,579.5499877929688,578.9500122070312,579.2999877929688,579.2999877929688,63857
2023-11-07 14:59:00+05:30,579.4000244140625,579.5,578.9000244140625,578.9500122070312,578.9500122070312,74786
2023-11-07 15:00:00+05:30,579.0499877929688,579.4500122070312,579.0499877929688,579.0999755859375,579.0999755859375,80080
2023-11-07 15:01:00+05:30,579.0999755859375,579.3499755859375,578.8499755859375,579.25,579.25,69186
2023-11-07 15:02:00+05:30,579.2999877929688,579.5,578.9500122070312,579.0499877929688,579.0499877929688,112529
2023-11-07 15:03:00+05:30,579.1500244140625,579.25,578.8499755859375,579.0,579.0,30915
2023-11-07 15:04:00+05:30,579.2000122070312,579.25,578.9000244140625,579.0499877929688,579.0499877929688,46482
2023-11-07 15:05:00+05:30,579.0499877929688,579.1500244140625,578.7000122070312,579.1500244140625,579.1500244140625,57149
2023-11-07 15:06:00+05:30,579.0499877929688,579.1500244140625,578.8499755859375,578.9500122070312,578.9500122070312,41765
2023-11-07 15:07:00+05:30,578.9500122070312,579.0499877929688,578.5,578.5999755859375,578.5999755859375,32233
2023-11-07 15:08:00+05:30,578.5499877929688,578.5999755859375,578.2999877929688,578.5499877929688,578.5499877929688,45948
2023-11-07 15:09:00+05:30,578.4500122070312,578.75,578.3499755859375,578.5999755859375,578.5999755859375,44619
2023-11-07 15:10:00+05:30,578.7000122070312,578.9000244140625,578.4500122070312,578.6500244140625,578.6500244140625,30388
2023-11-07 15:11:00+05:30,578.6500244140625,578.9000244140625,578.6500244140625,578.75,578.75,30110
2023-11-07 15:12:00+05:30,578.75,578.8499755859375,578.5999755859375,578.6500244140625,578.6500244140625,31569
2023-11-07 15:13:00+05:30,578.6500244140625,578.7999877929688,578.5999755859375,578.75,578.75,53486
2023-11-07 15:14:00+05:30,578.7999877929688,579.2999877929688,578.75,579.2999877929688,579.2999877929688,185428
2023-11-07 15:15:00+05:30,579.2999877929688,579.4500122070312,579.0999755859375,579.4500122070312,579.4500122070312,139367
2023-11-07 15:16:00+05:30,579.2999877929688,579.5999755859375,579.2999877929688,579.5499877929688,579.5499877929688,236340
2023-11-07 15:17:00+05:30,579.5999755859375,579.9500122070312,579.5499877929688,579.9000244140625,579.9000244140625,192754
2023-11-07 15:18:00+05:30,579.6500244140625,580.0,579.5499877929688,580.0,580.0,152393
2023-11-07 15:19:00+05:30,579.9000244140625,580.0,579.7999877929688,579.7999877929688,579.7999877929688,217858
2023-11-07 15:20:00+05:30,579.7000122070312,579.9500122070312,579.5,579.7999877929688,579.7999877929688,87432
2023-11-07 15:21:00+05:30,579.75,580.0,579.6500244140625,579.7999877929688,579.7999877929688,156815
2023-11-07 15:22:00+05:30,579.8499755859375,580.2000122070312,579.75,580.0,580.0,80184
2023-11-07 15:23:00+05:30,580.0,580.25,579.9500122070312,580.25,580.25,68728
2023-11-07 15:24:00+05:30,580.25,580.5999755859375,580.25,580.4000244140625,580.4000244140625,148595
2023-11-07 15:25:00+05:30,580.4000244140625,580.4000244140625,580.0499877929688,580.3499755859375,580.3499755859375,66112
2023-11-07 15:26:00+05:30,580.3499755859375,580.5999755859375,580.1500244140625,580.5,580.5,121607
2023-11-07 15:27:00+05:30,580.5,580.9000244140625,580.4500122070312,580.9000244140625,580.9000244140625,239845
2023-11-07 15:28:00+05:30,580.5999755859375,581.2000122070312,580.5999755859375,580.8499755859375,580.8499755859375,121166
2023-11-07 15:29:00+05:30,580.7000122070312,581.0499877929688,580.3499755859375,580.3499755859375,580.3499755859375,62398
2023-11-08 09:15:00+05:30,581.5499877929688,582.25,581.5499877929688,582.0499877929688,582.0499877929688,0
2023-11-08 09:16:00+05:30,581.75,582.2999877929688,581.75,582.25,582.25,126720
2023-11-08 09:17:00+05:30,582.2999877929688,582.2999877929688,581.7999877929688,581.7999877929688,581.7999877929688,121718
2023-11-08 09:18:00+05:30,581.8499755859375,582.0999755859375,581.7000122070312,581.8499755859375,581.8499755859375,88874
2023-11-08 09:19:00+05:30,581.6500244140625,581.7999877929688,581.2999877929688,581.2999877929688,581.2999877929688,89281
2023-11-08 09:20:00+05:30,581.2999877929688,581.4500122070312,580.7000122070312,580.75,580.75,35677
2023-11-08 09:21:00+05:30,580.9000244140625,580.9000244140625,580.4000244140625,580.5,580.5,79643
2023-11-08 09:22:00+05:30,580.5,580.9000244140625,580.5,580.9000244140625,580.9000244140625,14998
2023-11-08 09:23:00+05:30,580.8499755859375,580.9500122070312,580.75,580.7999877929688,580.7999877929688,19184
2023-11-08 09:24:00+05:30,580.75,580.9500122070312,580.5499877929688,580.7000122070312,580.7000122070312,46198
2023-11-08 09:25:00+05:30,580.5,580.5999755859375,580.5,580.5499877929688,580.5499877929688,10164
2023-11-08 09:26:00+05:30,581.0499877929688,581.2999877929688,581.0,581.1500244140625,581.1500244140625,82150
2023-11-08 09:27:00+05:30,581.25,581.5999755859375,581.0,581.5,581.5,30830
2023-11-08 09:28:00+05:30,581.5499877929688,581.9000244140625,581.4500122070312,581.5499877929688,581.5499877929688,38906
2023-11-08 09:29:00+05:30,581.5499877929688,581.6500244140625,581.25,581.5499877929688,581.5499877929688,20658
2023-11-08 09:30:00+05:30,581.4000244140625,581.8499755859375,581.4000244140625,581.7000122070312,581.7000122070312,26259
2023-11-08 09:31:00+05:30,581.5499877929688,581.8499755859375,581.4000244140625,581.4000244140625,581.4000244140625,33540
2023-11-08 09:32:00+05:30,581.4000244140625,581.5999755859375,581.25,581.5499877929688,581.5499877929688,25843
2023-11-08 09:33:00+05:30,581.5499877929688,581.5999755859375,581.25,581.5,581.5,24964
2023-11-08 09:34:00+05:30,581.4000244140625,581.5,580.75,580.7999877929688,580.7999877929688,48026
2023-11-08 09:35:00+05:30,580.9500122070312,581.3499755859375,580.7999877929688,581.1500244140625,581.1500244140625,21196
2023-11-08 09:36:00+05:30,581.2999877929688,581.5,581.0499877929688,581.2999877929688,581.2999877929688,33639
2023-11-08 09:37:00+05:30,581.2999877929688,581.2999877929688,580.7000122070312,580.9500122070312,580.9500122070312,23329
2023-11-08 09:38:00+05:30,580.7000122070312,581.5,580.7000122070312,581.1500244140625,581.1500244140625,41593
2023-11-08 09:39:00+05:30,581.0999755859375,581.4500122070312,581.0499877929688,581.2999877929688,581.2999877929688,10767
2023-11-08 09:40:00+05:30,581.2999877929688,581.5,581.0499877929688,581.4000244140625,581.4000244140625,25991
2023-11-08 09:41:00+05:30,581.4000244140625,581.7999877929688,581.4000244140625,581.5499877929688,581.5499877929688,17050
2023-11-08 09:42:00+05:30,581.8499755859375,581.9000244140625,581.5499877929688,581.7000122070312,581.7000122070312,23275
2023-11-08 09:43:00+05:30,581.7999877929688,581.8499755859375,581.5499877929688,581.5499877929688,581.5499877929688,18853
2023-11-08 09:44:00+05:30,581.5499877929688,581.75,581.5,581.6500244140625,581.6500244140625,10837
2023-11-08 09:45:00+05:30,581.2999877929688,581.6500244140625,581.25,581.5,581.5,13769
2023-11-08 09:46:00+05:30,581.6500244140625,581.6500244140625,581.2999877929688,581.4500122070312,581.4500122070312,21455
2023-11-08 09:47:00+05:30,581.4500122070312,581.5999755859375,581.0999755859375,581.2000122070312,581.2000122070312,11650
2023-11-08 09:48:00+05:30,581.2000122070312,581.25,580.8499755859375,581.0,581.0,32911
2023-11-08 09:49:00+05:30,580.9500122070312,581.0,580.7000122070312,580.75,580.75,14472
2023-11-08 09:50:00+05:30,580.75,581.0,580.7000122070312,580.75,580.75,11056
2023-11-08 09:51:00+05:30,580.7999877929688,581.0,580.6500244140625,580.6500244140625,580.6500244140625,16264
2023-11-08 09:52:00+05:30,580.6500244140625,581.0,580.6500244140625,580.75,580.75,18006
2023-11-08 09:53:00+05:30,580.7999877929688,581.1500244140625,580.75,580.9500122070312,580.9500122070312,16401
2023-11-08 09:54:00+05:30,581.0,581.2000122070312,580.9000244140625,581.0499877929688,581.0499877929688,9615
2023-11-08 09:55:00+05:30,581.0,581.5,581.0,581.25,581.25,17890
2023-11-08 09:56:00+05:30,581.2999877929688,582.1500244140625,581.2999877929688,582.0999755859375,582.0999755859375,67248
2023-11-08 09:57:00+05:30,582.1500244140625,582.2000122070312,581.9000244140625,581.9000244140625,581.9000244140625,18275
2023-11-08 09:58:00+05:30,581.9500122070312,582.0999755859375,581.9500122070312,582.0999755859375,582.0999755859375,17986
2023-11-08 09:59:00+05:30,582.0499877929688,582.0499877929688,581.8499755859375,582.0,582.0,13588
2023-11-08 10:00:00+05:30,582.0,582.0,581.8499755859375,581.8499755859375,581.8499755859375,20154
2023-11-08 10:01:00+05:30,581.9500122070312,582.0,581.5999755859375,581.5999755859375,581.5999755859375,17297
2023-11-08 10:02:00+05:30,581.6500244140625,581.7999877929688,581.5999755859375,581.7000122070312,581.7000122070312,13707
2023-11-08 10:03:00+05:30,581.75,581.75,581.5,581.75,581.75,24110
2023-11-08 10:04:00+05:30,581.6500244140625,581.75,581.5,581.5,581.5,23461
2023-11-08 10:05:00+05:30,581.5999755859375,581.8499755859375,581.5,581.5999755859375,581.5999755859375,15156
2023-11-08 10:06:00+05:30,581.7999877929688,582.0,581.7999877929688,581.9500122070312,581.9500122070312,9126
2023-11-08 10:07:00+05:30,582.0,582.0,581.4500122070312,581.5,581.5,28156
2023-11-08 10:08:00+05:30,581.4500122070312,581.5,580.6500244140625,580.8499755859375,580.8499755859375,63342
2023-11-08 10:09:00+05:30,580.8499755859375,580.9500122070312,580.4500122070312,580.4500122070312,580.4500122070312,81578
2023-11-08 10:10:00+05:30,580.5,580.9500122070312,580.5,580.9500122070312,580.9500122070312,32481
2023-11-08 10:11:00+05:30,580.7000122070312,581.0499877929688,580.7000122070312,581.0,581.0,22396
2023-11-08 10:12:00+05:30,580.9500122070312,581.1500244140625,580.5,580.5,580.5,37457
2023-11-08 10:13:00+05:30,580.5,580.8499755859375,580.5,580.5499877929688,580.5499877929688,17794
2023-11-08 10:14:00+05:30,580.5,580.5999755859375,580.0,580.0,580.0,94606
2023-11-08 10:15:00+05:30,580.0499877929688,580.25,580.0,580.25,580.25,25438
2023-11-08 10:16:00+05:30,580.2000122070312,580.25,579.5999755859375,579.9500122070312,579.9500122070312,84000
2023-11-08 10:17:00+05:30,579.9500122070312,580.2000122070312,579.6500244140625,579.9000244140625,579.9000244140625,58948
2023-11-08 10:18:00+05:30,579.9000244140625,580.25,579.9000244140625,580.0,580.0,24035
2023-11-08 10:19:00+05:30,580.0,580.0499877929688,579.5999755859375,579.5999755859375,579.5999755859375,32180
2023-11-08 10:20:00+05:30,579.5999755859375,579.8499755859375,579.4500122070312,579.4500122070312,579.4500122070312,54316
2023-11-08 10:21:00+05:30,579.4000244140625,579.5,579.2000122070312,579.2000122070312,579.2000122070312,67801
2023-11-08 10:22:00+05:30,579.2000122070312,579.4000244140625,579.0,579.0499877929688,579.0499877929688,40842
2023-11-08 10:23:00+05:30,579.0499877929688,579.6500244140625,579.0499877929688,579.6500244140625,579.6500244140625,37851
2023-11-08 10:24:00+05:30,579.7000122070312,580.2000122070312,579.7000122070312,580.0,580.0,41226
2023-11-08 10:25:00+05:30,580.1500244140625,580.4000244140625,580.0499877929688,580.0999755859375,580.0999755859375,10506
2023-11-08 10:26:00+05:30,580.0999755859375,580.0999755859375,579.4500122070312,579.6500244140625,579.6500244140625,60815
2023-11-08 10:27:00+05:30,579.6500244140625,580.0999755859375,579.6500244140625,580.0,580.0,11308
2023-11-08 10:28:00+05:30,579.9500122070312,580.0,579.7000122070312,579.7000122070312,579.7000122070312,14142
2023-11-08 10:29:00+05:30,579.7999877929688,580.0,579.7000122070312,579.9000244140625,579.9000244140625,16017
2023-11-08 10:30:00+05:30,579.9500122070312,580.0999755859375,579.7999877929688,579.9500122070312,579.9500122070312,17799
2023-11-08 10:31:00+05:30,580.75,580.9000244140625,580.5999755859375,580.6500244140625,580.6500244140625,54578
2023-11-08 10:32:00+05:30,580.6500244140625,580.7999877929688,580.6500244140625,580.7000122070312,580.7000122070312,7617
2023-11-08 10:33:00+05:30,580.5999755859375,580.7999877929688,580.3499755859375,580.4000244140625,580.4000244140625,96791
2023-11-08 10:34:00+05:30,580.4500122070312,580.75,579.9500122070312,580.4500122070312,580.4500122070312,106064
2023-11-08 10:35:00+05:30,580.4500122070312,580.5999755859375,580.2000122070312,580.5499877929688,580.5499877929688,36697
2023-11-08 10:36:00+05:30,580.7000122070312,580.8499755859375,580.5999755859375,580.75,580.75,19816
2023-11-08 10:37:00+05:30,580.7000122070312,580.75,580.5,580.5,580.5,12176
2023-11-08 10:38:00+05:30,580.5999755859375,580.9000244140625,580.4500122070312,580.9000244140625,580.9000244140625,25423
2023-11-08 10:39:00+05:30,580.75,581.2999877929688,580.75,581.2999877929688,581.2999877929688,59764
2023-11-08 10:40:00+05:30,581.2999877929688,581.2999877929688,581.0,581.25,581.25,49382
2023-11-08 10:41:00+05:30,581.0,581.25,581.0,581.1500244140625,581.1500244140625,5766
2023-11-08 10:42:00+05:30,581.0499877929688,581.1500244140625,581.0499877929688,581.0999755859375,581.0999755859375,7722
2023-11-08 10:43:00+05:30,581.0999755859375,581.2999877929688,581.0999755859375,581.2999877929688,581.2999877929688,22818
2023-11-08 10:44:00+05:30,581.1500244140625,581.4000244140625,581.0499877929688,581.0499877929688,581.0499877929688,23037
2023-11-08 10:45:00+05:30,581.0499877929688,581.2999877929688,580.9000244140625,580.9000244140625,580.9000244140625,18490
2023-11-08 10:46:00+05:30,580.9500122070312,581.0999755859375,580.5999755859375,580.8499755859375,580.8499755859375,13901
2023-11-08 10:47:00+05:30,580.7999877929688,580.9500122070312,580.7000122070312,580.75,580.75,5868
2023-11-08 10:48:00+05:30,580.9000244140625,581.0,580.7000122070312,580.7999877929688,580.7999877929688,6372
2023-11-08 10:49:00+05:30,580.75,580.9500122070312,580.7000122070312,580.7000122070312,580.7000122070312,11092
2023-11-08 10:50:00+05:30,580.9000244140625,581.0,580.75,580.9000244140625,580.9000244140625,12464
2023-11-08 10:51:00+05:30,580.9500122070312,581.0499877929688,580.7999877929688,580.8499755859375,580.8499755859375,5359
2023-11-08 10:52:00+05:30,581.0,581.0,580.75,580.75,580.75,10177
2023-11-08 10:53:00+05:30,580.75,581.0,580.7000122070312,580.7000122070312,580.7000122070312,10231
2023-11-08 10:54:00+05:30,580.9000244140625,580.9500122070312,580.7000122070312,580.7000122070312,580.7000122070312,11443
2023-11-08 10:55:00+05:30,580.9000244140625,580.9500122070312,580.5499877929688,580.8499755859375,580.8499755859375,22857
2023-11-08 10:56:00+05:30,580.5999755859375,581.0999755859375,580.5499877929688,580.7999877929688,580.7999877929688,22953
2023-11-08 10:57:00+05:30,581.0,581.3499755859375,580.7000122070312,581.3499755859375,581.3499755859375,20680
2023-11-08 10:58:00+05:30,581.3499755859375,581.3499755859375,580.5499877929688,580.8499755859375,580.8499755859375,40110
2023-11-08 10:59:00+05:30,580.5,580.7999877929688,580.5,580.6500244140625,580.6500244140625,13990
2023-11-08 11:00:00+05:30,580.7999877929688,580.9000244140625,580.5999755859375,580.7000122070312,580.7000122070312,8694
2023-11-08 11:01:00+05:30,580.7999877929688,580.7999877929688,580.4500122070312,580.5,580.5,8225
2023-11-08 11:02:00+05:30,580.5,580.75,580.2000122070312,580.5499877929688,580.5499877929688,15883
2023-11-08 11:03:00+05:30,580.5499877929688,580.6500244140625,580.2000122070312,580.2000122070312,580.2000122070312,13710
2023-11-08 11:04:00+05:30,580.2000122070312,580.5,580.0999755859375,580.2999877929688,580.2999877929688,10440
2023-11-08 11:05:00+05:30,580.4500122070312,580.5999755859375,580.25,580.5,580.5,16690
2023-11-08 11:06:00+05:30,580.5499877929688,580.6500244140625,580.1500244140625,580.5,580.5,23200
2023-11-08 11:07:00+05:30,580.6500244140625,580.7999877929688,580.4000244140625,580.5499877929688,580.5499877929688,18256
2023-11-08 11:08:00+05:30,580.75,581.0,580.4500122070312,581.0,581.0,13687
2023-11-08 11:09:00+05:30,581.0,581.0499877929688,580.7999877929688,580.7999877929688,580.7999877929688,16506
2023-11-08 11:10:00+05:30,580.7999877929688,581.0,580.0999755859375,580.0999755859375,580.0999755859375,35016
2023-11-08 11:11:00+05:30,580.2000122070312,580.4000244140625,580.0999755859375,580.0999755859375,580.0999755859375,24635
2023-11-08 11:12:00+05:30,580.0999755859375,580.2999877929688,579.9000244140625,579.9500122070312,579.9500122070312,24189
2023-11-08 11:13:00+05:30,579.9000244140625,580.6500244140625,579.9000244140625,580.3499755859375,580.3499755859375,38563
2023-11-08 11:14:00+05:30,580.4500122070312,580.8499755859375,580.3499755859375,580.7000122070312,580.7000122070312,97964
2023-11-08 11:15:00+05:30,580.9000244140625,580.9000244140625,580.4000244140625,580.5999755859375,580.5999755859375,27230
2023-11-08 11:16:00+05:30,580.5499877929688,580.9000244140625,580.4500122070312,580.75,580.75,40779
2023-11-08 11:17:00+05:30,580.9000244140625,581.0,580.75,580.75,580.75,24646
2023-11-08 11:18:00+05:30,580.9000244140625,580.9500122070312,580.3499755859375,580.3499755859375,580.3499755859375,37709
2023-11-08 11:19:00+05:30,580.3499755859375,580.7999877929688,580.3499755859375,580.75,580.75,27112
2023-11-08 11:20:00+05:30,580.7999877929688,580.9500122070312,580.5999755859375,580.6500244140625,580.6500244140625,18511
2023-11-08 11:21:00+05:30,580.7000122070312,580.8499755859375,580.5499877929688,580.7000122070312,580.7000122070312,16412
2023-11-08 11:22:00+05:30,580.7000122070312,580.7000122070312,580.3499755859375,580.7000122070312,580.7000122070312,8232
2023-11-08 11:23:00+05:30,580.7000122070312,580.8499755859375,580.5499877929688,580.6500244140625,580.6500244140625,9527
2023-11-08 11:24:00+05:30,580.7000122070312,580.8499755859375,580.4000244140625,580.8499755859375,580.8499755859375,16513
2023-11-08 11:25:00+05:30,580.8499755859375,581.0,580.7000122070312,580.9000244140625,580.9000244140625,22558
2023-11-08 11:26:00+05:30,580.7999877929688,580.8499755859375,580.5499877929688,580.5499877929688,580.5499877929688,9313
2023-11-08 11:27:00+05:30,580.5999755859375,581.0,580.5499877929688,580.75,580.75,11890
2023-11-08 11:28:00+05:30,580.9500122070312,581.0,580.75,580.8499755859375,580.8499755859375,20444
2023-11-08 11:29:00+05:30,580.9000244140625,581.2000122070312,580.75,581.0999755859375,581.0999755859375,20476
2023-11-08 11:30:00+05:30,581.0999755859375,581.3499755859375,581.0499877929688,581.2000122070312,581.2000122070312,23953
2023-11-08 11:31:00+05:30,581.2000122070312,581.3499755859375,580.9000244140625,580.9000244140625,580.9000244140625,22973
2023-11-08 11:32:00+05:30,580.9000244140625,581.0499877929688,580.6500244140625,580.6500244140625,580.6500244140625,19490
2023-11-08 11:33:00+05:30,580.5999755859375,580.6500244140625,580.2000122070312,580.2000122070312,580.2000122070312,37270
2023-11-08 11:34:00+05:30,580.2000122070312,580.2999877929688,580.0499877929688,580.1500244140625,580.1500244140625,114525
2023-11-08 11:35:00+05:30,580.0499877929688,580.2000122070312,579.9000244140625,580.0999755859375,580.0999755859375,31398
2023-11-08 11:36:00+05:30,580.0999755859375,580.5,580.0999755859375,580.5,580.5,2483
2023-11-08 11:37:00+05:30,580.5,580.9000244140625,580.5,580.9000244140625,580.9000244140625,22731
2023-11-08 11:38:00+05:30,580.9000244140625,580.9000244140625,580.6500244140625,580.7000122070312,580.7000122070312,14844
2023-11-08 11:39:00+05:30,580.6500244140625,580.7000122070312,580.5999755859375,580.5999755859375,580.5999755859375,6546
2023-11-08 11:40:00+05:30,580.6500244140625,580.75,580.5999755859375,580.5999755859375,580.5999755859375,3392
2023-11-08 11:41:00+05:30,580.5999755859375,581.0999755859375,580.5999755859375,580.9000244140625,580.9000244140625,40126
2023-11-08 11:42:00+05:30,580.9500122070312,581.5,580.9500122070312,581.0499877929688,581.0499877929688,55247
2023-11-08 11:43:00+05:30,581.0499877929688,581.0999755859375,580.5999755859375,580.6500244140625,580.6500244140625,23172
2023-11-08 11:44:00+05:30,580.7000122070312,580.9500122070312,580.7000122070312,580.75,580.75,14961
2023-11-08 11:45:00+05:30,580.8499755859375,580.9000244140625,580.5499877929688,580.7999877929688,580.7999877929688,5805
2023-11-08 11:46:00+05:30,580.7999877929688,581.0999755859375,580.7999877929688,580.7999877929688,580.7999877929688,11375
2023-11-08 11:47:00+05:30,580.7999877929688,581.0999755859375,580.7999877929688,580.7999877929688,580.7999877929688,20429
2023-11-08 11:48:00+05:30,580.9000244140625,580.9500122070312,580.7999877929688,580.8499755859375,580.8499755859375,4280
2023-11-08 11:49:00+05:30,580.9500122070312,581.0,580.9000244140625,580.9000244140625,580.9000244140625,5984
2023-11-08 11:50:00+05:30,580.9000244140625,581.0999755859375,580.8499755859375,580.9000244140625,580.9000244140625,4885
2023-11-08 11:51:00+05:30,580.9500122070312,581.0999755859375,580.8499755859375,580.8499755859375,580.8499755859375,12520
2023-11-08 11:52:00+05:30,580.9000244140625,581.0,580.5,580.5,580.5,8699
2023-11-08 11:53:00+05:30,580.5,580.7000122070312,580.4000244140625,580.5,580.5,6528
2023-11-08 11:54:00+05:30,580.4000244140625,580.5999755859375,580.2999877929688,580.5,580.5,9747
2023-11-08 11:55:00+05:30,580.4500122070312,580.5999755859375,580.3499755859375,580.4500122070312,580.4500122070312,5139
2023-11-08 11:56:00+05:30,580.4500122070312,580.5999755859375,580.3499755859375,580.4500122070312,580.4500122070312,5768
2023-11-08 11:57:00+05:30,580.4000244140625,580.7000122070312,580.4000244140625,580.4000244140625,580.4000244140625,5017
2023-11-08 11:58:00+05:30,580.5,580.6500244140625,580.3499755859375,580.3499755859375,580.3499755859375,6382
2023-11-08 11:59:00+05:30,580.4500122070312,580.6500244140625,580.3499755859375,580.5999755859375,580.5999755859375,4046
2023-11-08 12:00:00+05:30,580.4500122070312,581.0,580.4500122070312,581.0,581.0,7598
2023-11-08 12:01:00+05:30,580.7000122070312,581.0,580.7000122070312,580.7000122070312,580.7000122070312,3246
2023-11-08 12:02:00+05:30,580.7000122070312,581.0,580.2999877929688,580.5,580.5,41478
2023-11-08 12:03:00+05:30,580.5,580.5,580.4000244140625,580.4000244140625,580.4000244140625,11317
2023-11-08 12:04:00+05:30,580.4000244140625,580.5,580.2999877929688,580.2999877929688,580.2999877929688,10405
2023-11-08 12:05:00+05:30,580.3499755859375,580.5999755859375,580.25,580.5999755859375,580.5999755859375,32332
2023-11-08 12:06:00+05:30,580.7000122070312,580.7999877929688,580.6500244140625,580.6500244140625,580.6500244140625,8845
2023-11-08 12:07:00+05:30,580.7999877929688,580.9500122070312,580.6500244140625,580.6500244140625,580.6500244140625,27584
2023-11-08 12:08:00+05:30,580.6500244140625,580.9000244140625,580.5499877929688,580.5499877929688,580.5499877929688,34049
2023-11-08 12:09:00+05:30,580.7000122070312,580.9500122070312,580.5999755859375,580.5999755859375,580.5999755859375,7162
2023-11-08 12:10:00+05:30,580.7000122070312,580.7000122070312,580.5499877929688,580.5999755859375,580.5999755859375,4936
2023-11-08 12:11:00+05:30,580.7000122070312,580.9000244140625,580.5499877929688,580.7000122070312,580.7000122070312,13798
2023-11-08 12:12:00+05:30,580.6500244140625,580.7000122070312,580.5999755859375,580.5999755859375,580.5999755859375,6688
2023-11-08 12:13:00+05:30,580.6500244140625,580.75,580.5499877929688,580.5999755859375,580.5999755859375,9910
2023-11-08 12:14:00+05:30,580.3499755859375,580.7999877929688,580.25,580.7000122070312,580.7000122070312,17428
2023-11-08 12:15:00+05:30,580.75,580.9000244140625,580.5999755859375,580.5999755859375,580.5999755859375,10224
2023-11-08 12:16:00+05:30,580.8499755859375,580.8499755859375,580.4500122070312,580.7000122070312,580.7000122070312,14736
2023-11-08 12:17:00+05:30,580.75,580.8499755859375,580.7000122070312,580.7999877929688,580.7999877929688,14653
2023-11-08 12:18:00+05:30,580.8499755859375,581.0499877929688,580.7999877929688,580.7999877929688,580.7999877929688,20623
2023-11-08 12:19:00+05:30,581.0,581.0999755859375,580.7999877929688,580.7999877929688,580.7999877929688,19994
2023-11-08 12:20:00+05:30,580.7999877929688,581.0499877929688,580.7999877929688,580.7999877929688,580.7999877929688,8542
2023-11-08 12:21:00+05:30,581.0,581.0999755859375,580.7000122070312,580.7999877929688,580.7999877929688,12116
2023-11-08 12:22:00+05:30,580.7999877929688,580.9000244140625,580.7000122070312,580.7999877929688,580.7999877929688,11277
2023-11-08 12:23:00+05:30,580.7000122070312,580.7999877929688,580.2999877929688,580.5999755859375,580.5999755859375,131908
2023-11-08 12:24:00+05:30,580.5999755859375,580.7999877929688,580.0499877929688,580.1500244140625,580.1500244140625,136438
2023-11-08 12:25:00+05:30,580.25,580.3499755859375,580.0,580.2999877929688,580.2999877929688,31140
2023-11-08 12:26:00+05:30,580.2999877929688,580.4500122070312,580.0499877929688,580.4000244140625,580.4000244140625,27051
2023-11-08 12:27:00+05:30,580.2000122070312,580.4000244140625,580.0499877929688,580.2000122070312,580.2000122070312,24401
2023-11-08 12:28:00+05:30,580.25,580.25,579.7999877929688,579.8499755859375,579.8499755859375,30481
2023-11-08 12:29:00+05:30,579.7999877929688,580.2000122070312,579.7999877929688,579.9500122070312,579.9500122070312,12808
2023-11-08 12:30:00+05:30,579.9500122070312,580.25,579.9500122070312,580.1500244140625,580.1500244140625,5345
2023-11-08 12:31:00+05:30,580.0999755859375,580.25,579.9000244140625,580.2000122070312,580.2000122070312,6035
2023-11-08 12:32:00+05:30,580.0,580.0999755859375,579.7999877929688,580.0,580.0,13428
2023-11-08 12:33:00+05:30,580.0999755859375,580.0999755859375,579.8499755859375,579.8499755859375,579.8499755859375,13494
2023-11-08 12:34:00+05:30,579.8499755859375,579.9500122070312,579.5999755859375,579.7999877929688,579.7999877929688,26895
2023-11-08 12:35:00+05:30,579.6500244140625,580.1500244140625,579.5,580.0499877929688,580.0499877929688,52456
2023-11-08 12:36:00+05:30,580.0499877929688,580.2000122070312,580.0499877929688,580.0499877929688,580.0499877929688,13268
2023-11-08 12:37:00+05:30,580.0999755859375,580.0999755859375,579.8499755859375,580.0,580.0,16864
2023-11-08 12:38:00+05:30,580.0,580.0,579.7000122070312,579.75,579.75,43406
2023-11-08 12:39:00+05:30,579.75,580.0499877929688,579.75,580.0,580.0,26790
2023-11-08 12:40:00+05:30,580.0999755859375,580.25,580.0,580.0499877929688,580.0499877929688,28240
2023-11-08 12:41:00+05:30,580.0,580.25,580.0,580.0999755859375,580.0999755859375,7441
2023-11-08 12:42:00+05:30,580.0499877929688,580.1500244140625,579.7999877929688,579.9000244140625,579.9000244140625,77088
2023-11-08 12:43:00+05:30,580.0999755859375,580.2999877929688,579.7999877929688,580.2000122070312,580.2000122070312,37403
2023-11-08 12:44:00+05:30,580.2999877929688,580.4000244140625,579.8499755859375,579.8499755859375,579.8499755859375,50863
2023-11-08 12:45:00+05:30,579.9000244140625,580.0999755859375,579.6500244140625,579.75,579.75,26929
2023-11-08 12:46:00+05:30,579.75,580.5999755859375,579.5499877929688,580.5499877929688,580.5499877929688,135605
2023-11-08 12:47:00+05:30,580.5499877929688,580.7999877929688,580.5,580.7999877929688,580.7999877929688,16836
2023-11-08 12:48:00+05:30,580.75,580.9000244140625,580.6500244140625,580.75,580.75,8526
2023-11-08 12:49:00+05:30,580.75,580.9000244140625,580.6500244140625,580.75,580.75,10268
2023-11-08 12:50:00+05:30,580.75,580.9500122070312,580.5999755859375,580.9000244140625,580.9000244140625,15227
2023-11-08 12:51:00+05:30,580.9000244140625,580.9500122070312,580.6500244140625,580.6500244140625,580.6500244140625,4711
2023-11-08 12:52:00+05:30,580.6500244140625,580.7000122070312,580.5,580.5999755859375,580.5999755859375,6837
2023-11-08 12:53:00+05:30,580.5499877929688,581.0,580.5,580.7999877929688,580.7999877929688,30000
2023-11-08 12:54:00+05:30,580.7999877929688,580.9500122070312,580.5,580.5,580.5,16625
2023-11-08 12:55:00+05:30,580.5,580.7000122070312,580.0999755859375,580.1500244140625,580.1500244140625,29928
2023-11-08 12:56:00+05:30,580.0999755859375,580.25,579.2999877929688,579.2999877929688,579.2999877929688,65681
2023-11-08 12:57:00+05:30,579.3499755859375,579.5999755859375,579.2000122070312,579.5999755859375,579.5999755859375,16725
2023-11-08 12:58:00+05:30,579.5999755859375,579.9500122070312,579.4500122070312,579.7000122070312,579.7000122070312,6924
2023-11-08 12:59:00+05:30,579.9500122070312,580.0499877929688,579.7000122070312,579.7999877929688,579.7999877929688,3003
2023-11-08 13:00:00+05:30,579.7999877929688,580.0999755859375,579.7999877929688,580.0,580.0,4345
2023-11-08 13:01:00+05:30,580.0,580.2000122070312,580.0,580.0499877929688,580.0499877929688,6061
2023-11-08 13:02:00+05:30,580.1500244140625,580.2000122070312,580.0,580.2000122070312,580.2000122070312,8456
2023-11-08 13:03:00+05:30,580.2000122070312,580.2000122070312,580.0,580.1500244140625,580.1500244140625,4621
2023-11-08 13:04:00+05:30,580.0,580.2000122070312,579.9500122070312,580.0,580.0,29724
2023-11-08 13:05:00+05:30,580.0,580.2000122070312,579.9500122070312,580.0999755859375,580.0999755859375,53867
2023-11-08 13:06:00+05:30,580.0999755859375,580.2000122070312,580.0,580.0,580.0,17709
2023-11-08 13:07:00+05:30,580.2000122070312,580.2000122070312,580.0,580.0499877929688,580.0499877929688,5482
2023-11-08 13:08:00+05:30,580.2000122070312,580.2000122070312,580.0,580.1500244140625,580.1500244140625,22546
2023-11-08 13:09:00+05:30,580.1500244140625,580.2000122070312,580.0,580.0499877929688,580.0499877929688,36136
2023-11-08 13:10:00+05:30,580.2000122070312,580.2000122070312,580.0,580.0,580.0,43257
2023-11-08 13:11:00+05:30,580.0,580.0999755859375,579.5,579.75,579.75,60300
2023-11-08 13:12:00+05:30,579.7999877929688,580.0,579.6500244140625,579.7000122070312,579.7000122070312,3817
2023-11-08 13:13:00+05:30,579.9000244140625,580.0,579.7000122070312,579.8499755859375,579.8499755859375,9605
2023-11-08 13:14:00+05:30,580.0,580.2000122070312,579.8499755859375,580.0,580.0,22021
2023-11-08 13:15:00+05:30,580.1500244140625,580.2000122070312,580.0499877929688,580.0499877929688,580.0499877929688,10692
2023-11-08 13:16:00+05:30,580.1500244140625,580.1500244140625,580.0499877929688,580.1500244140625,580.1500244140625,13310
2023-11-08 13:17:00+05:30,580.1500244140625,580.5999755859375,580.0499877929688,580.5,580.5,74518
2023-11-08 13:18:00+05:30,580.5,580.5999755859375,580.2999877929688,580.5,580.5,91335
2023-11-08 13:19:00+05:30,580.5,580.5,579.9000244140625,580.0,580.0,101184
2023-11-08 13:20:00+05:30,580.0,580.3499755859375,580.0,580.25,580.25,48774
2023-11-08 13:21:00+05:30,580.25,580.5999755859375,580.2000122070312,580.5999755859375,580.5999755859375,20881
2023-11-08 13:22:00+05:30,580.5999755859375,580.75,580.25,580.5499877929688,580.5499877929688,30750
2023-11-08 13:23:00+05:30,580.5499877929688,580.6500244140625,580.25,580.25,580.25,9407
2023-11-08 13:24:00+05:30,580.4000244140625,580.4000244140625,580.1500244140625,580.2000122070312,580.2000122070312,28168
2023-11-08 13:25:00+05:30,580.4000244140625,580.4000244140625,580.0999755859375,580.25,580.25,24249
2023-11-08 13:26:00+05:30,580.25,580.4000244140625,579.9500122070312,579.9500122070312,579.9500122070312,64621
2023-11-08 13:27:00+05:30,579.9500122070312,580.5499877929688,579.9500122070312,580.5499877929688,580.5499877929688,63009
2023-11-08 13:28:00+05:30,580.5,581.0,580.5,580.75,580.75,94979
2023-11-08 13:29:00+05:30,580.75,581.0499877929688,580.5499877929688,580.7000122070312,580.7000122070312,32128
2023-11-08 13:30:00+05:30,580.7000122070312,580.8499755859375,580.5999755859375,580.75,580.75,34566
2023-11-08 13:31:00+05:30,580.8499755859375,580.9000244140625,580.7000122070312,580.9000244140625,580.9000244140625,19720
2023-11-08 13:32:00+05:30,580.9000244140625,580.9000244140625,580.5999755859375,580.7000122070312,580.7000122070312,20214
2023-11-08 13:33:00+05:30,580.7000122070312,580.7999877929688,580.5,580.5,580.5,11759
2023-11-08 13:34:00+05:30,580.5499877929688,580.9000244140625,580.3499755859375,580.3499755859375,580.3499755859375,32123
2023-11-08 13:35:00+05:30,580.4000244140625,580.75,580.2999877929688,580.4500122070312,580.4500122070312,70083
2023-11-08 13:36:00+05:30,580.4000244140625,580.8499755859375,580.25,580.5,580.5,88410
2023-11-08 13:37:00+05:30,580.5999755859375,580.7999877929688,580.3499755859375,580.7999877929688,580.7999877929688,72313
2023-11-08 13:38:00+05:30,580.7999877929688,580.7999877929688,580.5499877929688,580.6500244140625,580.6500244140625,5545
2023-11-08 13:39:00+05:30,580.7999877929688,581.0499877929688,580.5999755859375,581.0499877929688,581.0499877929688,28302
2023-11-08 13:40:00+05:30,581.0499877929688,581.2000122070312,581.0,581.0,581.0,57176
2023-11-08 13:41:00+05:30,581.0499877929688,581.0999755859375,581.0,581.0,581.0,67064
2023-11-08 13:42:00+05:30,581.0,581.0499877929688,580.6500244140625,580.75,580.75,46962
2023-11-08 13:43:00+05:30,580.9000244140625,580.9500122070312,580.7000122070312,580.7999877929688,580.7999877929688,7942
2023-11-08 13:44:00+05:30,580.7000122070312,580.8499755859375,580.5,580.8499755859375,580.8499755859375,43821
2023-11-08 13:45:00+05:30,580.6500244140625,580.8499755859375,580.4500122070312,580.5,580.5,27176
2023-11-08 13:46:00+05:30,580.5,580.7999877929688,580.4500122070312,580.6500244140625,580.6500244140625,11902
2023-11-08 13:47:00+05:30,580.7999877929688,581.4000244140625,580.75,580.9500122070312,580.9500122070312,91912
2023-11-08 13:48:00+05:30,581.0999755859375,581.4500122070312,580.75,581.2000122070312,581.2000122070312,53022
2023-11-08 13:49:00+05:30,581.4000244140625,581.4500122070312,581.0,581.25,581.25,36514
2023-11-08 13:50:00+05:30,580.9500122070312,581.25,580.9000244140625,581.0,581.0,10606
2023-11-08 13:51:00+05:30,581.2000122070312,581.2000122070312,580.75,580.9000244140625,580.9000244140625,13883
2023-11-08 13:52:00+05:30,580.75,581.0999755859375,580.7000122070312,580.9000244140625,580.9000244140625,11931
2023-11-08 13:53:00+05:30,581.0,581.0999755859375,580.6500244140625,580.9500122070312,580.9500122070312,11172
2023-11-08 13:54:00+05:30,580.9500122070312,581.25,580.7999877929688,580.9000244140625,580.9000244140625,13799
2023-11-08 13:55:00+05:30,581.0,581.2000122070312,580.8499755859375,580.9000244140625,580.9000244140625,24084
2023-11-08 13:56:00+05:30,580.9000244140625,581.0999755859375,580.75,581.0,581.0,17167
2023-11-08 13:57:00+05:30,581.0,581.0999755859375,580.75,581.0499877929688,581.0499877929688,28882
2023-11-08 13:58:00+05:30,581.0499877929688,581.2000122070312,580.7999877929688,581.0999755859375,581.0999755859375,18581
2023-11-08 13:59:00+05:30,580.8499755859375,581.25,580.8499755859375,581.0499877929688,581.0499877929688,13206
2023-11-08 14:00:00+05:30,581.25,581.2999877929688,581.0,581.0499877929688,581.0499877929688,5085
2023-11-08 14:01:00+05:30,581.2000122070312,581.2999877929688,580.7999877929688,581.0999755859375,581.0999755859375,18999
2023-11-08 14:02:00+05:30,580.9500122070312,581.2000122070312,580.7999877929688,580.7999877929688,580.7999877929688,23036
2023-11-08 14:03:00+05:30,581.0499877929688,581.2000122070312,580.7999877929688,580.9000244140625,580.9000244140625,16035
2023-11-08 14:04:00+05:30,581.0499877929688,581.2999877929688,580.8499755859375,581.0499877929688,581.0499877929688,33528
2023-11-08 14:05:00+05:30,580.9500122070312,581.2999877929688,580.5499877929688,580.75,580.75,42810
2023-11-08 14:06:00+05:30,580.7999877929688,580.7999877929688,580.1500244140625,580.2999877929688,580.2999877929688,32745
2023-11-08 14:07:00+05:30,580.3499755859375,580.7999877929688,580.1500244140625,580.75,580.75,15683
2023-11-08 14:08:00+05:30,580.8499755859375,580.9000244140625,580.4000244140625,580.9000244140625,580.9000244140625,49078
2023-11-08 14:09:00+05:30,580.9000244140625,581.1500244140625,580.7999877929688,581.0499877929688,581.0499877929688,64851
2023-11-08 14:10:00+05:30,581.0999755859375,581.25,580.75,580.7999877929688,580.7999877929688,82954
2023-11-08 14:11:00+05:30,580.75,581.25,580.75,581.0,581.0,31734
2023-11-08 14:12:00+05:30,581.2000122070312,581.25,580.9500122070312,581.2000122070312,581.2000122070312,40770
2023-11-08 14:13:00+05:30,580.9000244140625,581.2999877929688,580.9000244140625,580.9500122070312,580.9500122070312,34957
2023-11-08 14:14:00+05:30,580.9500122070312,581.0499877929688,580.8499755859375,580.8499755859375,580.8499755859375,22152
2023-11-08 14:15:00+05:30,580.8499755859375,581.0499877929688,580.75,580.9500122070312,580.9500122070312,36293
2023-11-08 14:16:00+05:30,580.9500122070312,581.2000122070312,580.75,581.0,581.0,26583
2023-11-08 14:17:00+05:30,581.2000122070312,581.25,580.5,580.5499877929688,580.5499877929688,56438
2023-11-08 14:18:00+05:30,580.5,580.7999877929688,580.2999877929688,580.4500122070312,580.4500122070312,27674
2023-11-08 14:19:00+05:30,580.4500122070312,580.9000244140625,580.4000244140625,580.8499755859375,580.8499755859375,42773
2023-11-08 14:20:00+05:30,580.7999877929688,580.7999877929688,580.2000122070312,580.6500244140625,580.6500244140625,49241
2023-11-08 14:21:00+05:30,580.5999755859375,580.75,580.0,580.0499877929688,580.0499877929688,23534
2023-11-08 14:22:00+05:30,580.2999877929688,580.5499877929688,579.8499755859375,580.0499877929688,580.0499877929688,41958
2023-11-08 14:23:00+05:30,580.1500244140625,580.4500122070312,580.0,580.2999877929688,580.2999877929688,10923
2023-11-08 14:24:00+05:30,580.2999877929688,580.4000244140625,580.0,580.2000122070312,580.2000122070312,9486
2023-11-08 14:25:00+05:30,580.2000122070312,580.6500244140625,580.1500244140625,580.3499755859375,580.3499755859375,17590
2023-11-08 14:26:00+05:30,580.5,580.6500244140625,580.2000122070312,580.25,580.25,15004
2023-11-08 14:27:00+05:30,580.25,580.7000122070312,580.25,580.25,580.25,23110
2023-11-08 14:28:00+05:30,580.5999755859375,580.6500244140625,580.0999755859375,580.0999755859375,580.0999755859375,20287
2023-11-08 14:29:00+05:30,580.0999755859375,580.4000244140625,580.0,580.3499755859375,580.3499755859375,25243
2023-11-08 14:30:00+05:30,580.0999755859375,580.3499755859375,580.0,580.0499877929688,580.0499877929688,23704
2023-11-08 14:31:00+05:30,580.0499877929688,580.25,579.9500122070312,580.0,580.0,45146
2023-11-08 14:32:00+05:30,580.0,580.9500122070312,580.0,580.4500122070312,580.4500122070312,144007
2023-11-08 14:33:00+05:30,580.4500122070312,580.9500122070312,580.2999877929688,580.6500244140625,580.6500244140625,57550
2023-11-08 14:34:00+05:30,580.75,581.3499755859375,580.5499877929688,580.75,580.75,160919
2023-11-08 14:35:00+05:30,580.7000122070312,581.0,580.5999755859375,581.0,581.0,96497
2023-11-08 14:36:00+05:30,580.9000244140625,581.0,580.75,580.75,580.75,36381
2023-11-08 14:37:00+05:30,580.75,580.9500122070312,580.1500244140625,580.2999877929688,580.2999877929688,98525
2023-11-08 14:38:00+05:30,580.25,580.5,579.4000244140625,579.8499755859375,579.8499755859375,249094
2023-11-08 14:39:00+05:30,579.9000244140625,580.5,579.8499755859375,580.5,580.5,126940
2023-11-08 14:40:00+05:30,580.3499755859375,580.75,579.8499755859375,579.9500122070312,579.9500122070312,79665
2023-11-08 14:41:00+05:30,579.9000244140625,580.0499877929688,579.7000122070312,579.75,579.75,64136
2023-11-08 14:42:00+05:30,580.0,580.0999755859375,579.6500244140625,580.0999755859375,580.0999755859375,26400
2023-11-08 14:43:00+05:30,580.0499877929688,580.3499755859375,579.8499755859375,580.0499877929688,580.0499877929688,25594
2023-11-08 14:44:00+05:30,580.2000122070312,580.2999877929688,579.75,579.9500122070312,579.9500122070312,42843
2023-11-08 14:45:00+05:30,579.9500122070312,580.25,579.5999755859375,579.6500244140625,579.6500244140625,40174
2023-11-08 14:46:00+05:30,579.6500244140625,579.9000244140625,579.5,579.5499877929688,579.5499877929688,33245
2023-11-08 14:47:00+05:30,579.7999877929688,580.0,579.4500122070312,579.8499755859375,579.8499755859375,83418
2023-11-08 14:48:00+05:30,579.9500122070312,580.1500244140625,579.75,580.0,580.0,28016
2023-11-08 14:49:00+05:30,580.0499877929688,580.3499755859375,580.0,580.0,580.0,53685
2023-11-08 14:50:00+05:30,580.2999877929688,580.4000244140625,579.8499755859375,579.9500122070312,579.9500122070312,52425
2023-11-08 14:51:00+05:30,579.9500122070312,580.5,579.9500122070312,580.4500122070312,580.4500122070312,41798
2023-11-08 14:52:00+05:30,580.4500122070312,580.5,579.7999877929688,579.8499755859375,579.8499755859375,50100
2023-11-08 14:53:00+05:30,579.9500122070312,580.1500244140625,579.7999877929688,580.1500244140625,580.1500244140625,84465
2023-11-08 14:54:00+05:30,580.0,580.2000122070312,579.7000122070312,579.9000244140625,579.9000244140625,59806
2023-11-08 14:55:00+05:30,580.0499877929688,580.3499755859375,579.75,580.0,580.0,150242
2023-11-08 14:56:00+05:30,580.0999755859375,580.2000122070312,579.5999755859375,579.7000122070312,579.7000122070312,52007
2023-11-08 14:57:00+05:30,579.7000122070312,579.7999877929688,579.0499877929688,579.2000122070312,579.2000122070312,84827
2023-11-08 14:58:00+05:30,579.2000122070312,579.8499755859375,579.2000122070312,579.6500244140625,579.6500244140625,206013
2023-11-08 14:59:00+05:30,579.6500244140625,580.0499877929688,579.2999877929688,579.7999877929688,579.7999877929688,111064
2023-11-08 15:00:00+05:30,579.9500122070312,580.5,579.9000244140625,580.2999877929688,580.2999877929688,103728
2023-11-08 15:01:00+05:30,580.5,580.7000122070312,579.8499755859375,580.0,580.0,117361
2023-11-08 15:02:00+05:30,580.0,580.5,579.7999877929688,579.9000244140625,579.9000244140625,115843
2023-11-08 15:03:00+05:30,579.9000244140625,580.1500244140625,579.7999877929688,580.0999755859375,580.0999755859375,52908
2023-11-08 15:04:00+05:30,580.2000122070312,580.3499755859375,579.7000122070312,580.0999755859375,580.0999755859375,128585
2023-11-08 15:05:00+05:30,580.0499877929688,580.4500122070312,580.0499877929688,580.2000122070312,580.2000122070312,131857
2023-11-08 15:06:00+05:30,580.25,580.4500122070312,579.9000244140625,579.9000244140625,579.9000244140625,94926
2023-11-08 15:07:00+05:30,579.9500122070312,580.4000244140625,579.8499755859375,580.1500244140625,580.1500244140625,110027
2023-11-08 15:08:00+05:30,580.2000122070312,580.4500122070312,580.0,580.4000244140625,580.4000244140625,118284
2023-11-08 15:09:00+05:30,580.3499755859375,580.5499877929688,580.2000122070312,580.3499755859375,580.3499755859375,64729
2023-11-08 15:10:00+05:30,580.4500122070312,580.7000122070312,580.2999877929688,580.4000244140625,580.4000244140625,102047
2023-11-08 15:11:00+05:30,580.4500122070312,580.8499755859375,580.4000244140625,580.5499877929688,580.5499877929688,272908
2023-11-08 15:12:00+05:30,580.5999755859375,580.9000244140625,580.4000244140625,580.7999877929688,580.7999877929688,162101
2023-11-08 15:13:00+05:30,580.8499755859375,580.9000244140625,579.9000244140625,579.9000244140625,579.9000244140625,282091
2023-11-08 15:14:00+05:30,580.2000122070312,580.4500122070312,579.8499755859375,580.25,580.25,172619
2023-11-08 15:15:00+05:30,580.25,580.5,579.75,580.2000122070312,580.2000122070312,216776
2023-11-08 15:16:00+05:30,580.2000122070312,580.5999755859375,580.0999755859375,580.2999877929688,580.2999877929688,134672
2023-11-08 15:17:00+05:30,580.0999755859375,580.4500122070312,579.5,580.0999755859375,580.0999755859375,126121
2023-11-08 15:18:00+05:30,580.0999755859375,580.5,580.0,580.2000122070312,580.2000122070312,239537
2023-11-08 15:19:00+05:30,580.4500122070312,580.6500244140625,580.25,580.6500244140625,580.6500244140625,189094
2023-11-08 15:20:00+05:30,580.6500244140625,580.75,580.0999755859375,580.6500244140625,580.6500244140625,173086
2023-11-08 15:21:00+05:30,580.4500122070312,580.5,580.0499877929688,580.2999877929688,580.2999877929688,111932
2023-11-08 15:22:00+05:30,580.4500122070312,580.6500244140625,580.2999877929688,580.2999877929688,580.2999877929688,151927
2023-11-08 15:23:00+05:30,580.5499877929688,580.5999755859375,579.75,580.0499877929688,580.0499877929688,99298
2023-11-08 15:24:00+05:30,579.9500122070312,580.4500122070312,579.9500122070312,580.1500244140625,580.1500244140625,58584
2023-11-08 15:25:00+05:30,580.1500244140625,580.4500122070312,579.9000244140625,580.4500122070312,580.4500122070312,49384
2023-11-08 15:26:00+05:30,580.4000244140625,580.5,580.1500244140625,580.5,580.5,54173
2023-11-08 15:27:00+05:30,580.4000244140625,580.6500244140625,580.25,580.4500122070312,580.4500122070312,42427
2023-11-08 15:28:00+05:30,580.4500122070312,580.7000122070312,580.2000122070312,580.5,580.5,35495
2023-11-08 15:29:00+05:30,580.5,580.6500244140625,580.2000122070312,580.4500122070312,580.4500122070312,16005
2023-11-09 09:15:00+05:30,579.75,580.7000122070312,579.75,580.6500244140625,580.6500244140625,0
2023-11-09 09:16:00+05:30,580.7000122070312,581.0,580.5499877929688,580.9500122070312,580.9500122070312,46658
2023-11-09 09:17:00+05:30,580.6500244140625,581.0,580.6500244140625,580.7999877929688,580.7999877929688,15555
2023-11-09 09:18:00+05:30,580.7999877929688,580.7999877929688,580.2999877929688,580.5499877929688,580.5499877929688,30969
2023-11-09 09:19:00+05:30,580.5999755859375,580.5999755859375,580.25,580.2999877929688,580.2999877929688,21740
2023-11-09 09:20:00+05:30,580.2999877929688,580.5,580.0499877929688,580.3499755859375,580.3499755859375,24569
2023-11-09 09:21:00+05:30,580.1500244140625,580.75,580.0999755859375,580.5,580.5,59851
2023-11-09 09:22:00+05:30,580.5499877929688,581.5,580.5499877929688,581.5,581.5,35399
2023-11-09 09:23:00+05:30,581.5,581.8499755859375,581.2999877929688,581.4000244140625,581.4000244140625,37807
2023-11-09 09:24:00+05:30,581.5,581.7999877929688,581.3499755859375,581.5499877929688,581.5499877929688,18969
2023-11-09 09:25:00+05:30,581.5999755859375,581.7000122070312,580.8499755859375,581.0499877929688,581.0499877929688,21537
2023-11-09 09:26:00+05:30,581.0,581.2999877929688,580.7999877929688,581.2000122070312,581.2000122070312,11276
2023-11-09 09:27:00+05:30,581.2000122070312,581.75,581.1500244140625,581.75,581.75,36807
2023-11-09 09:28:00+05:30,581.7999877929688,581.7999877929688,581.0999755859375,581.4000244140625,581.4000244140625,19425
2023-11-09 09:29:00+05:30,581.2999877929688,581.7999877929688,581.2999877929688,581.5499877929688,581.5499877929688,19308
2023-11-09 09:30:00+05:30,581.5499877929688,581.7999877929688,581.2999877929688,581.4000244140625,581.4000244140625,19599
2023-11-09 09:31:00+05:30,581.4500122070312,581.7000122070312,581.1500244140625,581.5,581.5,15838
2023-11-09 09:32:00+05:30,581.5,581.5,581.1500244140625,581.1500244140625,581.1500244140625,10879
2023-11-09 09:33:00+05:30,581.2000122070312,581.7000122070312,581.2000122070312,581.25,581.25,31950
2023-11-09 09:34:00+05:30,581.25,581.6500244140625,581.25,581.3499755859375,581.3499755859375,32504
2023-11-09 09:35:00+05:30,581.2999877929688,581.7000122070312,581.25,581.7000122070312,581.7000122070312,21332
2023-11-09 09:36:00+05:30,581.7000122070312,581.7999877929688,581.5,581.5,581.5,26061
2023-11-09 09:37:00+05:30,581.5,581.5499877929688,581.25,581.25,581.25,15508
2023-11-09 09:38:00+05:30,581.2000122070312,581.6500244140625,581.2000122070312,581.5,581.5,22613
2023-11-09 09:39:00+05:30,581.6500244140625,581.6500244140625,581.2000122070312,581.2000122070312,581.2000122070312,10007
2023-11-09 09:40:00+05:30,581.2000122070312,581.4500122070312,581.2000122070312,581.2999877929688,581.2999877929688,6586
2023-11-09 09:41:00+05:30,581.3499755859375,581.4000244140625,580.9000244140625,581.0,581.0,29960
2023-11-09 09:42:00+05:30,580.8499755859375,581.0,580.6500244140625,580.9000244140625,580.9000244140625,20903
2023-11-09 09:43:00+05:30,580.7999877929688,581.1500244140625,580.6500244140625,581.1500244140625,581.1500244140625,24362
2023-11-09 09:44:00+05:30,580.9500122070312,581.2000122070312,580.9000244140625,581.0,581.0,8817
2023-11-09 09:45:00+05:30,581.0499877929688,581.25,581.0,581.0499877929688,581.0499877929688,9355
2023-11-09 09:46:00+05:30,581.0999755859375,581.4500122070312,581.0,581.25,581.25,9530
2023-11-09 09:47:00+05:30,581.2000122070312,581.3499755859375,581.0,581.0,581.0,14894
2023-11-09 09:48:00+05:30,581.0,581.1500244140625,580.7000122070312,580.7999877929688,580.7999877929688,13547
2023-11-09 09:49:00+05:30,580.7999877929688,580.9500122070312,580.7000122070312,580.7999877929688,580.7999877929688,7258
2023-11-09 09:50:00+05:30,580.7999877929688,580.7999877929688,579.5999755859375,579.9000244140625,579.9000244140625,75712
2023-11-09 09:51:00+05:30,579.6500244140625,580.1500244140625,579.6500244140625,579.9000244140625,579.9000244140625,21639
2023-11-09 09:52:00+05:30,580.0,580.0,579.7000122070312,579.75,579.75,43558
2023-11-09 09:53:00+05:30,579.75,579.8499755859375,579.5499877929688,579.5499877929688,579.5499877929688,69229
2023-11-09 09:54:00+05:30,579.5499877929688,580.4000244140625,579.5499877929688,580.1500244140625,580.1500244140625,100451
2023-11-09 09:55:00+05:30,580.4000244140625,580.5,580.2000122070312,580.25,580.25,36835
2023-11-09 09:56:00+05:30,580.5,580.5,579.7000122070312,579.7000122070312,579.7000122070312,122214
2023-11-09 09:57:00+05:30,579.9000244140625,580.0,579.75,579.7999877929688,579.7999877929688,41860
2023-11-09 09:58:00+05:30,579.9000244140625,579.9500122070312,579.7000122070312,579.7000122070312,579.7000122070312,40462
2023-11-09 09:59:00+05:30,579.75,579.75,579.7000122070312,579.75,579.75,17442
2023-11-09 10:00:00+05:30,579.75,579.75,579.7000122070312,579.7000122070312,579.7000122070312,13899
2023-11-09 10:01:00+05:30,579.7000122070312,579.7000122070312,579.3499755859375,579.4500122070312,579.4500122070312,54424
2023-11-09 10:02:00+05:30,579.5,579.5499877929688,579.4000244140625,579.5,579.5,62938
2023-11-09 10:03:00+05:30,579.4000244140625,579.75,579.4000244140625,579.4500122070312,579.4500122070312,36523
2023-11-09 10:04:00+05:30,579.5,579.9500122070312,579.4500122070312,579.8499755859375,579.8499755859375,21437
2023-11-09 10:05:00+05:30,579.9500122070312,580.25,579.8499755859375,580.25,580.25,13660
2023-11-09 10:06:00+05:30,580.25,580.25,579.9500122070312,580.2000122070312,580.2000122070312,36935
2023-11-09 10:07:00+05:30,580.2000122070312,580.25,579.8499755859375,580.0,580.0,15564
2023-11-09 10:08:00+05:30,579.9500122070312,580.0,579.7000122070312,579.7999877929688,579.7999877929688,16504
2023-11-09 10:09:00+05:30,579.7999877929688,580.0,579.7000122070312,579.75,579.75,14202
2023-11-09 10:10:00+05:30,579.75,579.7999877929688,579.5,579.6500244140625,579.6500244140625,25986
2023-11-09 10:11:00+05:30,579.5999755859375,579.75,579.2999877929688,579.2999877929688,579.2999877929688,65497
2023-11-09 10:12:00+05:30,579.2999877929688,579.2999877929688,579.1500244140625,579.25,579.25,42579
2023-11-09 10:13:00+05:30,579.2000122070312,579.5,579.2000122070312,579.5,579.5,43728
2023-11-09 10:14:00+05:30,579.5,579.5,579.4500122070312,579.4500122070312,579.4500122070312,14086
2023-11-09 10:15:00+05:30,579.3499755859375,579.5,579.2000122070312,579.2000122070312,579.2000122070312,39744
2023-11-09 10:16:00+05:30,579.2000122070312,579.2000122070312,578.75,579.1500244140625,579.1500244140625,81473
2023-11-09 10:17:00+05:30,579.2000122070312,579.4000244140625,578.7999877929688,578.7999877929688,578.7999877929688,94017
2023-11-09 10:18:00+05:30,578.8499755859375,579.0999755859375,578.7999877929688,578.9500122070312,578.9500122070312,31246
2023-11-09 10:19:00+05:30,579.0,579.0,578.9000244140625,578.9500122070312,578.9500122070312,9503
2023-11-09 10:20:00+05:30,579.0,579.0,578.9000244140625,578.9000244140625,578.9000244140625,12971
2023-11-09 10:21:00+05:30,578.9000244140625,579.0,578.9000244140625,579.0,579.0,7382
2023-11-09 10:22:00+05:30,578.9500122070312,579.0,578.9500122070312,579.0,579.0,17359
2023-11-09 10:23:00+05:30,579.0,579.0,578.9000244140625,578.9500122070312,578.9500122070312,26117
2023-11-09 10:24:00+05:30,578.9000244140625,579.0,578.7999877929688,578.7999877929688,578.7999877929688,11462
2023-11-09 10:25:00+05:30,578.75,578.9000244140625,578.7000122070312,578.75,578.75,13602
2023-11-09 10:26:00+05:30,578.7999877929688,578.7999877929688,578.0999755859375,578.3499755859375,578.3499755859375,43278
2023-11-09 10:27:00+05:30,578.2000122070312,578.2000122070312,577.1500244140625,577.7999877929688,577.7999877929688,65625
2023-11-09 10:28:00+05:30,577.6500244140625,577.8499755859375,577.4000244140625,577.4000244140625,577.4000244140625,23892
2023-11-09 10:29:00+05:30,577.4000244140625,577.7999877929688,577.25,577.5,577.5,12904
2023-11-09 10:30:00+05:30,577.5,578.0,577.5,577.7999877929688,577.7999877929688,32653
2023-11-09 10:31:00+05:30,577.9000244140625,577.9000244140625,577.5,577.7000122070312,577.7000122070312,22957
2023-11-09 10:32:00+05:30,577.5,578.0,577.5,577.8499755859375,577.8499755859375,17332
2023-11-09 10:33:00+05:30,577.7000122070312,577.8499755859375,577.7000122070312,577.7999877929688,577.7999877929688,8480
2023-11-09 10:34:00+05:30,577.75,577.7999877929688,577.2999877929688,577.2999877929688,577.2999877929688,36590
2023-11-09 10:35:00+05:30,577.25,577.5,577.0999755859375,577.4000244140625,577.4000244140625,117279
2023-11-09 10:36:00+05:30,577.25,577.7000122070312,577.25,577.2999877929688,577.2999877929688,95846
2023-11-09 10:37:00+05:30,577.5,577.5,577.2000122070312,577.2999877929688,577.2999877929688,30104
2023-11-09 10:38:00+05:30,577.25,577.2999877929688,577.2000122070312,577.2000122070312,577.2000122070312,27230
2023-11-09 10:39:00+05:30,577.1500244140625,577.4500122070312,577.1500244140625,577.3499755859375,577.3499755859375,66968
2023-11-09 10:40:00+05:30,577.5,577.5,577.0499877929688,577.3499755859375,577.3499755859375,37513
2023-11-09 10:41:00+05:30,577.3499755859375,577.4500122070312,577.0,577.0,577.0,25964
2023-11-09 10:42:00+05:30,577.0499877929688,577.4000244140625,577.0,577.2999877929688,577.2999877929688,55720
2023-11-09 10:43:00+05:30,577.25,577.4000244140625,577.0999755859375,577.0999755859375,577.0999755859375,52320
2023-11-09 10:44:00+05:30,577.25,577.3499755859375,577.0999755859375,577.0999755859375,577.0999755859375,27361
2023-11-09 10:45:00+05:30,577.1500244140625,577.3499755859375,577.1500244140625,577.2000122070312,577.2000122070312,18384
2023-11-09 10:46:00+05:30,577.2999877929688,577.3499755859375,577.1500244140625,577.2000122070312,577.2000122070312,14742
2023-11-09 10:47:00+05:30,577.25,577.2999877929688,576.6500244140625,576.9500122070312,576.9500122070312,44954
2023-11-09 10:48:00+05:30,577.0,577.0,576.6500244140625,576.7000122070312,576.7000122070312,15969
2023-11-09 10:49:00+05:30,576.7000122070312,577.0,576.6500244140625,576.6500244140625,576.6500244140625,14281
2023-11-09 10:50:00+05:30,576.75,576.7999877929688,576.5,576.75,576.75,20722
2023-11-09 10:51:00+05:30,576.75,576.7999877929688,576.5999755859375,576.7000122070312,576.7000122070312,10896
2023-11-09 10:52:00+05:30,576.6500244140625,576.75,576.5999755859375,576.6500244140625,576.6500244140625,25127
2023-11-09 10:53:00+05:30,576.6500244140625,577.0999755859375,576.5999755859375,577.0,577.0,19343
2023-11-09 10:54:00+05:30,577.0,577.2999877929688,577.0,577.1500244140625,577.1500244140625,33639
2023-11-09 10:55:00+05:30,577.2000122070312,577.25,577.0,577.0,577.0,27750
2023-11-09 10:56:00+05:30,576.9500122070312,577.25,576.9500122070312,577.0999755859375,577.0999755859375,9821
2023-11-09 10:57:00+05:30,577.25,577.25,577.0,577.0999755859375,577.0999755859375,16585
2023-11-09 10:58:00+05:30,577.0999755859375,577.3499755859375,577.0999755859375,577.0999755859375,577.0999755859375,16674
2023-11-09 10:59:00+05:30,577.1500244140625,577.3499755859375,577.1500244140625,577.1500244140625,577.1500244140625,17075
2023-11-09 11:00:00+05:30,577.25,577.3499755859375,577.1500244140625,577.3499755859375,577.3499755859375,20318
2023-11-09 11:01:00+05:30,577.2999877929688,577.3499755859375,577.0499877929688,577.0499877929688,577.0499877929688,29292
2023-11-09 11:02:00+05:30,577.25,577.25,576.9500122070312,577.0,577.0,58847
2023-11-09 11:03:00+05:30,577.0999755859375,577.3499755859375,577.0499877929688,577.2000122070312,577.2000122070312,28265
2023-11-09 11:04:00+05:30,577.25,577.3499755859375,577.0499877929688,577.0499877929688,577.0499877929688,111081
2023-11-09 11:05:00+05:30,577.0999755859375,577.2000122070312,577.0499877929688,577.2000122070312,577.2000122070312,9722
2023-11-09 11:06:00+05:30,577.1500244140625,577.2999877929688,577.0999755859375,577.25,577.25,12123
2023-11-09 11:07:00+05:30,577.25,577.5,576.9500122070312,577.0,577.0,173579
2023-11-09 11:08:00+05:30,577.0,577.1500244140625,576.9500122070312,577.0499877929688,577.0499877929688,19132
2023-11-09 11:09:00+05:30,577.0,577.0999755859375,576.8499755859375,577.0,577.0,40986
2023-11-09 11:10:00+05:30,576.9000244140625,577.1500244140625,576.9000244140625,577.0999755859375,577.0999755859375,19731
2023-11-09 11:11:00+05:30,577.0499877929688,577.2000122070312,577.0,577.1500244140625,577.1500244140625,31038
2023-11-09 11:12:00+05:30,577.1500244140625,577.3499755859375,577.0,577.25,577.25,118233
2023-11-09 11:13:00+05:30,577.2999877929688,577.4000244140625,577.2000122070312,577.3499755859375,577.3499755859375,16480
2023-11-09 11:14:00+05:30,577.3499755859375,577.3499755859375,577.0999755859375,577.0999755859375,577.0999755859375,14063
2023-11-09 11:15:00+05:30,577.3499755859375,577.3499755859375,577.0999755859375,577.25,577.25,6402
2023-11-09 11:16:00+05:30,577.25,577.3499755859375,577.1500244140625,577.25,577.25,10354
2023-11-09 11:17:00+05:30,577.25,577.25,576.7000122070312,576.7999877929688,576.7999877929688,316488
2023-11-09 11:18:00+05:30,576.7999877929688,577.0,576.7999877929688,577.0,577.0,4405
2023-11-09 11:19:00+05:30,577.0,577.0,576.7000122070312,576.9500122070312,576.9500122070312,82966
2023-11-09 11:20:00+05:30,576.9500122070312,577.0,576.7000122070312,576.75,576.75,125674
2023-11-09 11:21:00+05:30,576.7999877929688,577.2000122070312,576.5999755859375,577.1500244140625,577.1500244140625,87095
2023-11-09 11:22:00+05:30,577.0499877929688,577.25,577.0,577.0499877929688,577.0499877929688,6403
2023-11-09 11:23:00+05:30,577.2000122070312,577.2000122070312,577.0499877929688,577.0999755859375,577.0999755859375,8668
2023-11-09 11:24:00+05:30,577.0999755859375,577.2000122070312,577.0999755859375,577.1500244140625,577.1500244140625,5293
2023-11-09 11:25:00+05:30,577.2000122070312,577.3499755859375,577.0499877929688,577.3499755859375,577.3499755859375,22944
2023-11-09 11:26:00+05:30,577.2999877929688,577.3499755859375,577.25,577.3499755859375,577.3499755859375,9356
2023-11-09 11:27:00+05:30,577.25,577.3499755859375,577.2000122070312,577.25,577.25,14881
2023-11-09 11:28:00+05:30,577.2999877929688,577.3499755859375,577.2000122070312,577.3499755859375,577.3499755859375,14210
2023-11-09 11:29:00+05:30,577.2999877929688,577.3499755859375,577.25,577.2999877929688,577.2999877929688,19704
2023-11-09 11:30:00+05:30,577.2999877929688,577.2999877929688,577.0999755859375,577.1500244140625,577.1500244140625,11706
2023-11-09 11:31:00+05:30,577.0999755859375,577.25,577.0999755859375,577.25,577.25,9749
2023-11-09 11:32:00+05:30,577.2000122070312,577.25,577.0499877929688,577.2000122070312,577.2000122070312,10702
2023-11-09 11:33:00+05:30,577.0499877929688,577.25,577.0499877929688,577.2000122070312,577.2000122070312,6943
2023-11-09 11:34:00+05:30,577.25,577.2999877929688,577.2000122070312,577.2999877929688,577.2999877929688,14756
2023-11-09 11:35:00+05:30,577.25,577.2999877929688,577.25,577.2999877929688,577.2999877929688,7115
2023-11-09 11:36:00+05:30,577.25,577.2999877929688,577.1500244140625,577.25,577.25,13543
2023-11-09 11:37:00+05:30,577.2999877929688,577.2999877929688,577.0,577.0999755859375,577.0999755859375,14382
2023-11-09 11:38:00+05:30,577.1500244140625,577.2999877929688,577.0499877929688,577.2999877929688,577.2999877929688,8075
2023-11-09 11:39:00+05:30,577.2999877929688,577.2999877929688,577.2000122070312,577.2999877929688,577.2999877929688,7461
2023-11-09 11:40:00+05:30,577.25,577.25,577.2000122070312,577.25,577.25,8318
2023-11-09 11:41:00+05:30,577.2000122070312,577.25,577.2000122070312,577.25,577.25,6583
2023-11-09 11:42:00+05:30,577.2000122070312,577.4000244140625,577.2000122070312,577.3499755859375,577.3499755859375,12733
2023-11-09 11:43:00+05:30,577.2999877929688,577.4000244140625,577.2999877929688,577.2999877929688,577.2999877929688,21585
2023-11-09 11:44:00+05:30,577.2999877929688,577.3499755859375,577.25,577.2999877929688,577.2999877929688,15219
2023-11-09 11:45:00+05:30,577.25,577.3499755859375,577.25,577.2999877929688,577.2999877929688,25116
2023-11-09 11:46:00+05:30,577.2999877929688,577.3499755859375,577.0499877929688,577.0499877929688,577.0499877929688,19450
2023-11-09 11:47:00+05:30,577.0499877929688,577.2999877929688,577.0,577.0499877929688,577.0499877929688,105363
2023-11-09 11:48:00+05:30,577.0,577.1500244140625,577.0,577.0999755859375,577.0999755859375,68716
2023-11-09 11:49:00+05:30,577.0499877929688,577.4500122070312,577.0499877929688,577.3499755859375,577.3499755859375,188905
2023-11-09 11:50:00+05:30,577.2999877929688,577.7999877929688,577.2000122070312,577.75,577.75,31667
2023-11-09 11:51:00+05:30,577.7000122070312,578.3499755859375,577.7000122070312,578.2999877929688,578.2999877929688,39642
2023-11-09 11:52:00+05:30,578.2999877929688,578.8499755859375,578.25,578.2999877929688,578.2999877929688,35365
2023-11-09 11:53:00+05:30,578.2999877929688,578.5,578.2000122070312,578.2000122070312,578.2000122070312,85675
2023-11-09 11:54:00+05:30,578.2000122070312,578.5,578.2000122070312,578.2999877929688,578.2999877929688,198240
2023-11-09 11:55:00+05:30,578.2999877929688,578.4500122070312,578.0,578.3499755859375,578.3499755859375,134576
2023-11-09 11:56:00+05:30,578.2999877929688,578.4000244140625,578.1500244140625,578.25,578.25,40053
2023-11-09 11:57:00+05:30,578.1500244140625,578.25,578.0,578.2000122070312,578.2000122070312,98097
2023-11-09 11:58:00+05:30,578.2000122070312,578.25,577.8499755859375,577.9000244140625,577.9000244140625,30322
2023-11-09 11:59:00+05:30,577.9000244140625,578.1500244140625,577.7999877929688,578.0,578.0,78774
2023-11-09 12:00:00+05:30,578.0,578.0,577.7999877929688,577.8499755859375,577.8499755859375,29037
2023-11-09 12:01:00+05:30,578.0,578.0,577.9000244140625,578.0,578.0,13520
2023-11-09 12:02:00+05:30,577.9500122070312,578.0,577.5999755859375,578.0,578.0,125819
2023-11-09 12:03:00+05:30,578.0,578.0,577.7999877929688,578.0,578.0,57812
2023-11-09 12:04:00+05:30,578.0,578.0999755859375,577.7000122070312,577.75,577.75,39297
2023-11-09 12:05:00+05:30,577.75,577.9000244140625,577.7000122070312,577.7999877929688,577.7999877929688,23397
2023-11-09 12:06:00+05:30,577.7999877929688,578.0499877929688,577.75,577.9500122070312,577.9500122070312,23687
2023-11-09 12:07:00+05:30,577.9500122070312,577.9500122070312,577.6500244140625,577.9000244140625,577.9000244140625,62623
2023-11-09 12:08:00+05:30,577.9000244140625,578.0,577.6500244140625,578.0,578.0,50762
2023-11-09 12:09:00+05:30,578.0,578.0999755859375,577.8499755859375,578.0,578.0,73756
2023-11-09 12:10:00+05:30,577.8499755859375,578.0,577.7999877929688,577.9500122070312,577.9500122070312,6965
2023-11-09 12:12:00+05:30,578.0,578.0,577.6500244140625,577.7000122070312,577.7000122070312,40947
2023-11-09 12:13:00+05:30,577.7000122070312,577.9000244140625,577.5,577.75,577.75,110434
2023-11-09 12:14:00+05:30,577.75,578.25,577.75,577.9000244140625,577.9000244140625,24875
2023-11-09 12:15:00+05:30,578.0,578.0,577.6500244140625,577.7000122070312,577.7000122070312,79021
2023-11-09 12:16:00+05:30,577.7000122070312,577.75,577.6500244140625,577.7000122070312,577.7000122070312,26462
2023-11-09 12:17:00+05:30,577.6500244140625,578.0,577.3499755859375,577.4000244140625,577.4000244140625,53967
2023-11-09 12:18:00+05:30,577.4000244140625,578.3499755859375,577.4000244140625,578.25,578.25,81352
2023-11-09 12:19:00+05:30,578.2999877929688,578.2999877929688,578.0,578.25,578.25,7944
2023-11-09 12:20:00+05:30,578.2999877929688,578.4500122070312,578.1500244140625,578.4500122070312,578.4500122070312,21648
2023-11-09 12:21:00+05:30,578.4000244140625,578.75,578.3499755859375,578.4000244140625,578.4000244140625,31391
2023-11-09 12:22:00+05:30,578.4500122070312,578.5499877929688,578.2999877929688,578.3499755859375,578.3499755859375,13570
2023-11-09 12:23:00+05:30,578.4000244140625,578.4500122070312,578.2999877929688,578.4000244140625,578.4000244140625,7707
2023-11-09 12:24:00+05:30,578.4000244140625,578.4500122070312,578.25,578.25,578.25,8053
2023-11-09 12:25:00+05:30,578.3499755859375,578.4000244140625,578.2000122070312,578.3499755859375,578.3499755859375,5796
2023-11-09 12:26:00+05:30,578.2999877929688,578.75,578.1500244140625,578.5499877929688,578.5499877929688,32813
2023-11-09 12:27:00+05:30,578.5499877929688,578.6500244140625,578.5499877929688,578.6500244140625,578.6500244140625,7492
2023-11-09 12:28:00+05:30,578.6500244140625,578.7999877929688,578.5,578.5,578.5,28073
2023-11-09 12:29:00+05:30,578.5,578.75,578.25,578.4000244140625,578.4000244140625,185056
2023-11-09 12:30:00+05:30,578.5999755859375,578.7000122070312,578.3499755859375,578.5,578.5,13530
2023-11-09 12:31:00+05:30,578.5999755859375,578.8499755859375,578.3499755859375,578.8499755859375,578.8499755859375,47239
2023-11-09 12:32:00+05:30,578.75,578.8499755859375,578.4500122070312,578.6500244140625,578.6500244140625,49602
2023-11-09 12:33:00+05:30,578.6500244140625,578.7999877929688,578.5,578.5,578.5,13774
2023-11-09 12:34:00+05:30,578.5,578.7999877929688,578.5,578.6500244140625,578.6500244140625,9606
2023-11-09 12:35:00+05:30,578.6500244140625,578.7000122070312,578.5999755859375,578.6500244140625,578.6500244140625,6922
2023-11-09 12:36:00+05:30,578.6500244140625,578.7000122070312,578.5499877929688,578.5999755859375,578.5999755859375,13061
2023-11-09 12:37:00+05:30,578.5999755859375,578.7000122070312,578.5999755859375,578.7000122070312,578.7000122070312,7647
2023-11-09 12:38:00+05:30,578.5999755859375,578.7000122070312,578.5999755859375,578.6500244140625,578.6500244140625,10744
2023-11-09 12:39:00+05:30,578.5999755859375,578.7000122070312,578.5999755859375,578.6500244140625,578.6500244140625,9017
2023-11-09 12:40:00+05:30,578.7000122070312,578.7000122070312,578.4000244140625,578.4000244140625,578.4000244140625,18462
2023-11-09 12:41:00+05:30,578.4000244140625,578.5,578.25,578.2999877929688,578.2999877929688,17631
2023-11-09 12:42:00+05:30,578.2999877929688,578.2999877929688,578.25,578.2999877929688,578.2999877929688,13117
2023-11-09 12:43:00+05:30,578.2999877929688,578.2999877929688,578.0499877929688,578.2999877929688,578.2999877929688,17261
2023-11-09 12:44:00+05:30,578.2999877929688,578.2999877929688,578.0499877929688,578.2000122070312,578.2000122070312,15371
2023-11-09 12:45:00+05:30,578.25,578.2999877929688,578.1500244140625,578.2000122070312,578.2000122070312,12363
2023-11-09 12:46:00+05:30,578.1500244140625,578.25,578.0999755859375,578.1500244140625,578.1500244140625,10566
2023-11-09 12:47:00+05:30,578.0999755859375,578.1500244140625,577.7999877929688,577.9000244140625,577.9000244140625,46794
2023-11-09 12:48:00+05:30,577.75,577.75,577.0,577.1500244140625,577.1500244140625,63148
2023-11-09 12:49:00+05:30,577.1500244140625,577.3499755859375,577.0,577.0999755859375,577.0999755859375,38255
2023-11-09 12:50:00+05:30,577.2000122070312,577.25,577.0499877929688,577.1500244140625,577.1500244140625,17973
2023-11-09 12:51:00+05:30,577.1500244140625,577.25,577.0999755859375,577.25,577.25,9283
2023-11-09 12:52:00+05:30,577.25,577.25,577.0,577.0999755859375,577.0999755859375,50859
2023-11-09 12:53:00+05:30,577.0,577.2000122070312,577.0,577.1500244140625,577.1500244140625,10363
2023-11-09 12:54:00+05:30,577.0999755859375,577.25,577.0999755859375,577.25,577.25,18648
2023-11-09 12:55:00+05:30,577.2000122070312,577.25,577.2000122070312,577.25,577.25,9319
2023-11-09 12:56:00+05:30,577.2000122070312,577.25,577.2000122070312,577.2000122070312,577.2000122070312,22133
2023-11-09 12:57:00+05:30,577.25,577.3499755859375,577.2000122070312,577.2000122070312,577.2000122070312,13602
2023-11-09 12:58:00+05:30,577.3499755859375,577.3499755859375,577.2000122070312,577.2999877929688,577.2999877929688,7422
2023-11-09 12:59:00+05:30,577.3499755859375,577.3499755859375,577.25,577.3499755859375,577.3499755859375,11296
2023-11-09 13:00:00+05:30,577.2999877929688,577.4000244140625,577.2000122070312,577.25,577.25,24930
2023-11-09 13:01:00+05:30,577.25,577.4000244140625,577.2000122070312,577.3499755859375,577.3499755859375,17264
2023-11-09 13:02:00+05:30,577.3499755859375,577.4000244140625,577.25,577.3499755859375,577.3499755859375,30073
2023-11-09 13:03:00+05:30,577.4000244140625,577.4000244140625,577.2000122070312,577.2000122070312,577.2000122070312,15359
2023-11-09 13:04:00+05:30,577.2000122070312,577.4000244140625,577.2000122070312,577.2000122070312,577.2000122070312,12966
2023-11-09 13:05:00+05:30,577.2000122070312,577.25,577.0,577.2000122070312,577.2000122070312,18234
2023-11-09 13:06:00+05:30,577.1500244140625,577.2000122070312,577.0,577.0999755859375,577.0999755859375,28395
2023-11-09 13:07:00+05:30,577.0999755859375,577.1500244140625,577.0,577.0,577.0,15238
2023-11-09 13:08:00+05:30,577.0499877929688,577.2000122070312,577.0,577.1500244140625,577.1500244140625,11530
2023-11-09 13:09:00+05:30,577.1500244140625,577.25,576.9500122070312,577.25,577.25,86914
2023-11-09 13:10:00+05:30,577.0,577.25,576.9000244140625,577.2000122070312,577.2000122070312,44367
2023-11-09 13:11:00+05:30,577.2000122070312,577.25,577.0999755859375,577.25,577.25,12523
2023-11-09 13:12:00+05:30,577.2000122070312,577.5,577.1500244140625,577.4000244140625,577.4000244140625,30254
2023-11-09 13:13:00+05:30,577.4000244140625,577.4000244140625,577.0999755859375,577.4000244140625,577.4000244140625,48099
2023-11-09 13:14:00+05:30,577.4500122070312,577.5,577.2999877929688,577.5,577.5,17542
2023-11-09 13:15:00+05:30,577.4000244140625,577.5,577.3499755859375,577.4000244140625,577.4000244140625,36816
2023-11-09 13:16:00+05:30,577.5,577.5,577.2999877929688,577.5,577.5,982
2023-11-09 13:17:00+05:30,577.4500122070312,577.5,577.4000244140625,577.4500122070312,577.4500122070312,34794
2023-11-09 13:18:00+05:30,577.4500122070312,577.9500122070312,577.4500122070312,577.7999877929688,577.7999877929688,55135
2023-11-09 13:19:00+05:30,577.9500122070312,578.1500244140625,577.75,578.0999755859375,578.0999755859375,13105
2023-11-09 13:20:00+05:30,578.1500244140625,578.4000244140625,578.0999755859375,578.25,578.25,13899
2023-11-09 13:21:00+05:30,578.2000122070312,578.2999877929688,578.0999755859375,578.0999755859375,578.0999755859375,23467
2023-11-09 13:22:00+05:30,578.2999877929688,578.2999877929688,578.0,578.1500244140625,578.1500244140625,13309
2023-11-09 13:23:00+05:30,578.25,578.25,578.0,578.0999755859375,578.0999755859375,12575
2023-11-09 13:24:00+05:30,578.2000122070312,578.2000122070312,578.0,578.0499877929688,578.0499877929688,8836
2023-11-09 13:25:00+05:30,578.0999755859375,578.1500244140625,577.9500122070312,578.0,578.0,61894
2023-11-09 13:26:00+05:30,578.0,578.1500244140625,577.8499755859375,578.0499877929688,578.0499877929688,16824
2023-11-09 13:27:00+05:30,578.1500244140625,578.1500244140625,578.0499877929688,578.0499877929688,578.0499877929688,7465
2023-11-09 13:28:00+05:30,578.0499877929688,578.1500244140625,578.0,578.0499877929688,578.0499877929688,10716
2023-11-09 13:29:00+05:30,578.0,578.0999755859375,577.9500122070312,577.9500122070312,577.9500122070312,36457
2023-11-09 13:30:00+05:30,577.9500122070312,578.0499877929688,577.9500122070312,578.0,578.0,25288
2023-11-09 13:31:00+05:30,578.0499877929688,578.0499877929688,578.0,578.0,578.0,1817
2023-11-09 13:32:00+05:30,577.9000244140625,578.0,577.7999877929688,577.9500122070312,577.9500122070312,43715
2023-11-09 13:33:00+05:30,577.9500122070312,578.0,577.9500122070312,578.0,578.0,889
2023-11-09 13:34:00+05:30,577.8499755859375,577.9000244140625,577.7000122070312,577.7000122070312,577.7000122070312,22446
2023-11-09 13:35:00+05:30,577.75,578.0,577.5999755859375,577.9500122070312,577.9500122070312,18344
2023-11-09 13:36:00+05:30,577.9500122070312,578.0,577.8499755859375,577.9000244140625,577.9000244140625,5367
2023-11-09 13:37:00+05:30,577.9500122070312,578.0,577.8499755859375,577.9000244140625,577.9000244140625,10578
2023-11-09 13:38:00+05:30,577.9000244140625,577.9000244140625,577.6500244140625,577.8499755859375,577.8499755859375,21949
2023-11-09 13:39:00+05:30,577.7999877929688,577.8499755859375,577.6500244140625,577.7000122070312,577.7000122070312,15390
2023-11-09 13:40:00+05:30,577.75,577.8499755859375,577.5499877929688,577.75,577.75,11349
2023-11-09 13:41:00+05:30,577.7999877929688,577.7999877929688,577.3499755859375,577.4000244140625,577.4000244140625,16468
2023-11-09 13:42:00+05:30,577.4000244140625,577.5,577.25,577.4500122070312,577.4500122070312,12040
2023-11-09 13:43:00+05:30,577.4000244140625,577.5,577.2999877929688,577.3499755859375,577.3499755859375,50122
2023-11-09 13:44:00+05:30,577.2999877929688,577.6500244140625,577.2999877929688,577.5499877929688,577.5499877929688,55968
2023-11-09 13:45:00+05:30,577.5499877929688,577.7000122070312,577.4500122070312,577.4500122070312,577.4500122070312,6342
2023-11-09 13:46:00+05:30,577.5499877929688,577.5999755859375,577.4500122070312,577.5999755859375,577.5999755859375,443
2023-11-09 13:47:00+05:30,577.75,577.7999877929688,577.5,577.5,577.5,17218
2023-11-09 13:48:00+05:30,577.5,577.5999755859375,577.5,577.5999755859375,577.5999755859375,9368
2023-11-09 13:49:00+05:30,577.5999755859375,577.8499755859375,577.5,577.5,577.5,9032
2023-11-09 13:50:00+05:30,577.5,577.7000122070312,577.4000244140625,577.4000244140625,577.4000244140625,8599
2023-11-09 13:51:00+05:30,577.5,577.7000122070312,577.4000244140625,577.5499877929688,577.5499877929688,6194
2023-11-09 13:52:00+05:30,577.5999755859375,577.7000122070312,577.4500122070312,577.5,577.5,6899
2023-11-09 13:53:00+05:30,577.5999755859375,577.9500122070312,577.5,577.75,577.75,7887
2023-11-09 13:54:00+05:30,577.75,577.8499755859375,577.75,577.7999877929688,577.7999877929688,6646
2023-11-09 13:55:00+05:30,577.8499755859375,578.1500244140625,577.75,578.0499877929688,578.0499877929688,71335
2023-11-09 13:56:00+05:30,578.0999755859375,578.2000122070312,578.0,578.1500244140625,578.1500244140625,14829
2023-11-09 13:57:00+05:30,578.1500244140625,578.2000122070312,578.0499877929688,578.1500244140625,578.1500244140625,7641
2023-11-09 13:58:00+05:30,578.1500244140625,578.3499755859375,578.1500244140625,578.3499755859375,578.3499755859375,9739
2023-11-09 13:59:00+05:30,578.2999877929688,578.4000244140625,578.25,578.4000244140625,578.4000244140625,8667
2023-11-09 14:00:00+05:30,578.3499755859375,578.4000244140625,577.9000244140625,578.1500244140625,578.1500244140625,59014
2023-11-09 14:01:00+05:30,578.0999755859375,578.5,577.75,578.5,578.5,71474
2023-11-09 14:02:00+05:30,578.3499755859375,578.9000244140625,578.3499755859375,578.75,578.75,130221
2023-11-09 14:03:00+05:30,578.75,578.8499755859375,578.1500244140625,578.3499755859375,578.3499755859375,19363
2023-11-09 14:04:00+05:30,578.4500122070312,578.5,578.2999877929688,578.3499755859375,578.3499755859375,9127
2023-11-09 14:05:00+05:30,578.4500122070312,578.5,578.25,578.4000244140625,578.4000244140625,10840
2023-11-09 14:06:00+05:30,578.2999877929688,578.5,578.2999877929688,578.4000244140625,578.4000244140625,7225
2023-11-09 14:07:00+05:30,578.4500122070312,578.5,578.2000122070312,578.5,578.5,52838
2023-11-09 14:08:00+05:30,578.4000244140625,578.75,578.4000244140625,578.5999755859375,578.5999755859375,19479
2023-11-09 14:09:00+05:30,578.5999755859375,578.9500122070312,578.4500122070312,578.7999877929688,578.7999877929688,53923
2023-11-09 14:10:00+05:30,578.9000244140625,578.9500122070312,578.7000122070312,578.75,578.75,7611
2023-11-09 14:11:00+05:30,578.75,578.7999877929688,578.5,578.5999755859375,578.5999755859375,12147
2023-11-09 14:12:00+05:30,578.5999755859375,578.8499755859375,578.4000244140625,578.4000244140625,578.4000244140625,20474
2023-11-09 14:13:00+05:30,578.4000244140625,578.75,578.2999877929688,578.5499877929688,578.5499877929688,31869
2023-11-09 14:14:00+05:30,578.5499877929688,578.7999877929688,578.3499755859375,578.5,578.5,20295
2023-11-09 14:15:00+05:30,578.7000122070312,578.75,578.4500122070312,578.5499877929688,578.5499877929688,12644
2023-11-09 14:16:00+05:30,578.5499877929688,578.75,578.2999877929688,578.3499755859375,578.3499755859375,32004
2023-11-09 14:17:00+05:30,578.5,578.7000122070312,578.2999877929688,578.6500244140625,578.6500244140625,15221
2023-11-09 14:18:00+05:30,578.5999755859375,578.7000122070312,578.5499877929688,578.6500244140625,578.6500244140625,15442
2023-11-09 14:19:00+05:30,578.6500244140625,578.7000122070312,578.3499755859375,578.6500244140625,578.6500244140625,30995
2023-11-09 14:20:00+05:30,578.6500244140625,578.75,578.2000122070312,578.75,578.75,96699
2023-11-09 14:21:00+05:30,578.75,578.75,578.4500122070312,578.7000122070312,578.7000122070312,17145
2023-11-09 14:22:00+05:30,578.7000122070312,578.8499755859375,578.4500122070312,578.5999755859375,578.5999755859375,24904
2023-11-09 14:23:00+05:30,578.5999755859375,578.75,578.0499877929688,578.0499877929688,578.0499877929688,88778
2023-11-09 14:24:00+05:30,578.0,578.2000122070312,577.9000244140625,578.0,578.0,23784
2023-11-09 14:25:00+05:30,578.0,578.25,577.7999877929688,578.0999755859375,578.0999755859375,35007
2023-11-09 14:26:00+05:30,578.0,578.25,578.0,578.0499877929688,578.0499877929688,6189
2023-11-09 14:27:00+05:30,578.0999755859375,578.4500122070312,577.8499755859375,578.25,578.25,15097
2023-11-09 14:28:00+05:30,578.4000244140625,578.4500122070312,578.0,578.0,578.0,7910
2023-11-09 14:29:00+05:30,578.0499877929688,578.4500122070312,578.0,578.4000244140625,578.4000244140625,9181
2023-11-09 14:30:00+05:30,578.4500122070312,578.5999755859375,578.2999877929688,578.4500122070312,578.4500122070312,15689
2023-11-09 14:31:00+05:30,578.4000244140625,578.5999755859375,578.2999877929688,578.5499877929688,578.5499877929688,9570
2023-11-09 14:32:00+05:30,578.5,578.6500244140625,578.4500122070312,578.5499877929688,578.5499877929688,9624
2023-11-09 14:33:00+05:30,578.5499877929688,578.5499877929688,578.2999877929688,578.4000244140625,578.4000244140625,7649
2023-11-09 14:34:00+05:30,578.3499755859375,578.5499877929688,578.2999877929688,578.5,578.5,5403
2023-11-09 14:35:00+05:30,578.6500244140625,578.7000122070312,578.5,578.7000122070312,578.7000122070312,9983
2023-11-09 14:36:00+05:30,578.7000122070312,578.7000122070312,578.4500122070312,578.7000122070312,578.7000122070312,8600
2023-11-09 14:37:00+05:30,578.7000122070312,579.2999877929688,578.6500244140625,579.0499877929688,579.0499877929688,89469
2023-11-09 14:38:00+05:30,579.1500244140625,579.1500244140625,578.8499755859375,578.9000244140625,578.9000244140625,21312
2023-11-09 14:39:00+05:30,578.8499755859375,578.9000244140625,578.5499877929688,578.7999877929688,578.7999877929688,16024
2023-11-09 14:40:00+05:30,578.7999877929688,578.7999877929688,578.5499877929688,578.6500244140625,578.6500244140625,9167
2023-11-09 14:41:00+05:30,578.6500244140625,578.7000122070312,578.5499877929688,578.5499877929688,578.5499877929688,8284
2023-11-09 14:42:00+05:30,578.5999755859375,578.7999877929688,578.5499877929688,578.6500244140625,578.6500244140625,12102
2023-11-09 14:43:00+05:30,578.6500244140625,578.75,578.5499877929688,578.7000122070312,578.7000122070312,9487
2023-11-09 14:44:00+05:30,578.5499877929688,578.75,578.5,578.75,578.75,6116
2023-11-09 14:45:00+05:30,578.7000122070312,578.75,578.2999877929688,578.5499877929688,578.5499877929688,38917
2023-11-09 14:46:00+05:30,578.3499755859375,578.9500122070312,578.25,578.75,578.75,80966
2023-11-09 14:47:00+05:30,578.9500122070312,579.2000122070312,578.7999877929688,578.8499755859375,578.8499755859375,80571
2023-11-09 14:48:00+05:30,578.8499755859375,579.0499877929688,578.7000122070312,578.7999877929688,578.7999877929688,20147
2023-11-09 14:49:00+05:30,578.8499755859375,579.0,578.7000122070312,578.75,578.75,8489
2023-11-09 14:50:00+05:30,578.7000122070312,578.8499755859375,578.7000122070312,578.7000122070312,578.7000122070312,28760
2023-11-09 14:51:00+05:30,578.75,578.75,578.2999877929688,578.2999877929688,578.2999877929688,37168
2023-11-09 14:52:00+05:30,578.2999877929688,578.5999755859375,578.1500244140625,578.4000244140625,578.4000244140625,92381
2023-11-09 14:53:00+05:30,578.4000244140625,578.8499755859375,578.2000122070312,578.6500244140625,578.6500244140625,69630
2023-11-09 14:54:00+05:30,578.8499755859375,579.0,578.6500244140625,578.75,578.75,35759
2023-11-09 14:55:00+05:30,578.7000122070312,578.75,578.5,578.5999755859375,578.5999755859375,6952
2023-11-09 14:56:00+05:30,578.5499877929688,578.75,578.5,578.5,578.5,11059
2023-11-09 14:57:00+05:30,578.5999755859375,578.9000244140625,578.4000244140625,578.7999877929688,578.7999877929688,34903
2023-11-09 14:58:00+05:30,578.8499755859375,579.0,578.75,578.8499755859375,578.8499755859375,14620
2023-11-09 14:59:00+05:30,578.8499755859375,578.9000244140625,578.75,578.75,578.75,14409
2023-11-09 15:00:00+05:30,578.7999877929688,578.7999877929688,578.4500122070312,578.5499877929688,578.5499877929688,52970
2023-11-09 15:01:00+05:30,578.5999755859375,578.7999877929688,578.4500122070312,578.75,578.75,31013
2023-11-09 15:02:00+05:30,578.75,578.75,578.1500244140625,578.25,578.25,102735
2023-11-09 15:03:00+05:30,578.1500244140625,578.2999877929688,577.9000244140625,578.25,578.25,43734
2023-11-09 15:04:00+05:30,578.2000122070312,578.5999755859375,578.1500244140625,578.4500122070312,578.4500122070312,48275
2023-11-09 15:05:00+05:30,578.3499755859375,578.5,578.0999755859375,578.0999755859375,578.0999755859375,59276
2023-11-09 15:06:00+05:30,578.0999755859375,578.5,578.0,578.1500244140625,578.1500244140625,72800
2023-11-09 15:07:00+05:30,578.25,578.4500122070312,578.0999755859375,578.1500244140625,578.1500244140625,34671
2023-11-09 15:08:00+05:30,578.0999755859375,578.25,578.0999755859375,578.2000122070312,578.2000122070312,19079
2023-11-09 15:09:00+05:30,578.1500244140625,578.2999877929688,578.0499877929688,578.0999755859375,578.0999755859375,27473
2023-11-09 15:10:00+05:30,578.1500244140625,578.3499755859375,578.0999755859375,578.0999755859375,578.0999755859375,26085
2023-11-09 15:11:00+05:30,578.2000122070312,578.2999877929688,578.0,578.25,578.25,42719
2023-11-09 15:12:00+05:30,578.2999877929688,578.5999755859375,578.25,578.5999755859375,578.5999755859375,56876
2023-11-09 15:13:00+05:30,578.5,578.7999877929688,578.5,578.75,578.75,74057
2023-11-09 15:14:00+05:30,578.5999755859375,578.75,578.4500122070312,578.5499877929688,578.5499877929688,43111
2023-11-09 15:15:00+05:30,578.5499877929688,578.5499877929688,578.25,578.4500122070312,578.4500122070312,46415
2023-11-09 15:16:00+05:30,578.4500122070312,578.6500244140625,578.1500244140625,578.25,578.25,56424
2023-11-09 15:17:00+05:30,578.25,578.5,578.0999755859375,578.2000122070312,578.2000122070312,32925
2023-11-09 15:18:00+05:30,578.2000122070312,578.6500244140625,578.0,578.5,578.5,84552
2023-11-09 15:19:00+05:30,578.4500122070312,578.5999755859375,578.2999877929688,578.5,578.5,37176
2023-11-09 15:20:00+05:30,578.4000244140625,578.5999755859375,578.1500244140625,578.2000122070312,578.2000122070312,63639
2023-11-09 15:21:00+05:30,578.2000122070312,578.5499877929688,578.1500244140625,578.2000122070312,578.2000122070312,28994
2023-11-09 15:22:00+05:30,578.25,578.5999755859375,578.0,578.2999877929688,578.2999877929688,67742
2023-11-09 15:23:00+05:30,578.1500244140625,578.4000244140625,578.1500244140625,578.2999877929688,578.2999877929688,39173
2023-11-09 15:24:00+05:30,578.3499755859375,578.3499755859375,578.0499877929688,578.0499877929688,578.0499877929688,20723
2023-11-09 15:25:00+05:30,578.0999755859375,578.4500122070312,578.0499877929688,578.2999877929688,578.2999877929688,17018
2023-11-09 15:26:00+05:30,578.2000122070312,578.4500122070312,578.0999755859375,578.1500244140625,578.1500244140625,32374
2023-11-09 15:27:00+05:30,578.25,578.2999877929688,578.0,578.0999755859375,578.0999755859375,36157
2023-11-09 15:28:00+05:30,578.0499877929688,578.2000122070312,577.7999877929688,577.7999877929688,577.7999877929688,45530
2023-11-09 15:29:00+05:30,578.3499755859375,578.3499755859375,578.3499755859375,578.3499755859375,578.3499755859375,0
2023-11-10 09:15:00+05:30,577.5,577.5,577.0,577.0,577.0,100185
2023-11-10 09:16:00+05:30,576.6500244140625,576.6500244140625,575.5999755859375,576.25,576.25,69081
2023-11-10 09:17:00+05:30,576.25,576.5,575.9000244140625,576.0,576.0,37138
2023-11-10 09:18:00+05:30,576.0,576.3499755859375,575.9500122070312,576.3499755859375,576.3499755859375,22449
2023-11-10 09:19:00+05:30,576.3499755859375,576.5,576.3499755859375,576.5,576.5,17086
2023-11-10 09:20:00+05:30,576.5,576.5499877929688,575.7999877929688,576.0999755859375,576.0999755859375,30342
2023-11-10 09:21:00+05:30,576.5499877929688,576.5499877929688,576.2999877929688,576.2999877929688,576.2999877929688,30678
2023-11-10 09:22:00+05:30,576.5499877929688,576.9500122070312,576.2999877929688,576.7000122070312,576.7000122070312,7533
2023-11-10 09:23:00+05:30,576.9000244140625,577.0,576.75,576.75,576.75,17257
2023-11-10 09:24:00+05:30,576.7000122070312,577.0,576.5999755859375,576.7999877929688,576.7999877929688,12096
2023-11-10 09:25:00+05:30,576.8499755859375,577.0999755859375,576.7999877929688,576.9500122070312,576.9500122070312,12681
2023-11-10 09:26:00+05:30,577.0,577.2999877929688,576.9500122070312,577.2000122070312,577.2000122070312,11878
2023-11-10 09:27:00+05:30,577.0999755859375,577.25,576.7999877929688,576.9000244140625,576.9000244140625,22632
2023-11-10 09:28:00+05:30,576.7000122070312,577.2000122070312,576.7000122070312,577.0999755859375,577.0999755859375,13324
2023-11-10 09:29:00+05:30,577.2000122070312,577.4000244140625,577.0499877929688,577.0499877929688,577.0499877929688,20967
2023-11-10 09:30:00+05:30,577.0999755859375,577.2999877929688,576.7999877929688,577.2000122070312,577.2000122070312,11898
2023-11-10 09:31:00+05:30,577.2000122070312,577.2000122070312,576.8499755859375,577.1500244140625,577.1500244140625,12322
2023-11-10 09:32:00+05:30,577.1500244140625,577.2999877929688,577.0499877929688,577.25,577.25,12191
2023-11-10 09:33:00+05:30,577.25,577.2999877929688,576.8499755859375,577.0,577.0,8504
2023-11-10 09:34:00+05:30,577.0,577.0,576.6500244140625,576.6500244140625,576.6500244140625,8936
2023-11-10 09:35:00+05:30,576.6500244140625,576.9000244140625,576.4000244140625,576.5999755859375,576.5999755859375,21051
2023-11-10 09:36:00+05:30,576.5999755859375,576.8499755859375,576.3499755859375,576.8499755859375,576.8499755859375,7189
2023-11-10 09:37:00+05:30,576.5999755859375,576.9000244140625,576.5999755859375,576.7999877929688,576.7999877929688,3787
2023-11-10 09:38:00+05:30,576.7999877929688,577.2999877929688,576.7999877929688,577.25,577.25,14388
2023-11-10 09:39:00+05:30,577.25,577.5,577.0999755859375,577.4000244140625,577.4000244140625,19184
2023-11-10 09:40:00+05:30,577.3499755859375,577.7000122070312,577.3499755859375,577.5,577.5,12550
2023-11-10 09:41:00+05:30,577.5,577.5,577.3499755859375,577.4500122070312,577.4500122070312,7402
2023-11-10 09:42:00+05:30,577.4500122070312,577.4500122070312,577.0,577.25,577.25,8309
2023-11-10 09:43:00+05:30,577.25,577.25,577.0,577.1500244140625,577.1500244140625,8658
2023-11-10 09:44:00+05:30,577.0999755859375,577.4500122070312,577.0999755859375,577.2999877929688,577.2999877929688,9802
2023-11-10 09:45:00+05:30,577.1500244140625,577.5,577.1500244140625,577.4500122070312,577.4500122070312,7246
2023-11-10 09:46:00+05:30,577.25,577.5,577.0,577.25,577.25,12409
2023-11-10 09:47:00+05:30,577.25,577.5999755859375,577.0,577.5,577.5,11926
2023-11-10 09:48:00+05:30,577.5999755859375,577.7000122070312,577.0999755859375,577.3499755859375,577.3499755859375,13016
2023-11-10 09:49:00+05:30,577.3499755859375,577.5,577.2000122070312,577.3499755859375,577.3499755859375,1576
2023-11-10 09:50:00+05:30,577.4000244140625,577.4000244140625,577.2000122070312,577.25,577.25,4003
2023-11-10 09:51:00+05:30,577.25,577.3499755859375,577.0499877929688,577.25,577.25,12810
2023-11-10 09:52:00+05:30,577.2000122070312,578.0,577.2000122070312,577.9000244140625,577.9000244140625,30511
2023-11-10 09:53:00+05:30,577.9000244140625,578.0,577.5,577.5999755859375,577.5999755859375,11765
2023-11-10 09:54:00+05:30,577.5,577.9000244140625,577.4000244140625,577.6500244140625,577.6500244140625,12701
2023-11-10 09:55:00+05:30,577.6500244140625,577.7999877929688,577.2000122070312,577.2000122070312,577.2000122070312,6339
2023-11-10 09:56:00+05:30,577.2000122070312,577.5,577.2000122070312,577.2999877929688,577.2999877929688,4066
2023-11-10 09:57:00+05:30,577.2999877929688,577.4500122070312,577.2999877929688,577.3499755859375,577.3499755859375,7540
2023-11-10 09:58:00+05:30,577.4000244140625,577.4000244140625,577.2000122070312,577.2000122070312,577.2000122070312,4987
2023-11-10 09:59:00+05:30,577.2999877929688,577.4000244140625,577.2000122070312,577.3499755859375,577.3499755859375,4956
2023-11-10 10:00:00+05:30,577.3499755859375,577.4500122070312,577.0999755859375,577.25,577.25,14172
2023-11-10 10:01:00+05:30,577.1500244140625,577.4500122070312,577.1500244140625,577.4000244140625,577.4000244140625,2020
2023-11-10 10:02:00+05:30,577.25,577.4500122070312,577.25,577.4500122070312,577.4500122070312,2730
2023-11-10 10:03:00+05:30,577.4500122070312,577.5,577.3499755859375,577.4500122070312,577.4500122070312,31217
2023-11-10 10:04:00+05:30,577.4500122070312,577.5,577.4000244140625,577.5,577.5,3553
2023-11-10 10:05:00+05:30,577.5,577.6500244140625,577.1500244140625,577.5999755859375,577.5999755859375,42141
2023-11-10 10:06:00+05:30,577.7000122070312,578.9000244140625,577.7000122070312,578.9000244140625,578.9000244140625,62825
2023-11-10 10:07:00+05:30,578.8499755859375,578.8499755859375,578.1500244140625,578.4000244140625,578.4000244140625,6738
2023-11-10 10:08:00+05:30,578.25,578.4000244140625,578.2000122070312,578.25,578.25,9157
2023-11-10 10:09:00+05:30,578.3499755859375,578.3499755859375,578.0999755859375,578.2000122070312,578.2000122070312,5322
2023-11-10 10:10:00+05:30,578.2000122070312,578.2999877929688,578.0,578.2999877929688,578.2999877929688,24498
2023-11-10 10:11:00+05:30,578.25,578.3499755859375,578.1500244140625,578.25,578.25,5661
2023-11-10 10:12:00+05:30,578.25,578.4500122070312,578.0999755859375,578.25,578.25,4590
2023-11-10 10:13:00+05:30,578.25,578.3499755859375,578.25,578.2999877929688,578.2999877929688,6155
2023-11-10 10:14:00+05:30,578.2999877929688,578.5,578.25,578.5,578.5,11761
2023-11-10 10:15:00+05:30,578.6500244140625,578.7000122070312,578.2999877929688,578.2999877929688,578.2999877929688,10278
2023-11-10 10:16:00+05:30,578.5,578.6500244140625,578.2999877929688,578.5,578.5,3655
2023-11-10 10:17:00+05:30,578.5499877929688,578.6500244140625,578.4000244140625,578.4000244140625,578.4000244140625,3966
2023-11-10 10:18:00+05:30,578.5,578.6500244140625,578.3499755859375,578.5999755859375,578.5999755859375,6559
2023-11-10 10:19:00+05:30,578.4000244140625,578.4000244140625,578.0,578.0499877929688,578.0499877929688,11276
2023-11-10 10:20:00+05:30,578.0999755859375,578.0999755859375,578.0,578.0,578.0,5401
2023-11-10 10:21:00+05:30,578.0,578.0999755859375,578.0,578.0999755859375,578.0999755859375,2053
2023-11-10 10:22:00+05:30,578.0499877929688,578.2000122070312,578.0,578.0999755859375,578.0999755859375,3176
2023-11-10 10:23:00+05:30,578.0,578.1500244140625,578.0,578.1500244140625,578.1500244140625,3830
2023-11-10 10:24:00+05:30,578.0,578.3499755859375,577.7999877929688,578.3499755859375,578.3499755859375,23345
2023-11-10 10:25:00+05:30,578.4000244140625,578.4000244140625,578.0499877929688,578.2999877929688,578.2999877929688,6727
2023-11-10 10:26:00+05:30,578.1500244140625,578.2999877929688,578.0999755859375,578.1500244140625,578.1500244140625,1896
2023-11-10 10:27:00+05:30,578.0999755859375,578.2000122070312,578.0,578.0,578.0,2540
2023-11-10 10:28:00+05:30,578.0999755859375,578.2999877929688,578.0,578.0999755859375,578.0999755859375,3061
2023-11-10 10:29:00+05:30,578.25,578.25,578.0999755859375,578.0999755859375,578.0999755859375,1789
2023-11-10 10:30:00+05:30,578.1500244140625,578.1500244140625,578.0,578.0,578.0,2239
2023-11-10 10:32:00+05:30,578.0,578.2000122070312,578.0,578.2000122070312,578.2000122070312,7317
2023-11-10 10:33:00+05:30,578.2000122070312,578.25,578.0499877929688,578.2000122070312,578.2000122070312,3286
2023-11-10 10:34:00+05:30,578.2999877929688,578.2999877929688,578.0999755859375,578.25,578.25,3277
2023-11-10 10:35:00+05:30,578.2999877929688,578.2999877929688,578.0999755859375,578.2000122070312,578.2000122070312,1850
2023-11-10 10:36:00+05:30,578.25,578.6500244140625,578.1500244140625,578.4500122070312,578.4500122070312,9856
2023-11-10 10:37:00+05:30,578.5999755859375,578.6500244140625,578.4500122070312,578.5499877929688,578.5499877929688,2418
2023-11-10 10:38:00+05:30,578.5499877929688,578.5499877929688,578.25,578.5,578.5,1937
2023-11-10 10:39:00+05:30,578.3499755859375,578.5,578.2999877929688,578.2999877929688,578.2999877929688,4503
2023-11-10 10:40:00+05:30,578.3499755859375,578.5999755859375,578.3499755859375,578.5999755859375,578.5999755859375,5057
2023-11-10 10:41:00+05:30,578.5999755859375,578.5999755859375,578.3499755859375,578.5,578.5,1553
2023-11-10 10:42:00+05:30,578.5,578.5999755859375,578.3499755859375,578.4500122070312,578.4500122070312,2817
2023-11-10 10:43:00+05:30,578.4500122070312,578.5499877929688,578.2000122070312,578.2999877929688,578.2999877929688,3397
2023-11-10 10:44:00+05:30,578.25,578.3499755859375,578.0,578.0999755859375,578.0999755859375,19372
2023-11-10 10:45:00+05:30,578.1500244140625,578.2999877929688,577.6500244140625,577.75,577.75,10850
2023-11-10 10:46:00+05:30,577.75,578.0,577.7000122070312,577.7999877929688,577.7999877929688,5475
2023-11-10 10:47:00+05:30,577.8499755859375,578.4500122070312,577.7999877929688,578.2999877929688,578.2999877929688,4924
2023-11-10 10:48:00+05:30,578.25,578.8499755859375,578.1500244140625,578.8499755859375,578.8499755859375,10006
2023-11-10 10:49:00+05:30,578.9000244140625,578.9000244140625,578.5,578.5999755859375,578.5999755859375,14696
2023-11-10 10:50:00+05:30,578.7999877929688,579.25,578.5999755859375,579.25,579.25,26054
2023-11-10 10:51:00+05:30,579.0499877929688,579.25,579.0,579.0,579.0,6371
2023-11-10 10:52:00+05:30,579.0999755859375,579.1500244140625,578.9500122070312,579.0499877929688,579.0499877929688,13677
2023-11-10 10:53:00+05:30,579.0999755859375,579.2000122070312,579.0,579.0999755859375,579.0999755859375,8922
2023-11-10 10:54:00+05:30,579.0999755859375,579.0999755859375,578.7999877929688,578.7999877929688,578.7999877929688,11303
2023-11-10 10:55:00+05:30,578.7999877929688,579.0,578.6500244140625,578.8499755859375,578.8499755859375,7736
2023-11-10 10:56:00+05:30,578.6500244140625,578.8499755859375,578.5,578.5999755859375,578.5999755859375,5264
2023-11-10 10:57:00+05:30,578.4500122070312,578.5999755859375,578.2999877929688,578.2999877929688,578.2999877929688,5246
2023-11-10 10:58:00+05:30,578.2000122070312,578.3499755859375,578.1500244140625,578.2000122070312,578.2000122070312,4738
2023-11-10 10:59:00+05:30,578.1500244140625,578.2999877929688,578.0,578.2999877929688,578.2999877929688,13015
2023-11-10 11:00:00+05:30,578.4000244140625,578.4500122070312,578.0999755859375,578.2000122070312,578.2000122070312,12869
2023-11-10 11:01:00+05:30,578.2000122070312,578.3499755859375,578.0499877929688,578.0999755859375,578.0999755859375,8987
2023-11-10 11:02:00+05:30,578.0499877929688,578.2999877929688,578.0,578.25,578.25,7250
2023-11-10 11:03:00+05:30,578.1500244140625,578.3499755859375,578.0,578.1500244140625,578.1500244140625,10720
2023-11-10 11:04:00+05:30,578.1500244140625,578.4000244140625,578.0499877929688,578.2000122070312,578.2000122070312,3856
2023-11-10 11:05:00+05:30,578.25,578.2999877929688,578.0499877929688,578.0999755859375,578.0999755859375,8920
2023-11-10 11:06:00+05:30,578.0999755859375,578.4000244140625,578.0999755859375,578.25,578.25,4678
2023-11-10 11:07:00+05:30,578.25,578.4000244140625,578.0,578.0,578.0,13598
2023-11-10 11:08:00+05:30,577.8499755859375,578.0,577.75,577.9500122070312,577.9500122070312,10220
2023-11-10 11:09:00+05:30,577.9500122070312,578.2000122070312,577.9000244140625,578.2000122070312,578.2000122070312,6667
2023-11-10 11:10:00+05:30,578.2000122070312,578.3499755859375,577.7999877929688,578.0,578.0,12103
2023-11-10 11:11:00+05:30,578.0,578.0999755859375,577.7999877929688,577.9000244140625,577.9000244140625,6244
2023-11-10 11:12:00+05:30,577.9000244140625,578.25,577.75,578.0499877929688,578.0499877929688,6885
2023-11-10 11:13:00+05:30,578.0499877929688,578.2999877929688,578.0,578.0999755859375,578.0999755859375,4207
2023-11-10 11:14:00+05:30,578.0,578.2000122070312,577.7999877929688,577.7999877929688,577.7999877929688,5577
2023-11-10 11:15:00+05:30,577.9500122070312,578.1500244140625,577.7999877929688,577.7999877929688,577.7999877929688,5087
2023-11-10 11:16:00+05:30,578.0,578.2999877929688,577.7999877929688,577.9000244140625,577.9000244140625,6321
2023-11-10 11:17:00+05:30,578.0,578.0999755859375,577.75,577.75,577.75,8500
2023-11-10 11:18:00+05:30,577.8499755859375,578.0,577.5999755859375,577.7000122070312,577.7000122070312,33587
2023-11-10 11:19:00+05:30,577.7000122070312,577.75,577.6500244140625,577.75,577.75,13174
2023-11-10 11:20:00+05:30,577.7000122070312,577.75,577.7000122070312,577.7000122070312,577.7000122070312,51336
2023-11-10 11:21:00+05:30,577.75,577.75,577.6500244140625,577.7000122070312,577.7000122070312,30528
2023-11-10 11:22:00+05:30,577.7000122070312,577.75,577.5499877929688,577.5999755859375,577.5999755859375,11333
2023-11-10 11:23:00+05:30,577.5499877929688,577.75,577.5,577.5499877929688,577.5499877929688,9046
2023-11-10 11:24:00+05:30,577.5499877929688,577.75,577.5,577.5499877929688,577.5499877929688,7377
2023-11-10 11:25:00+05:30,577.5999755859375,577.75,577.5499877929688,577.7000122070312,577.7000122070312,11436
2023-11-10 11:26:00+05:30,577.5499877929688,577.7000122070312,577.5,577.7000122070312,577.7000122070312,9400
2023-11-10 11:27:00+05:30,577.75,577.75,577.5999755859375,577.5999755859375,577.5999755859375,6191
2023-11-10 11:28:00+05:30,577.6500244140625,577.75,577.5999755859375,577.5999755859375,577.5999755859375,4729
2023-11-10 11:29:00+05:30,577.6500244140625,577.6500244140625,577.5,577.5499877929688,577.5499877929688,27309
2023-11-10 11:30:00+05:30,577.7000122070312,577.7999877929688,577.5499877929688,577.75,577.75,5591
2023-11-10 11:31:00+05:30,577.75,578.25,577.6500244140625,578.0,578.0,55998
2023-11-10 11:32:00+05:30,578.0,578.0499877929688,577.75,577.7999877929688,577.7999877929688,110155
2023-11-10 11:33:00+05:30,577.75,577.7999877929688,577.5,577.5,577.5,19528
2023-11-10 11:34:00+05:30,577.5,578.5,577.5,578.5,578.5,39338
2023-11-10 11:35:00+05:30,578.5,578.7000122070312,578.3499755859375,578.3499755859375,578.3499755859375,20685
2023-11-10 11:36:00+05:30,578.3499755859375,578.6500244140625,578.25,578.5,578.5,3823
2023-11-10 11:37:00+05:30,578.5,578.5,578.0999755859375,578.0999755859375,578.0999755859375,13437
2023-11-10 11:38:00+05:30,578.2000122070312,578.2000122070312,578.0499877929688,578.1500244140625,578.1500244140625,6856
2023-11-10 11:39:00+05:30,578.1500244140625,578.4500122070312,578.1500244140625,578.25,578.25,12090
2023-11-10 11:40:00+05:30,578.2999877929688,578.2999877929688,578.1500244140625,578.2000122070312,578.2000122070312,11205
2023-11-10 11:41:00+05:30,578.2000122070312,578.25,578.0999755859375,578.1500244140625,578.1500244140625,7365
2023-11-10 11:42:00+05:30,578.1500244140625,578.25,578.0999755859375,578.0999755859375,578.0999755859375,7381
2023-11-10 11:43:00+05:30,578.1500244140625,578.25,578.0499877929688,578.0499877929688,578.0499877929688,4408
2023-11-10 11:44:00+05:30,578.0999755859375,578.25,578.0499877929688,578.0499877929688,578.0499877929688,6164
2023-11-10 11:45:00+05:30,578.0499877929688,578.0999755859375,578.0,578.0499877929688,578.0499877929688,3884
2023-11-10 11:46:00+05:30,578.0,578.0999755859375,577.9500122070312,578.0499877929688,578.0499877929688,5147
2023-11-10 11:47:00+05:30,578.0999755859375,578.2000122070312,578.0499877929688,578.1500244140625,578.1500244140625,13769
2023-11-10 11:48:00+05:30,578.1500244140625,578.5999755859375,578.0499877929688,578.5999755859375,578.5999755859375,45417
2023-11-10 11:49:00+05:30,578.5999755859375,578.75,578.5,578.75,578.75,30941
2023-11-10 11:50:00+05:30,578.75,579.0,578.7000122070312,578.8499755859375,578.8499755859375,28448
2023-11-10 11:51:00+05:30,578.9000244140625,578.9000244140625,578.7999877929688,578.8499755859375,578.8499755859375,14496
2023-11-10 11:52:00+05:30,578.9000244140625,578.9000244140625,578.8499755859375,578.8499755859375,578.8499755859375,11224
2023-11-10 11:53:00+05:30,578.8499755859375,579.0,578.8499755859375,578.9500122070312,578.9500122070312,14837
2023-11-10 11:54:00+05:30,579.0,579.0,578.8499755859375,578.9000244140625,578.9000244140625,7313
2023-11-10 11:55:00+05:30,578.9000244140625,579.0,578.8499755859375,578.9000244140625,578.9000244140625,17910
2023-11-10 11:56:00+05:30,578.9000244140625,578.9500122070312,578.8499755859375,578.8499755859375,578.8499755859375,10352
2023-11-10 11:57:00+05:30,578.9500122070312,579.0,578.8499755859375,578.9500122070312,578.9500122070312,11355
2023-11-10 11:58:00+05:30,579.0,579.0499877929688,578.7999877929688,578.7999877929688,578.7999877929688,10040
2023-11-10 11:59:00+05:30,578.7999877929688,578.9500122070312,578.7000122070312,578.75,578.75,6345
2023-11-10 12:00:00+05:30,578.7999877929688,579.4000244140625,578.75,579.2999877929688,579.2999877929688,34430
2023-11-10 12:01:00+05:30,579.2999877929688,579.2999877929688,579.0499877929688,579.0499877929688,579.0499877929688,8070
2023-11-10 12:02:00+05:30,579.0999755859375,579.25,578.8499755859375,579.1500244140625,579.1500244140625,45332
2023-11-10 12:03:00+05:30,579.1500244140625,579.25,579.0499877929688,579.0499877929688,579.0499877929688,10709
2023-11-10 12:04:00+05:30,579.2000122070312,579.2999877929688,579.0499877929688,579.2999877929688,579.2999877929688,8421
2023-11-10 12:05:00+05:30,579.0499877929688,579.2999877929688,579.0499877929688,579.0999755859375,579.0999755859375,9468
2023-11-10 12:06:00+05:30,579.1500244140625,579.2000122070312,579.0499877929688,579.2000122070312,579.2000122070312,6704
2023-11-10 12:07:00+05:30,579.0499877929688,579.2000122070312,579.0,579.0,579.0,10925
2023-11-10 12:08:00+05:30,579.0499877929688,579.0499877929688,578.7999877929688,578.8499755859375,578.8499755859375,30924
2023-11-10 12:09:00+05:30,578.8499755859375,578.9000244140625,578.5499877929688,578.5499877929688,578.5499877929688,9799
2023-11-10 12:10:00+05:30,578.5499877929688,578.7000122070312,578.4000244140625,578.6500244140625,578.6500244140625,8429
2023-11-10 12:11:00+05:30,578.7000122070312,578.8499755859375,578.5,578.5499877929688,578.5499877929688,6293
2023-11-10 12:12:00+05:30,578.5,578.5999755859375,578.2999877929688,578.4000244140625,578.4000244140625,5445
2023-11-10 12:13:00+05:30,578.4000244140625,578.4500122070312,578.2999877929688,578.2999877929688,578.2999877929688,4374
2023-11-10 12:14:00+05:30,578.4000244140625,578.5499877929688,578.2999877929688,578.5,578.5,6375
2023-11-10 12:15:00+05:30,578.5,578.5499877929688,578.0999755859375,578.1500244140625,578.1500244140625,8470
2023-11-10 12:16:00+05:30,578.2000122070312,578.25,578.0499877929688,578.25,578.25,7582
2023-11-10 12:17:00+05:30,578.25,578.3499755859375,578.0,578.0999755859375,578.0999755859375,6566
2023-11-10 12:18:00+05:30,578.0999755859375,578.75,578.0499877929688,578.75,578.75,11433
2023-11-10 12:19:00+05:30,578.75,578.8499755859375,578.6500244140625,578.8499755859375,578.8499755859375,14236
2023-11-10 12:20:00+05:30,578.8499755859375,578.8499755859375,578.25,578.25,578.25,8534
2023-11-10 12:21:00+05:30,578.4000244140625,578.5499877929688,578.2000122070312,578.2000122070312,578.2000122070312,6574
2023-11-10 12:22:00+05:30,578.25,578.3499755859375,577.9000244140625,578.0,578.0,43312
2023-11-10 12:23:00+05:30,577.9500122070312,578.0,577.6500244140625,577.9000244140625,577.9000244140625,25541
2023-11-10 12:24:00+05:30,577.75,578.3499755859375,577.75,577.9500122070312,577.9500122070312,10338
2023-11-10 12:25:00+05:30,578.0999755859375,578.3499755859375,577.9000244140625,578.25,578.25,12065
2023-11-10 12:26:00+05:30,578.25,578.3499755859375,578.0999755859375,578.25,578.25,8022
2023-11-10 12:27:00+05:30,578.25,578.2999877929688,578.0499877929688,578.0499877929688,578.0499877929688,4350
2023-11-10 12:28:00+05:30,578.0499877929688,578.25,578.0,578.0499877929688,578.0499877929688,3961
2023-11-10 12:29:00+05:30,578.0499877929688,578.2000122070312,577.7999877929688,577.9500122070312,577.9500122070312,8639
2023-11-10 12:30:00+05:30,578.0499877929688,578.4500122070312,577.7999877929688,578.4000244140625,578.4000244140625,12785
2023-11-10 12:31:00+05:30,578.4000244140625,578.4000244140625,578.0,578.2000122070312,578.2000122070312,3460
2023-11-10 12:32:00+05:30,578.2999877929688,578.4500122070312,578.2000122070312,578.2999877929688,578.2999877929688,11640
2023-11-10 12:33:00+05:30,578.25,578.4500122070312,578.1500244140625,578.1500244140625,578.1500244140625,21773
2023-11-10 12:34:00+05:30,578.1500244140625,578.3499755859375,577.9000244140625,578.2000122070312,578.2000122070312,28455
2023-11-10 12:35:00+05:30,578.3499755859375,578.4500122070312,578.1500244140625,578.2999877929688,578.2999877929688,10407
2023-11-10 12:36:00+05:30,578.2999877929688,578.7000122070312,578.25,578.4500122070312,578.4500122070312,9333
2023-11-10 12:37:00+05:30,578.3499755859375,579.2000122070312,578.3499755859375,579.1500244140625,579.1500244140625,27353
2023-11-10 12:38:00+05:30,579.0999755859375,579.0999755859375,578.7999877929688,578.9000244140625,578.9000244140625,25045
2023-11-10 12:39:00+05:30,578.7999877929688,579.0499877929688,578.7999877929688,578.9000244140625,578.9000244140625,12679
2023-11-10 12:40:00+05:30,578.9000244140625,579.1500244140625,578.9000244140625,579.0999755859375,579.0999755859375,9531
2023-11-10 12:41:00+05:30,579.0999755859375,579.1500244140625,579.0,579.0,579.0,6635
2023-11-10 12:42:00+05:30,579.0,579.1500244140625,579.0,579.0499877929688,579.0499877929688,13353
2023-11-10 12:43:00+05:30,579.0,579.2000122070312,579.0,579.2000122070312,579.2000122070312,7306
2023-11-10 12:44:00+05:30,579.2000122070312,579.25,579.0,579.25,579.25,23562
2023-11-10 12:45:00+05:30,579.25,579.2999877929688,578.7999877929688,579.0,579.0,163978
2023-11-10 12:46:00+05:30,579.0,579.5,578.7999877929688,579.3499755859375,579.3499755859375,36195
2023-11-10 12:47:00+05:30,579.4000244140625,579.7999877929688,579.25,579.7999877929688,579.7999877929688,40084
2023-11-10 12:48:00+05:30,579.8499755859375,579.9000244140625,579.4500122070312,579.9000244140625,579.9000244140625,33732
2023-11-10 12:49:00+05:30,579.8499755859375,579.9000244140625,579.7000122070312,579.7999877929688,579.7999877929688,16983
2023-11-10 12:50:00+05:30,579.7999877929688,579.7999877929688,579.25,579.2999877929688,579.2999877929688,21214
2023-11-10 12:51:00+05:30,579.2999877929688,579.5,579.25,579.5,579.5,5788
2023-11-10 12:52:00+05:30,579.2999877929688,579.6500244140625,579.2999877929688,579.5,579.5,14972
2023-11-10 12:53:00+05:30,579.5,579.7000122070312,579.4500122070312,579.6500244140625,579.6500244140625,10078
2023-11-10 12:54:00+05:30,579.75,579.7999877929688,579.5,579.75,579.75,9536
2023-11-10 12:55:00+05:30,579.75,579.7999877929688,579.5999755859375,579.75,579.75,10150
2023-11-10 12:56:00+05:30,579.5999755859375,579.7999877929688,579.5499877929688,579.7000122070312,579.7000122070312,7134
2023-11-10 12:57:00+05:30,579.75,579.7999877929688,579.5499877929688,579.5499877929688,579.5499877929688,11219
2023-11-10 12:58:00+05:30,579.75,579.7999877929688,579.5499877929688,579.6500244140625,579.6500244140625,14169
2023-11-10 12:59:00+05:30,579.6500244140625,579.7999877929688,579.5999755859375,579.6500244140625,579.6500244140625,13943
2023-11-10 13:00:00+05:30,579.7999877929688,579.7999877929688,579.4500122070312,579.6500244140625,579.6500244140625,80598
2023-11-10 13:01:00+05:30,579.4000244140625,579.75,579.4000244140625,579.6500244140625,579.6500244140625,35734
2023-11-10 13:02:00+05:30,579.5,580.5,579.5,580.25,580.25,96399
2023-11-10 13:03:00+05:30,580.4500122070312,580.4500122070312,579.7999877929688,579.7999877929688,579.7999877929688,35808
2023-11-10 13:04:00+05:30,579.75,580.0,579.75,579.8499755859375,579.8499755859375,6359
2023-11-10 13:05:00+05:30,579.7999877929688,579.8499755859375,579.6500244140625,579.7000122070312,579.7000122070312,8802
2023-11-10 13:06:00+05:30,579.75,579.9500122070312,579.5999755859375,579.8499755859375,579.8499755859375,7456
2023-11-10 13:07:00+05:30,579.75,579.9500122070312,579.7000122070312,579.7999877929688,579.7999877929688,4899
2023-11-10 13:08:00+05:30,579.8499755859375,579.9000244140625,579.75,579.75,579.75,5581
2023-11-10 13:09:00+05:30,579.75,579.9500122070312,579.75,579.9000244140625,579.9000244140625,5992
2023-11-10 13:10:00+05:30,579.9500122070312,580.0,579.75,579.7999877929688,579.7999877929688,10897
2023-11-10 13:11:00+05:30,579.7999877929688,579.9500122070312,579.7999877929688,579.7999877929688,579.7999877929688,12826
2023-11-10 13:12:00+05:30,579.9000244140625,579.9000244140625,579.5999755859375,579.5999755859375,579.5999755859375,14929
2023-11-10 13:13:00+05:30,579.5999755859375,579.6500244140625,579.0999755859375,579.0999755859375,579.0999755859375,57460
2023-11-10 13:14:00+05:30,579.2000122070312,579.3499755859375,579.0,579.0999755859375,579.0999755859375,31503
2023-11-10 13:15:00+05:30,579.0999755859375,579.75,579.0999755859375,579.7000122070312,579.7000122070312,47016
2023-11-10 13:16:00+05:30,579.5,579.7999877929688,579.4500122070312,579.5,579.5,28165
2023-11-10 13:17:00+05:30,579.5,579.75,579.5,579.7000122070312,579.7000122070312,32694
2023-11-10 13:18:00+05:30,579.7000122070312,579.7999877929688,579.5,579.6500244140625,579.6500244140625,17421
2023-11-10 13:19:00+05:30,579.7000122070312,579.9000244140625,579.5999755859375,579.7000122070312,579.7000122070312,13096
2023-11-10 13:20:00+05:30,579.9000244140625,579.9500122070312,579.6500244140625,579.6500244140625,579.6500244140625,13214
2023-11-10 13:21:00+05:30,579.6500244140625,579.9500122070312,579.6500244140625,579.7000122070312,579.7000122070312,12900
2023-11-10 13:22:00+05:30,579.7000122070312,579.9000244140625,579.5999755859375,579.8499755859375,579.8499755859375,10421
2023-11-10 13:23:00+05:30,579.7999877929688,579.9000244140625,579.5499877929688,579.5999755859375,579.5999755859375,7179
2023-11-10 13:24:00+05:30,579.5999755859375,579.9000244140625,579.5,579.7000122070312,579.7000122070312,42491
2023-11-10 13:25:00+05:30,579.75,579.75,579.4500122070312,579.5,579.5,15341
2023-11-10 13:26:00+05:30,579.4500122070312,579.6500244140625,579.25,579.4500122070312,579.4500122070312,8550
2023-11-10 13:27:00+05:30,579.4500122070312,579.5,579.0,579.0999755859375,579.0999755859375,22031
2023-11-10 13:28:00+05:30,579.1500244140625,579.3499755859375,579.0499877929688,579.0999755859375,579.0999755859375,10658
2023-11-10 13:29:00+05:30,579.0999755859375,579.4500122070312,579.0,579.0999755859375,579.0999755859375,15573
2023-11-10 13:30:00+05:30,579.1500244140625,579.7000122070312,579.0,579.5999755859375,579.5999755859375,14923
2023-11-10 13:31:00+05:30,579.5999755859375,579.75,579.5,579.5999755859375,579.5999755859375,11476
2023-11-10 13:32:00+05:30,579.7000122070312,579.75,579.5,579.5499877929688,579.5499877929688,16420
2023-11-10 13:33:00+05:30,579.5,579.7000122070312,579.2000122070312,579.5,579.5,10900
2023-11-10 13:34:00+05:30,579.5,579.75,579.3499755859375,579.5,579.5,26848
2023-11-10 13:35:00+05:30,579.5,579.6500244140625,579.0999755859375,579.2000122070312,579.2000122070312,53628
2023-11-10 13:36:00+05:30,579.25,579.5,579.2000122070312,579.25,579.25,32572
2023-11-10 13:37:00+05:30,579.25,579.25,579.0999755859375,579.1500244140625,579.1500244140625,9493
2023-11-10 13:38:00+05:30,579.1500244140625,579.5999755859375,579.1500244140625,579.4000244140625,579.4000244140625,18118
2023-11-10 13:39:00+05:30,579.4000244140625,579.75,579.3499755859375,579.75,579.75,22354
2023-11-10 13:40:00+05:30,579.5999755859375,579.75,579.3499755859375,579.4500122070312,579.4500122070312,4508
2023-11-10 13:41:00+05:30,579.4000244140625,579.75,579.3499755859375,579.4500122070312,579.4500122070312,5178
2023-11-10 13:42:00+05:30,579.5999755859375,579.75,579.5,579.5999755859375,579.5999755859375,7353
2023-11-10 13:43:00+05:30,579.4000244140625,579.5999755859375,579.3499755859375,579.5999755859375,579.5999755859375,5782
2023-11-10 13:44:00+05:30,579.5499877929688,579.5999755859375,579.3499755859375,579.3499755859375,579.3499755859375,6340
2023-11-10 13:45:00+05:30,579.4000244140625,579.5,579.3499755859375,579.3499755859375,579.3499755859375,50506
2023-11-10 13:46:00+05:30,579.3499755859375,579.4500122070312,579.3499755859375,579.3499755859375,579.3499755859375,8707
2023-11-10 13:47:00+05:30,579.3499755859375,579.5,579.2999877929688,579.3499755859375,579.3499755859375,4452
2023-11-10 13:48:00+05:30,579.2999877929688,579.5,579.25,579.25,579.25,5825
2023-11-10 13:49:00+05:30,579.3499755859375,579.5,579.25,579.4000244140625,579.4000244140625,4329
2023-11-10 13:50:00+05:30,579.3499755859375,579.5,579.25,579.2999877929688,579.2999877929688,7959
2023-11-10 13:51:00+05:30,579.2999877929688,579.5,579.25,579.4000244140625,579.4000244140625,5536
2023-11-10 13:52:00+05:30,579.3499755859375,579.4500122070312,579.25,579.2999877929688,579.2999877929688,8060
2023-11-10 13:53:00+05:30,579.2999877929688,579.4000244140625,579.25,579.4000244140625,579.4000244140625,6461
2023-11-10 13:54:00+05:30,579.2999877929688,579.4000244140625,579.0,579.1500244140625,579.1500244140625,35439
2023-11-10 13:55:00+05:30,579.2000122070312,579.2000122070312,579.1500244140625,579.2000122070312,579.2000122070312,8024
2023-11-10 13:56:00+05:30,579.2000122070312,579.2000122070312,578.7999877929688,578.9000244140625,578.9000244140625,84088
2023-11-10 13:57:00+05:30,578.9500122070312,579.0,578.8499755859375,578.9500122070312,578.9500122070312,5989
2023-11-10 13:58:00+05:30,578.9000244140625,578.9500122070312,578.8499755859375,578.8499755859375,578.8499755859375,16560
2023-11-10 13:59:00+05:30,578.8499755859375,579.25,578.5999755859375,579.0999755859375,579.0999755859375,53299
2023-11-10 14:00:00+05:30,579.0999755859375,579.25,578.75,578.9500122070312,578.9500122070312,56571
2023-11-10 14:01:00+05:30,578.9500122070312,579.0,578.7000122070312,578.7999877929688,578.7999877929688,8932
2023-11-10 14:02:00+05:30,578.8499755859375,579.2000122070312,578.7999877929688,578.9000244140625,578.9000244140625,11042
2023-11-10 14:03:00+05:30,578.9500122070312,579.0499877929688,578.7999877929688,578.7999877929688,578.7999877929688,9676
2023-11-10 14:04:00+05:30,578.7999877929688,578.9500122070312,578.5499877929688,578.75,578.75,48444
2023-11-10 14:05:00+05:30,578.9000244140625,578.9500122070312,578.6500244140625,578.8499755859375,578.8499755859375,18013
2023-11-10 14:06:00+05:30,578.7999877929688,579.2000122070312,578.75,579.0999755859375,579.0999755859375,12723
2023-11-10 14:07:00+05:30,579.0999755859375,579.25,579.0499877929688,579.25,579.25,17483
2023-11-10 14:08:00+05:30,579.25,579.25,579.0499877929688,579.1500244140625,579.1500244140625,7808
2023-11-10 14:09:00+05:30,579.1500244140625,579.1500244140625,578.7999877929688,578.9500122070312,578.9500122070312,5268
2023-11-10 14:10:00+05:30,578.9000244140625,579.0999755859375,578.5999755859375,578.9000244140625,578.9000244140625,14060
2023-11-10 14:11:00+05:30,578.8499755859375,578.9500122070312,578.7000122070312,578.7999877929688,578.7999877929688,6902
2023-11-10 14:12:00+05:30,578.8499755859375,578.8499755859375,578.6500244140625,578.8499755859375,578.8499755859375,7064
2023-11-10 14:13:00+05:30,578.8499755859375,579.1500244140625,578.5499877929688,579.0499877929688,579.0499877929688,42611
2023-11-10 14:14:00+05:30,579.0999755859375,579.5,579.0,579.3499755859375,579.3499755859375,16065
2023-11-10 14:15:00+05:30,579.3499755859375,579.4500122070312,579.0499877929688,579.3499755859375,579.3499755859375,14413
2023-11-10 14:16:00+05:30,579.25,579.2999877929688,579.0,579.0999755859375,579.0999755859375,13944
2023-11-10 14:17:00+05:30,579.0499877929688,579.0999755859375,579.0,579.0499877929688,579.0499877929688,17774
2023-11-10 14:18:00+05:30,579.0,579.0499877929688,579.0,579.0,579.0,14033
2023-11-10 14:19:00+05:30,579.0,579.2000122070312,579.0,579.0999755859375,579.0999755859375,12333
2023-11-10 14:20:00+05:30,579.0499877929688,579.2000122070312,579.0,579.0,579.0,10325
2023-11-10 14:21:00+05:30,579.0,579.2000122070312,579.0,579.1500244140625,579.1500244140625,5111
2023-11-10 14:22:00+05:30,579.1500244140625,579.1500244140625,579.0,579.0999755859375,579.0999755859375,7451
2023-11-10 14:23:00+05:30,579.0999755859375,579.2000122070312,579.0,579.0499877929688,579.0499877929688,33433
2023-11-10 14:24:00+05:30,579.2000122070312,579.3499755859375,579.0999755859375,579.2000122070312,579.2000122070312,43642
2023-11-10 14:25:00+05:30,579.0999755859375,579.2000122070312,578.5999755859375,578.8499755859375,578.8499755859375,47946
2023-11-10 14:26:00+05:30,578.75,578.9500122070312,578.5,578.7000122070312,578.7000122070312,15311
2023-11-10 14:27:00+05:30,578.5499877929688,578.7999877929688,578.5,578.5999755859375,578.5999755859375,8198
2023-11-10 14:28:00+05:30,578.5499877929688,578.6500244140625,578.5499877929688,578.5999755859375,578.5999755859375,14438
2023-11-10 14:29:00+05:30,578.5,578.8499755859375,578.4000244140625,578.75,578.75,74636
2023-11-10 14:30:00+05:30,578.7999877929688,578.7999877929688,578.3499755859375,578.4500122070312,578.4500122070312,28226
2023-11-10 14:31:00+05:30,578.5499877929688,578.7000122070312,578.0999755859375,578.4000244140625,578.4000244140625,52315
2023-11-10 14:32:00+05:30,578.25,578.5499877929688,578.0499877929688,578.2999877929688,578.2999877929688,65945
2023-11-10 14:33:00+05:30,578.2000122070312,578.4500122070312,578.0999755859375,578.4500122070312,578.4500122070312,11099
2023-11-10 14:34:00+05:30,578.4500122070312,578.6500244140625,578.0499877929688,578.4000244140625,578.4000244140625,35562
2023-11-10 14:35:00+05:30,578.6500244140625,578.8499755859375,578.4000244140625,578.8499755859375,578.8499755859375,18451
2023-11-10 14:36:00+05:30,578.75,578.8499755859375,578.5,578.5,578.5,5886
2023-11-10 14:37:00+05:30,578.4500122070312,578.5999755859375,578.2999877929688,578.5499877929688,578.5499877929688,16304
2023-11-10 14:38:00+05:30,578.2999877929688,578.5999755859375,578.2000122070312,578.3499755859375,578.3499755859375,21189
2023-11-10 14:39:00+05:30,578.0499877929688,578.5499877929688,578.0499877929688,578.5,578.5,27970
2023-11-10 14:40:00+05:30,578.3499755859375,578.6500244140625,578.2999877929688,578.4000244140625,578.4000244140625,12619
2023-11-10 14:41:00+05:30,578.6500244140625,578.8499755859375,578.4000244140625,578.5999755859375,578.5999755859375,18695
2023-11-10 14:42:00+05:30,578.7999877929688,578.7999877929688,578.5,578.7000122070312,578.7000122070312,5437
2023-11-10 14:43:00+05:30,578.75,578.8499755859375,578.4500122070312,578.5,578.5,12705
2023-11-10 14:44:00+05:30,578.4500122070312,578.6500244140625,578.4500122070312,578.5499877929688,578.5499877929688,3602
2023-11-10 14:45:00+05:30,578.5999755859375,578.6500244140625,578.4500122070312,578.5,578.5,4678
2023-11-10 14:46:00+05:30,578.6500244140625,578.75,578.4500122070312,578.5999755859375,578.5999755859375,3988
2023-11-10 14:47:00+05:30,578.5,578.75,578.4500122070312,578.6500244140625,578.6500244140625,3189
2023-11-10 14:48:00+05:30,578.6500244140625,578.7000122070312,578.1500244140625,578.2000122070312,578.2000122070312,35217
2023-11-10 14:49:00+05:30,578.1500244140625,578.3499755859375,578.0499877929688,578.2999877929688,578.2999877929688,36615
2023-11-10 14:50:00+05:30,578.4000244140625,578.6500244140625,578.2999877929688,578.5999755859375,578.5999755859375,9166
2023-11-10 14:51:00+05:30,578.5,578.7999877929688,578.5,578.5999755859375,578.5999755859375,11553
2023-11-10 14:52:00+05:30,578.5999755859375,578.7999877929688,578.5,578.75,578.75,8070
2023-11-10 14:53:00+05:30,578.7999877929688,578.9500122070312,578.7000122070312,578.7000122070312,578.7000122070312,11812
2023-11-10 14:54:00+05:30,578.7000122070312,579.1500244140625,578.6500244140625,578.75,578.75,14892
2023-11-10 14:55:00+05:30,578.7000122070312,578.9500122070312,578.6500244140625,578.9000244140625,578.9000244140625,10764
2023-11-10 14:56:00+05:30,578.9000244140625,579.0499877929688,578.8499755859375,578.9000244140625,578.9000244140625,13962
2023-11-10 14:57:00+05:30,578.8499755859375,579.1500244140625,578.7999877929688,579.0999755859375,579.0999755859375,13553
2023-11-10 14:58:00+05:30,579.0999755859375,579.2999877929688,579.0,579.0999755859375,579.0999755859375,9504
2023-11-10 14:59:00+05:30,579.0999755859375,579.0999755859375,578.7999877929688,578.9000244140625,578.9000244140625,7802
2023-11-10 15:00:00+05:30,578.7999877929688,579.4000244140625,578.7999877929688,579.2000122070312,579.2000122070312,23118
2023-11-10 15:01:00+05:30,579.2000122070312,579.4500122070312,579.0499877929688,579.3499755859375,579.3499755859375,18157
2023-11-10 15:02:00+05:30,579.4000244140625,579.7000122070312,579.25,579.5999755859375,579.5999755859375,29712
2023-11-10 15:03:00+05:30,579.7000122070312,579.7999877929688,579.4000244140625,579.5999755859375,579.5999755859375,159521
2023-11-10 15:04:00+05:30,579.5499877929688,579.5499877929688,579.1500244140625,579.1500244140625,579.1500244140625,142541
2023-11-10 15:05:00+05:30,579.0999755859375,579.5,579.0999755859375,579.5,579.5,13585
2023-11-10 15:06:00+05:30,579.5,579.5499877929688,579.25,579.4000244140625,579.4000244140625,22532
2023-11-10 15:07:00+05:30,579.5,579.5,579.2000122070312,579.4500122070312,579.4500122070312,12211
2023-11-10 15:08:00+05:30,579.4000244140625,579.4500122070312,579.1500244140625,579.25,579.25,21138
2023-11-10 15:09:00+05:30,579.2999877929688,579.4500122070312,579.0,579.0,579.0,28492
2023-11-10 15:10:00+05:30,579.0,579.5499877929688,579.0,579.5499877929688,579.5499877929688,27625
2023-11-10 15:11:00+05:30,579.5999755859375,579.5999755859375,579.2999877929688,579.5499877929688,579.5499877929688,18082
2023-11-10 15:12:00+05:30,579.5,579.5,579.1500244140625,579.4500122070312,579.4500122070312,14686
2023-11-10 15:13:00+05:30,579.4500122070312,579.5,579.25,579.4000244140625,579.4000244140625,14778
2023-11-10 15:14:00+05:30,579.4000244140625,579.5,579.0999755859375,579.2999877929688,579.2999877929688,30680
2023-11-10 15:15:00+05:30,579.3499755859375,579.5,579.0499877929688,579.0499877929688,579.0499877929688,28244
2023-11-10 15:16:00+05:30,579.25,579.2999877929688,579.0,579.1500244140625,579.1500244140625,27779
2023-11-10 15:17:00+05:30,579.0,579.2999877929688,579.0,579.2999877929688,579.2999877929688,26679
2023-11-10 15:18:00+05:30,579.2999877929688,579.4000244140625,579.0999755859375,579.2999877929688,579.2999877929688,45551
2023-11-10 15:19:00+05:30,579.2999877929688,579.4000244140625,579.2000122070312,579.3499755859375,579.3499755859375,33163
2023-11-10 15:20:00+05:30,579.3499755859375,579.5,579.0999755859375,579.2999877929688,579.2999877929688,60262
2023-11-10 15:21:00+05:30,579.25,579.5999755859375,579.1500244140625,579.5499877929688,579.5499877929688,24917
2023-11-10 15:22:00+05:30,579.4500122070312,579.7000122070312,579.3499755859375,579.5,579.5,31745
2023-11-10 15:23:00+05:30,579.7000122070312,579.7000122070312,579.4500122070312,579.6500244140625,579.6500244140625,30729
2023-11-10 15:24:00+05:30,579.6500244140625,579.7999877929688,579.4500122070312,579.5499877929688,579.5499877929688,36064
2023-11-10 15:25:00+05:30,579.6500244140625,579.9500122070312,579.5,579.9500122070312,579.9500122070312,40135
2023-11-10 15:26:00+05:30,579.75,580.0,579.75,580.0,580.0,29449
2023-11-10 15:27:00+05:30,580.0,580.25,579.7999877929688,580.2000122070312,580.2000122070312,64125
2023-11-10 15:28:00+05:30,580.0,580.4000244140625,580.0,580.3499755859375,580.3499755859375,27662
2023-11-10 15:29:00+05:30,580.3499755859375,580.9000244140625,580.0499877929688,580.0499877929688,580.0499877929688,69033
Datetime,Open,High,Low,Close,Adj Close,Volume
2023-11-13 09:15:00+05:30,581.0,581.0,578.7999877929688,579.6500244140625,579.6500244140625,0
2023-11-13 09:16:00+05:30,579.5,579.9500122070312,579.0999755859375,579.4500122070312,579.4500122070312,37536
2023-11-13 09:17:00+05:30,579.4500122070312,579.75,579.0,579.3499755859375,579.3499755859375,28371
2023-11-13 09:18:00+05:30,579.6500244140625,579.6500244140625,578.9500122070312,579.2000122070312,579.2000122070312,31000
2023-11-13 09:19:00+05:30,579.0499877929688,579.0499877929688,578.5999755859375,579.0499877929688,579.0499877929688,64392
2023-11-13 09:20:00+05:30,579.0499877929688,579.1500244140625,578.6500244140625,579.0,579.0,34856
2023-11-13 09:21:00+05:30,579.0,579.0,578.4500122070312,578.7000122070312,578.7000122070312,34130
2023-11-13 09:22:00+05:30,578.75,578.9000244140625,578.2000122070312,578.5,578.5,49950
2023-11-13 09:23:00+05:30,578.5,578.9500122070312,578.4000244140625,578.7000122070312,578.7000122070312,46181
2023-11-13 09:24:00+05:30,578.7000122070312,578.7999877929688,578.25,578.25,578.25,14961
2023-11-13 09:25:00+05:30,578.2000122070312,578.5,578.2000122070312,578.2999877929688,578.2999877929688,2062
2023-11-13 09:26:00+05:30,578.5499877929688,578.75,578.5,578.6500244140625,578.6500244140625,14818
2023-11-13 09:27:00+05:30,578.7999877929688,578.9500122070312,578.7999877929688,578.9500122070312,578.9500122070312,11061
2023-11-13 09:28:00+05:30,578.9500122070312,579.0,578.5999755859375,578.7999877929688,578.7999877929688,24479
2023-11-13 09:29:00+05:30,578.6500244140625,579.0,578.3499755859375,578.3499755859375,578.3499755859375,55536
2023-11-13 09:30:00+05:30,578.25,578.4500122070312,578.0,578.2999877929688,578.2999877929688,48574
2023-11-13 09:31:00+05:30,578.2000122070312,578.4500122070312,578.0,578.0999755859375,578.0999755859375,18789
2023-11-13 09:32:00+05:30,578.0999755859375,578.5,578.0,578.1500244140625,578.1500244140625,23200
2023-11-13 09:33:00+05:30,578.2999877929688,578.4500122070312,578.0999755859375,578.2000122070312,578.2000122070312,11820
2023-11-13 09:34:00+05:30,578.2000122070312,578.4500122070312,577.7000122070312,578.3499755859375,578.3499755859375,46142
2023-11-13 09:35:00+05:30,578.0999755859375,578.4000244140625,578.0499877929688,578.0999755859375,578.0999755859375,12482
2023-11-13 09:36:00+05:30,578.25,578.2999877929688,578.0499877929688,578.0499877929688,578.0499877929688,15817
2023-11-13 09:37:00+05:30,578.25,578.5,578.0,578.1500244140625,578.1500244140625,28589
2023-11-13 09:38:00+05:30,578.0999755859375,578.4500122070312,578.0,578.3499755859375,578.3499755859375,13654
2023-11-13 09:39:00+05:30,578.4000244140625,578.5,578.0999755859375,578.2000122070312,578.2000122070312,25266
2023-11-13 09:40:00+05:30,578.25,578.75,578.2000122070312,578.4000244140625,578.4000244140625,13865
2023-11-13 09:41:00+05:30,578.4500122070312,578.6500244140625,578.0999755859375,578.2999877929688,578.2999877929688,16017
2023-11-13 09:42:00+05:30,578.25,578.4000244140625,578.0999755859375,578.0999755859375,578.0999755859375,5391
2023-11-13 09:43:00+05:30,578.2000122070312,578.2999877929688,578.0999755859375,578.0999755859375,578.0999755859375,4769
2023-11-13 09:44:00+05:30,578.0999755859375,578.1500244140625,577.9000244140625,577.9000244140625,577.9000244140625,39096
2023-11-13 09:45:00+05:30,577.9000244140625,578.0999755859375,577.5999755859375,577.7999877929688,577.7999877929688,34901
2023-11-13 09:46:00+05:30,577.75,577.9500122070312,577.5999755859375,577.7999877929688,577.7999877929688,9299
2023-11-13 09:47:00+05:30,577.75,577.9500122070312,577.75,577.75,577.75,7272
2023-11-13 09:48:00+05:30,577.75,578.0999755859375,577.75,578.0,578.0,16706
2023-11-13 09:49:00+05:30,577.8499755859375,578.0999755859375,577.7000122070312,578.0,578.0,9602
2023-11-13 09:50:00+05:30,577.7999877929688,578.0999755859375,577.7999877929688,578.0,578.0,12758
2023-11-13 09:51:00+05:30,577.9000244140625,578.0999755859375,577.7999877929688,577.9500122070312,577.9500122070312,20185
2023-11-13 09:52:00+05:30,577.9500122070312,578.0,577.7999877929688,577.7999877929688,577.7999877929688,10260
2023-11-13 09:53:00+05:30,578.0,578.0,577.7000122070312,577.9000244140625,577.9000244140625,13065
2023-11-13 09:54:00+05:30,577.9500122070312,578.0999755859375,577.7999877929688,577.9000244140625,577.9000244140625,7523
2023-11-13 09:55:00+05:30,578.0,578.2000122070312,577.5999755859375,577.8499755859375,577.8499755859375,49910
2023-11-13 09:56:00+05:30,577.5999755859375,577.9000244140625,577.5999755859375,577.7999877929688,577.7999877929688,9601
2023-11-13 09:57:00+05:30,577.7999877929688,578.0,577.6500244140625,577.7999877929688,577.7999877929688,5065
2023-11-13 09:58:00+05:30,577.9500122070312,577.9500122070312,577.7000122070312,577.7999877929688,577.7999877929688,7311
2023-11-13 09:59:00+05:30,577.75,577.9500122070312,577.5999755859375,577.8499755859375,577.8499755859375,22199
2023-11-13 10:00:00+05:30,577.8499755859375,577.9500122070312,577.6500244140625,577.75,577.75,8643
2023-11-13 10:01:00+05:30,577.8499755859375,578.5,577.6500244140625,578.2999877929688,578.2999877929688,37410
2023-11-13 10:02:00+05:30,578.2000122070312,578.2999877929688,578.0,578.0499877929688,578.0499877929688,25393
2023-11-13 10:03:00+05:30,578.0999755859375,578.4000244140625,578.0,578.3499755859375,578.3499755859375,6671
2023-11-13 10:04:00+05:30,578.3499755859375,578.3499755859375,578.0,578.25,578.25,14177
2023-11-13 10:05:00+05:30,578.0999755859375,578.2999877929688,578.0,578.0,578.0,9435
2023-11-13 10:06:00+05:30,578.0,578.2000122070312,577.9000244140625,578.0,578.0,21931
2023-11-13 10:07:00+05:30,577.9500122070312,578.0999755859375,577.6500244140625,577.8499755859375,577.8499755859375,14069
2023-11-13 10:08:00+05:30,577.8499755859375,577.8499755859375,577.0499877929688,577.5,577.5,80894
2023-11-13 10:09:00+05:30,577.5,577.5,577.0999755859375,577.25,577.25,15353
2023-11-13 10:10:00+05:30,577.25,577.4000244140625,577.0999755859375,577.0999755859375,577.0999755859375,11980
2023-11-13 10:11:00+05:30,577.2999877929688,577.3499755859375,577.0,577.25,577.25,24005
2023-11-13 10:12:00+05:30,577.3499755859375,577.4000244140625,577.1500244140625,577.25,577.25,15298
2023-11-13 10:13:00+05:30,577.1500244140625,577.3499755859375,577.0999755859375,577.0999755859375,577.0999755859375,17789
2023-11-13 10:14:00+05:30,577.2000122070312,577.25,577.0,577.1500244140625,577.1500244140625,18471
2023-11-13 10:15:00+05:30,577.0499877929688,577.2999877929688,577.0499877929688,577.1500244140625,577.1500244140625,14522
2023-11-13 10:16:00+05:30,577.2000122070312,577.4000244140625,577.0999755859375,577.1500244140625,577.1500244140625,18684
2023-11-13 10:17:00+05:30,577.3499755859375,577.3499755859375,577.0499877929688,577.0499877929688,577.0499877929688,18321
2023-11-13 10:18:00+05:30,577.0499877929688,577.25,576.0,576.2000122070312,576.2000122070312,186896
2023-11-13 10:19:00+05:30,576.1500244140625,576.2000122070312,575.4500122070312,575.9000244140625,575.9000244140625,126173
2023-11-13 10:20:00+05:30,575.7000122070312,576.2999877929688,575.4000244140625,576.0,576.0,195702
2023-11-13 10:21:00+05:30,576.0,576.3499755859375,576.0,576.25,576.25,40162
2023-11-13 10:22:00+05:30,576.0,576.3499755859375,576.0,576.0499877929688,576.0499877929688,33138
2023-11-13 10:23:00+05:30,576.2999877929688,576.5499877929688,576.0499877929688,576.2999877929688,576.2999877929688,20309
2023-11-13 10:24:00+05:30,576.4000244140625,576.75,575.7999877929688,575.8499755859375,575.8499755859375,81070
2023-11-13 10:25:00+05:30,575.9000244140625,576.5,575.75,576.4500122070312,576.4500122070312,42311
2023-11-13 10:26:00+05:30,576.2000122070312,576.4500122070312,575.9000244140625,576.0499877929688,576.0499877929688,40265
2023-11-13 10:27:00+05:30,576.2999877929688,576.5,576.0,576.2000122070312,576.2000122070312,29605
2023-11-13 10:28:00+05:30,576.25,576.5,576.0,576.2000122070312,576.2000122070312,24918
2023-11-13 10:29:00+05:30,576.4000244140625,576.4000244140625,576.0,576.0999755859375,576.0999755859375,18711
2023-11-13 10:30:00+05:30,576.0999755859375,576.2000122070312,575.7000122070312,575.7999877929688,575.7999877929688,35904
2023-11-13 10:31:00+05:30,575.4000244140625,575.7000122070312,575.2000122070312,575.4500122070312,575.4500122070312,46977
2023-11-13 10:32:00+05:30,575.4500122070312,575.9000244140625,575.4500122070312,575.7000122070312,575.7000122070312,18292
2023-11-13 10:33:00+05:30,575.7000122070312,576.0,575.5499877929688,575.9000244140625,575.9000244140625,35561
2023-11-13 10:34:00+05:30,576.0499877929688,576.0499877929688,575.5499877929688,575.6500244140625,575.6500244140625,54352
2023-11-13 10:35:00+05:30,575.8499755859375,575.9000244140625,575.4500122070312,575.7999877929688,575.7999877929688,35574
2023-11-13 10:36:00+05:30,575.5499877929688,575.8499755859375,575.4000244140625,575.4500122070312,575.4500122070312,36121
2023-11-13 10:37:00+05:30,575.6500244140625,575.9000244140625,575.4500122070312,575.75,575.75,24317
2023-11-13 10:38:00+05:30,575.7999877929688,575.8499755859375,575.4500122070312,575.5999755859375,575.5999755859375,48850
2023-11-13 10:39:00+05:30,575.5,575.9000244140625,575.5,575.8499755859375,575.8499755859375,29623
2023-11-13 10:40:00+05:30,575.8499755859375,575.9500122070312,575.5,575.75,575.75,27113
2023-11-13 10:41:00+05:30,575.7999877929688,575.9500122070312,575.5,575.5,575.5,32551
2023-11-13 10:42:00+05:30,575.75,576.4500122070312,575.5,576.25,576.25,81418
2023-11-13 10:43:00+05:30,576.3499755859375,576.4000244140625,576.0,576.0999755859375,576.0999755859375,25898
2023-11-13 10:44:00+05:30,576.1500244140625,576.4000244140625,576.0499877929688,576.3499755859375,576.3499755859375,44444
2023-11-13 10:45:00+05:30,576.2999877929688,576.5,576.0999755859375,576.25,576.25,50574
2023-11-13 10:46:00+05:30,576.25,576.4000244140625,576.0,576.4000244140625,576.4000244140625,27971
2023-11-13 10:47:00+05:30,576.5,576.5,576.0499877929688,576.2000122070312,576.2000122070312,55445
2023-11-13 10:48:00+05:30,576.0499877929688,576.2999877929688,575.8499755859375,575.9000244140625,575.9000244140625,147226
2023-11-13 10:49:00+05:30,575.9000244140625,576.0,575.7000122070312,575.9500122070312,575.9500122070312,60753
2023-11-13 10:50:00+05:30,575.75,576.0999755859375,575.7000122070312,575.9500122070312,575.9500122070312,33433
2023-11-13 10:51:00+05:30,575.9500122070312,576.3499755859375,575.6500244140625,575.8499755859375,575.8499755859375,39023
2023-11-13 10:52:00+05:30,576.1500244140625,576.2999877929688,575.75,576.2000122070312,576.2000122070312,20318
2023-11-13 10:53:00+05:30,576.25,576.7999877929688,576.0999755859375,576.7000122070312,576.7000122070312,42027
2023-11-13 10:54:00+05:30,576.7999877929688,577.0,576.4500122070312,576.5999755859375,576.5999755859375,55901
2023-11-13 10:55:00+05:30,576.6500244140625,576.9000244140625,576.5,576.5499877929688,576.5499877929688,38122
2023-11-13 10:56:00+05:30,576.5499877929688,576.8499755859375,576.5499877929688,576.7000122070312,576.7000122070312,5601
2023-11-13 10:57:00+05:30,576.8499755859375,577.2000122070312,576.7000122070312,576.9000244140625,576.9000244140625,34518
2023-11-13 10:58:00+05:30,576.9500122070312,577.0999755859375,576.75,576.9000244140625,576.9000244140625,16430
2023-11-13 10:59:00+05:30,576.9000244140625,577.5,576.9000244140625,577.4500122070312,577.4500122070312,16253
2023-11-13 11:00:00+05:30,577.2000122070312,577.5,577.1500244140625,577.3499755859375,577.3499755859375,16949
2023-11-13 11:01:00+05:30,577.2000122070312,577.3499755859375,576.5999755859375,576.5999755859375,576.5999755859375,87690
2023-11-13 11:02:00+05:30,576.5999755859375,577.1500244140625,576.4500122070312,577.0999755859375,577.0999755859375,164541
2023-11-13 11:03:00+05:30,577.0999755859375,577.0999755859375,576.6500244140625,576.9000244140625,576.9000244140625,14305
2023-11-13 11:04:00+05:30,576.9000244140625,576.9000244140625,576.4500122070312,576.5,576.5,30504
2023-11-13 11:05:00+05:30,576.5,576.5999755859375,576.4000244140625,576.5499877929688,576.5499877929688,43385
2023-11-13 11:06:00+05:30,576.5,576.8499755859375,576.5,576.7999877929688,576.7999877929688,13469
2023-11-13 11:07:00+05:30,576.7000122070312,576.8499755859375,576.5,576.7999877929688,576.7999877929688,12492
2023-11-13 11:08:00+05:30,576.6500244140625,576.9500122070312,576.5,576.9000244140625,576.9000244140625,13117
2023-11-13 11:09:00+05:30,576.75,577.0,576.5,576.6500244140625,576.6500244140625,29022
2023-11-13 11:10:00+05:30,576.7000122070312,577.0,576.5499877929688,576.9500122070312,576.9500122070312,16196
2023-11-13 11:11:00+05:30,576.7999877929688,577.1500244140625,576.7999877929688,577.0999755859375,577.0999755859375,20048
2023-11-13 11:12:00+05:30,577.0999755859375,577.25,577.0499877929688,577.1500244140625,577.1500244140625,6347
2023-11-13 11:13:00+05:30,577.25,577.3499755859375,577.2000122070312,577.2000122070312,577.2000122070312,25608
2023-11-13 11:14:00+05:30,577.2999877929688,577.2999877929688,576.7999877929688,577.0,577.0,10159
2023-11-13 11:15:00+05:30,576.9500122070312,577.0999755859375,576.7999877929688,577.0999755859375,577.0999755859375,8108
2023-11-13 11:16:00+05:30,577.0999755859375,577.0999755859375,576.9500122070312,577.0999755859375,577.0999755859375,4802
2023-11-13 11:17:00+05:30,577.0999755859375,577.4500122070312,576.8499755859375,577.0,577.0,38808
2023-11-13 11:18:00+05:30,577.0,577.0,576.7000122070312,576.7000122070312,576.7000122070312,110422
2023-11-13 11:19:00+05:30,576.9500122070312,577.5,576.9500122070312,577.4000244140625,577.4000244140625,39051
2023-11-13 11:20:00+05:30,577.4500122070312,577.5,577.0499877929688,577.2999877929688,577.2999877929688,20091
2023-11-13 11:21:00+05:30,577.2999877929688,577.4500122070312,577.1500244140625,577.1500244140625,577.1500244140625,16299
2023-11-13 11:22:00+05:30,577.25,577.4500122070312,577.0999755859375,577.4500122070312,577.4500122070312,20736
2023-11-13 11:23:00+05:30,577.4500122070312,577.5,577.0999755859375,577.3499755859375,577.3499755859375,19602
2023-11-13 11:24:00+05:30,577.25,577.4000244140625,577.1500244140625,577.2999877929688,577.2999877929688,4920
2023-11-13 11:25:00+05:30,577.0999755859375,577.2999877929688,577.0999755859375,577.2999877929688,577.2999877929688,5393
2023-11-13 11:26:00+05:30,577.25,577.3499755859375,577.1500244140625,577.25,577.25,8042
2023-11-13 11:27:00+05:30,577.25,577.7000122070312,577.25,577.7000122070312,577.7000122070312,30017
2023-11-13 11:28:00+05:30,577.7000122070312,577.7000122070312,577.5,577.5499877929688,577.5499877929688,5135
2023-11-13 11:29:00+05:30,577.5999755859375,577.5999755859375,577.4500122070312,577.5499877929688,577.5499877929688,3851
2023-11-13 11:30:00+05:30,577.5499877929688,577.5999755859375,577.4000244140625,577.5,577.5,5856
2023-11-13 11:31:00+05:30,577.5499877929688,577.9000244140625,577.5,577.9000244140625,577.9000244140625,24428
2023-11-13 11:32:00+05:30,577.9000244140625,577.9500122070312,577.7999877929688,577.9500122070312,577.9500122070312,15318
2023-11-13 11:33:00+05:30,577.9500122070312,578.5,577.9500122070312,578.25,578.25,132532
2023-11-13 11:34:00+05:30,578.25,578.5999755859375,578.0999755859375,578.25,578.25,39925
2023-11-13 11:35:00+05:30,578.2999877929688,578.2999877929688,578.0,578.1500244140625,578.1500244140625,8000
2023-11-13 11:36:00+05:30,578.1500244140625,578.4500122070312,578.0499877929688,578.3499755859375,578.3499755859375,26102
2023-11-13 11:37:00+05:30,578.3499755859375,578.4500122070312,578.2000122070312,578.25,578.25,13111
2023-11-13 11:38:00+05:30,578.25,579.2999877929688,578.2000122070312,579.0,579.0,121577
2023-11-13 11:39:00+05:30,579.2000122070312,579.2000122070312,578.6500244140625,578.6500244140625,578.6500244140625,17345
2023-11-13 11:40:00+05:30,578.75,579.0999755859375,578.6500244140625,579.0,579.0,25061
2023-11-13 11:41:00+05:30,579.0,579.0499877929688,578.7000122070312,578.9000244140625,578.9000244140625,13930
2023-11-13 11:42:00+05:30,578.9000244140625,579.2999877929688,578.7999877929688,579.1500244140625,579.1500244140625,21627
2023-11-13 11:43:00+05:30,579.0,579.2999877929688,578.9000244140625,579.2999877929688,579.2999877929688,17070
2023-11-13 11:44:00+05:30,579.0999755859375,579.3499755859375,579.0,579.2000122070312,579.2000122070312,19346
2023-11-13 11:45:00+05:30,579.3499755859375,579.5,579.2000122070312,579.4500122070312,579.4500122070312,42418
2023-11-13 11:46:00+05:30,579.4500122070312,579.5999755859375,579.2999877929688,579.2999877929688,579.2999877929688,19035
2023-11-13 11:47:00+05:30,579.5,579.5,579.0,579.25,579.25,10996
2023-11-13 11:48:00+05:30,579.2000122070312,579.25,578.7000122070312,578.9500122070312,578.9500122070312,36232
2023-11-13 11:49:00+05:30,578.8499755859375,578.8499755859375,578.5499877929688,578.5499877929688,578.5499877929688,53057
2023-11-13 11:50:00+05:30,578.5999755859375,579.0,578.5499877929688,578.9500122070312,578.9500122070312,70488
2023-11-13 11:51:00+05:30,578.9500122070312,578.9500122070312,578.4500122070312,578.7000122070312,578.7000122070312,9186
2023-11-13 11:52:00+05:30,578.7000122070312,579.0,578.7000122070312,579.0,579.0,10379
2023-11-13 11:53:00+05:30,579.0,579.1500244140625,578.7999877929688,578.9000244140625,578.9000244140625,20165
2023-11-13 11:54:00+05:30,578.7999877929688,578.8499755859375,578.0,578.0499877929688,578.0499877929688,12274
2023-11-13 11:55:00+05:30,578.0,578.4000244140625,578.0,578.2999877929688,578.2999877929688,14260
2023-11-13 11:56:00+05:30,578.2999877929688,578.5,578.2000122070312,578.2000122070312,578.2000122070312,12210
2023-11-13 11:57:00+05:30,578.2999877929688,578.5499877929688,578.2000122070312,578.4000244140625,578.4000244140625,6554
2023-11-13 11:58:00+05:30,578.5499877929688,578.9500122070312,578.5,578.9500122070312,578.9500122070312,8770
2023-11-13 11:59:00+05:30,578.9500122070312,578.9500122070312,578.5999755859375,578.5999755859375,578.5999755859375,8851
2023-11-13 12:00:00+05:30,578.7999877929688,578.7999877929688,578.5999755859375,578.5999755859375,578.5999755859375,6096
2023-11-13 12:01:00+05:30,578.7000122070312,578.9000244140625,578.5999755859375,578.7999877929688,578.7999877929688,3701
2023-11-13 12:02:00+05:30,578.75,578.7999877929688,578.5999755859375,578.7000122070312,578.7000122070312,5340
2023-11-13 12:03:00+05:30,578.6500244140625,578.7999877929688,578.5999755859375,578.7000122070312,578.7000122070312,7983
2023-11-13 12:04:00+05:30,578.7000122070312,578.75,578.2999877929688,578.3499755859375,578.3499755859375,10206
2023-11-13 12:05:00+05:30,578.3499755859375,578.3499755859375,578.1500244140625,578.1500244140625,578.1500244140625,36453
2023-11-13 12:06:00+05:30,578.2000122070312,578.5,578.2000122070312,578.25,578.25,55383
2023-11-13 12:07:00+05:30,578.3499755859375,578.3499755859375,578.1500244140625,578.2000122070312,578.2000122070312,45721
2023-11-13 12:08:00+05:30,578.25,578.25,577.9500122070312,578.0999755859375,578.0999755859375,55731
2023-11-13 12:09:00+05:30,578.0999755859375,578.4000244140625,578.0499877929688,578.3499755859375,578.3499755859375,10332
2023-11-13 12:10:00+05:30,578.3499755859375,578.75,578.2999877929688,578.75,578.75,7936
2023-11-13 12:11:00+05:30,578.6500244140625,579.1500244140625,578.5499877929688,579.0,579.0,31945
2023-11-13 12:12:00+05:30,579.2000122070312,579.25,578.7999877929688,578.9000244140625,578.9000244140625,22553
2023-11-13 12:13:00+05:30,578.9000244140625,579.25,578.9000244140625,579.25,579.25,30148
2023-11-13 12:14:00+05:30,579.1500244140625,579.5,579.1500244140625,579.2000122070312,579.2000122070312,31839
2023-11-13 12:15:00+05:30,579.2000122070312,579.4500122070312,579.2000122070312,579.4500122070312,579.4500122070312,5188
2023-11-13 12:16:00+05:30,579.2999877929688,579.5499877929688,579.2999877929688,579.5499877929688,579.5499877929688,10301
2023-11-13 12:17:00+05:30,579.5,579.5499877929688,578.7999877929688,578.9000244140625,578.9000244140625,117415
2023-11-13 12:18:00+05:30,578.9000244140625,579.2000122070312,578.75,579.0999755859375,579.0999755859375,37381
2023-11-13 12:19:00+05:30,579.1500244140625,579.1500244140625,579.0499877929688,579.0499877929688,579.0499877929688,12785
2023-11-13 12:20:00+05:30,579.0,579.0999755859375,578.7999877929688,578.7999877929688,578.7999877929688,8627
2023-11-13 12:21:00+05:30,579.0,579.0499877929688,578.5,578.6500244140625,578.6500244140625,53345
2023-11-13 12:22:00+05:30,578.9000244140625,578.9500122070312,578.5,578.6500244140625,578.6500244140625,12547
2023-11-13 12:23:00+05:30,578.6500244140625,578.6500244140625,578.0999755859375,578.3499755859375,578.3499755859375,15836
2023-11-13 12:24:00+05:30,578.2000122070312,578.7000122070312,578.2000122070312,578.4000244140625,578.4000244140625,10402
2023-11-13 12:25:00+05:30,578.4500122070312,578.4500122070312,578.2000122070312,578.3499755859375,578.3499755859375,15550
2023-11-13 12:26:00+05:30,578.2000122070312,578.4500122070312,578.2000122070312,578.4500122070312,578.4500122070312,11887
2023-11-13 12:27:00+05:30,578.4500122070312,578.8499755859375,578.4000244140625,578.7000122070312,578.7000122070312,5756
2023-11-13 12:28:00+05:30,578.7000122070312,578.9500122070312,578.7000122070312,578.8499755859375,578.8499755859375,8930
2023-11-13 12:29:00+05:30,578.7000122070312,578.8499755859375,578.7000122070312,578.8499755859375,578.8499755859375,2654
2023-11-13 12:30:00+05:30,578.8499755859375,578.8499755859375,578.75,578.7999877929688,578.7999877929688,2258
2023-11-13 12:31:00+05:30,578.7999877929688,579.0999755859375,578.7000122070312,578.9500122070312,578.9500122070312,180085
2023-11-13 12:32:00+05:30,579.0,579.0999755859375,578.7999877929688,579.0,579.0,10672
2023-11-13 12:33:00+05:30,579.0,579.4500122070312,578.9500122070312,579.4500122070312,579.4500122070312,12674
2023-11-13 12:34:00+05:30,579.4500122070312,579.4500122070312,579.0,579.0,579.0,11614
2023-11-13 12:35:00+05:30,579.0,579.0999755859375,579.0,579.0499877929688,579.0499877929688,16707
2023-11-13 12:36:00+05:30,579.0499877929688,579.0499877929688,579.0,579.0,579.0,4215
2023-11-13 12:37:00+05:30,579.0,579.25,579.0,579.25,579.25,8007
2023-11-13 12:38:00+05:30,579.1500244140625,579.1500244140625,579.0,579.0499877929688,579.0499877929688,2933
2023-11-13 12:39:00+05:30,579.0499877929688,579.1500244140625,579.0,579.0499877929688,579.0499877929688,24867
2023-11-13 12:40:00+05:30,579.0,579.0999755859375,578.75,579.0999755859375,579.0999755859375,30320
2023-11-13 12:41:00+05:30,579.0999755859375,579.0999755859375,578.9500122070312,578.9500122070312,578.9500122070312,3346
2023-11-13 12:42:00+05:30,578.9500122070312,579.1500244140625,578.9000244140625,578.9000244140625,578.9000244140625,63765
2023-11-13 12:43:00+05:30,578.9000244140625,579.1500244140625,578.7999877929688,578.7999877929688,578.7999877929688,76496
2023-11-13 12:44:00+05:30,578.7999877929688,579.0,578.7999877929688,578.9500122070312,578.9500122070312,7036
2023-11-13 12:45:00+05:30,578.75,578.9500122070312,578.75,578.9500122070312,578.9500122070312,67934
2023-11-13 12:46:00+05:30,579.0,579.0999755859375,578.75,579.0499877929688,579.0499877929688,7514
2023-11-13 12:47:00+05:30,579.0499877929688,579.1500244140625,579.0499877929688,579.0499877929688,579.0499877929688,4630
2023-11-13 12:48:00+05:30,579.0499877929688,579.2999877929688,579.0499877929688,579.2999877929688,579.2999877929688,6677
2023-11-13 12:49:00+05:30,579.25,579.2999877929688,579.0,579.0499877929688,579.0499877929688,9606
2023-11-13 12:50:00+05:30,579.0499877929688,579.3499755859375,579.0499877929688,579.1500244140625,579.1500244140625,11268
2023-11-13 12:51:00+05:30,579.0999755859375,579.2999877929688,579.0,579.2999877929688,579.2999877929688,23838
2023-11-13 12:52:00+05:30,579.2999877929688,579.4000244140625,579.0999755859375,579.2999877929688,579.2999877929688,11702
2023-11-13 12:53:00+05:30,579.0999755859375,579.3499755859375,579.0499877929688,579.1500244140625,579.1500244140625,12722
2023-11-13 12:54:00+05:30,579.3499755859375,579.5,579.0,579.4500122070312,579.4500122070312,41501
2023-11-13 12:55:00+05:30,579.4500122070312,579.5499877929688,579.0999755859375,579.0999755859375,579.0999755859375,23045
2023-11-13 12:56:00+05:30,579.2000122070312,579.4500122070312,579.0999755859375,579.3499755859375,579.3499755859375,9794
2023-11-13 12:57:00+05:30,579.4000244140625,579.4500122070312,579.0499877929688,579.0499877929688,579.0499877929688,11869
2023-11-13 12:58:00+05:30,579.2999877929688,579.3499755859375,579.0499877929688,579.0999755859375,579.0999755859375,74515
2023-11-13 12:59:00+05:30,579.0,579.25,578.8499755859375,579.0,579.0,125883
2023-11-13 13:00:00+05:30,578.9000244140625,579.0,578.9000244140625,578.9500122070312,578.9500122070312,35787
2023-11-13 13:01:00+05:30,578.9000244140625,579.0,578.75,578.7999877929688,578.7999877929688,36554
2023-11-13 13:02:00+05:30,578.7999877929688,579.0,578.75,578.8499755859375,578.8499755859375,6890
2023-11-13 13:03:00+05:30,578.8499755859375,578.9500122070312,578.75,578.75,578.75,6334
2023-11-13 13:04:00+05:30,578.75,579.2000122070312,578.75,579.2000122070312,579.2000122070312,11580
2023-11-13 13:05:00+05:30,579.2000122070312,579.4000244140625,579.1500244140625,579.25,579.25,8121
2023-11-13 13:06:00+05:30,579.25,579.3499755859375,579.2000122070312,579.25,579.25,6243
2023-11-13 13:07:00+05:30,579.25,579.4000244140625,579.25,579.3499755859375,579.3499755859375,5593
2023-11-13 13:08:00+05:30,579.3499755859375,579.4000244140625,579.0,579.1500244140625,579.1500244140625,10442
2023-11-13 13:09:00+05:30,579.0,579.1500244140625,578.9500122070312,579.0,579.0,5271
2023-11-13 13:10:00+05:30,579.0,579.4000244140625,579.0,579.1500244140625,579.1500244140625,11169
2023-11-13 13:11:00+05:30,579.1500244140625,579.1500244140625,578.8499755859375,579.0,579.0,6030
2023-11-13 13:12:00+05:30,578.8499755859375,579.0499877929688,578.75,578.7999877929688,578.7999877929688,11149
2023-11-13 13:13:00+05:30,578.75,579.0499877929688,578.75,578.9000244140625,578.9000244140625,93698
2023-11-13 13:14:00+05:30,578.75,579.0,578.75,578.75,578.75,56492
2023-11-13 13:15:00+05:30,578.8499755859375,579.0999755859375,578.75,578.9000244140625,578.9000244140625,128495
2023-11-13 13:16:00+05:30,578.9000244140625,579.0,578.7000122070312,578.8499755859375,578.8499755859375,75487
2023-11-13 13:17:00+05:30,578.8499755859375,579.1500244140625,578.75,579.0,579.0,8643
2023-11-13 13:18:00+05:30,579.1500244140625,579.1500244140625,578.75,578.8499755859375,578.8499755859375,16936
2023-11-13 13:19:00+05:30,578.9000244140625,579.0499877929688,578.75,579.0499877929688,579.0499877929688,9633
2023-11-13 13:20:00+05:30,578.8499755859375,579.0,578.7999877929688,578.8499755859375,578.8499755859375,4931
2023-11-13 13:21:00+05:30,578.8499755859375,578.9000244140625,578.75,578.7999877929688,578.7999877929688,7390
2023-11-13 13:22:00+05:30,578.8499755859375,578.9000244140625,578.75,578.7999877929688,578.7999877929688,12432
2023-11-13 13:23:00+05:30,578.8499755859375,579.0499877929688,578.75,578.75,578.75,20409
2023-11-13 13:24:00+05:30,578.75,579.0499877929688,578.75,578.75,578.75,21457
2023-11-13 13:25:00+05:30,578.75,578.9500122070312,578.75,578.8499755859375,578.8499755859375,21000
2023-11-13 13:26:00+05:30,578.75,579.0,578.75,578.7999877929688,578.7999877929688,15122
2023-11-13 13:27:00+05:30,578.7999877929688,579.0,578.75,578.9000244140625,578.9000244140625,22186
2023-11-13 13:28:00+05:30,579.0499877929688,579.2000122070312,578.75,578.75,578.75,15477
2023-11-13 13:29:00+05:30,578.7999877929688,579.2000122070312,578.75,578.8499755859375,578.8499755859375,14743
2023-11-13 13:30:00+05:30,578.7999877929688,579.2000122070312,578.75,578.75,578.75,14592
2023-11-13 13:31:00+05:30,578.7999877929688,578.9000244140625,578.75,578.7999877929688,578.7999877929688,11655
2023-11-13 13:32:00+05:30,578.8499755859375,578.8499755859375,578.75,578.75,578.75,11884
2023-11-13 13:33:00+05:30,578.7999877929688,578.9500122070312,578.75,578.9000244140625,578.9000244140625,20561
2023-11-13 13:34:00+05:30,578.75,578.9500122070312,578.75,578.7999877929688,578.7999877929688,20419
2023-11-13 13:35:00+05:30,578.75,578.7999877929688,578.7000122070312,578.75,578.75,17703
2023-11-13 13:36:00+05:30,578.7999877929688,578.9000244140625,578.6500244140625,578.9000244140625,578.9000244140625,19739
2023-11-13 13:37:00+05:30,578.9000244140625,578.9500122070312,578.5999755859375,578.7999877929688,578.7999877929688,13034
2023-11-13 13:38:00+05:30,578.7999877929688,578.9500122070312,578.5999755859375,578.9500122070312,578.9500122070312,18989
2023-11-13 13:39:00+05:30,578.75,578.9500122070312,578.5999755859375,578.5999755859375,578.5999755859375,21563
2023-11-13 13:40:00+05:30,578.5999755859375,578.9500122070312,578.5,578.5499877929688,578.5499877929688,34891
2023-11-13 13:41:00+05:30,578.7000122070312,578.8499755859375,578.4000244140625,578.7000122070312,578.7000122070312,18031
2023-11-13 13:42:00+05:30,578.8499755859375,578.9000244140625,578.5499877929688,578.5499877929688,578.5499877929688,14116
2023-11-13 13:43:00+05:30,578.5499877929688,578.75,578.3499755859375,578.4000244140625,578.4000244140625,8414
2023-11-13 13:44:00+05:30,578.4000244140625,578.5999755859375,578.2999877929688,578.5,578.5,15328
2023-11-13 13:45:00+05:30,578.5999755859375,578.8499755859375,578.2999877929688,578.7999877929688,578.7999877929688,24779
2023-11-13 13:46:00+05:30,578.8499755859375,578.8499755859375,578.5499877929688,578.7999877929688,578.7999877929688,13466
2023-11-13 13:47:00+05:30,578.7999877929688,578.8499755859375,578.5,578.5499877929688,578.5499877929688,25884
2023-11-13 13:48:00+05:30,578.5499877929688,578.7999877929688,578.4500122070312,578.5999755859375,578.5999755859375,18761
2023-11-13 13:49:00+05:30,578.5999755859375,578.9000244140625,578.5999755859375,578.9000244140625,578.9000244140625,17238
2023-11-13 13:50:00+05:30,578.7999877929688,579.1500244140625,578.7999877929688,579.1500244140625,579.1500244140625,19991
2023-11-13 13:51:00+05:30,579.0999755859375,579.1500244140625,578.5,578.75,578.75,31181
2023-11-13 13:52:00+05:30,578.75,579.0499877929688,578.75,578.9500122070312,578.9500122070312,26125
2023-11-13 13:53:00+05:30,579.0,579.0999755859375,578.9500122070312,579.0999755859375,579.0999755859375,14308
2023-11-13 13:54:00+05:30,579.0499877929688,579.0999755859375,578.7999877929688,579.0,579.0,15193
2023-11-13 13:55:00+05:30,579.0,579.0999755859375,578.9000244140625,578.9000244140625,578.9000244140625,13112
2023-11-13 13:56:00+05:30,579.0,579.2999877929688,579.0,579.1500244140625,579.1500244140625,36500
2023-11-13 13:57:00+05:30,579.1500244140625,579.2999877929688,579.0,579.25,579.25,23188
2023-11-13 13:58:00+05:30,579.0999755859375,579.4000244140625,579.0,579.4000244140625,579.4000244140625,19746
2023-11-13 13:59:00+05:30,579.4000244140625,579.4000244140625,578.75,578.8499755859375,578.8499755859375,25287
2023-11-13 14:00:00+05:30,578.8499755859375,579.2000122070312,578.75,578.8499755859375,578.8499755859375,15063
2023-11-13 14:01:00+05:30,578.9000244140625,579.0999755859375,578.7999877929688,578.9000244140625,578.9000244140625,9784
2023-11-13 14:02:00+05:30,579.0,579.0,578.75,578.9500122070312,578.9500122070312,12824
2023-11-13 14:03:00+05:30,578.8499755859375,579.25,578.7999877929688,579.25,579.25,20643
2023-11-13 14:04:00+05:30,579.2000122070312,579.25,578.8499755859375,579.0,579.0,11750
2023-11-13 14:05:00+05:30,579.0,579.2999877929688,578.9000244140625,579.0499877929688,579.0499877929688,15750
2023-11-13 14:06:00+05:30,579.2000122070312,579.2000122070312,579.0,579.1500244140625,579.1500244140625,24465
2023-11-13 14:07:00+05:30,579.2000122070312,579.2000122070312,578.9000244140625,579.0,579.0,10452
2023-11-13 14:08:00+05:30,579.0499877929688,579.1500244140625,578.8499755859375,579.0499877929688,579.0499877929688,14143
2023-11-13 14:09:00+05:30,578.9500122070312,579.25,578.9500122070312,579.25,579.25,14247
2023-11-13 14:10:00+05:30,579.0499877929688,579.3499755859375,578.9500122070312,578.9500122070312,578.9500122070312,16435
2023-11-13 14:11:00+05:30,579.0999755859375,579.2999877929688,579.0499877929688,579.0499877929688,579.0499877929688,11693
2023-11-13 14:12:00+05:30,579.0999755859375,579.1500244140625,579.0,579.0999755859375,579.0999755859375,10722
2023-11-13 14:13:00+05:30,579.0999755859375,579.0999755859375,578.75,578.9000244140625,578.9000244140625,12239
2023-11-13 14:14:00+05:30,578.9000244140625,579.2999877929688,578.9000244140625,579.0499877929688,579.0499877929688,25901
2023-11-13 14:15:00+05:30,579.0499877929688,579.25,579.0,579.1500244140625,579.1500244140625,15819
2023-11-13 14:16:00+05:30,579.0499877929688,579.2000122070312,578.9000244140625,579.1500244140625,579.1500244140625,19695
2023-11-13 14:17:00+05:30,578.9500122070312,579.0999755859375,578.7999877929688,579.0999755859375,579.0999755859375,10657
2023-11-13 14:18:00+05:30,579.0,579.1500244140625,578.7999877929688,578.7999877929688,578.7999877929688,13688
2023-11-13 14:19:00+05:30,578.9500122070312,579.0,578.5499877929688,578.8499755859375,578.8499755859375,19143
2023-11-13 14:20:00+05:30,578.8499755859375,578.8499755859375,578.5,578.5499877929688,578.5499877929688,8806
2023-11-13 14:21:00+05:30,578.5999755859375,578.7999877929688,578.5499877929688,578.7999877929688,578.7999877929688,13660
2023-11-13 14:22:00+05:30,578.7999877929688,578.7999877929688,578.5,578.75,578.75,12644
2023-11-13 14:23:00+05:30,578.75,578.8499755859375,578.5,578.8499755859375,578.8499755859375,23060
2023-11-13 14:24:00+05:30,578.8499755859375,579.0,578.5999755859375,578.9500122070312,578.9500122070312,34407
2023-11-13 14:25:00+05:30,578.75,578.9500122070312,578.6500244140625,578.9500122070312,578.9500122070312,18696
2023-11-13 14:26:00+05:30,578.9500122070312,579.0,578.5999755859375,578.6500244140625,578.6500244140625,21512
2023-11-13 14:27:00+05:30,578.6500244140625,578.8499755859375,578.5499877929688,578.7999877929688,578.7999877929688,19587
2023-11-13 14:28:00+05:30,578.9000244140625,579.2000122070312,578.5999755859375,579.0999755859375,579.0999755859375,48556
2023-11-13 14:29:00+05:30,578.8499755859375,579.1500244140625,578.8499755859375,579.1500244140625,579.1500244140625,18308
2023-11-13 14:30:00+05:30,579.0,580.25,578.7999877929688,580.25,580.25,107195
2023-11-13 14:31:00+05:30,580.25,581.0,579.7999877929688,581.0,581.0,119246
2023-11-13 14:32:00+05:30,581.0499877929688,581.8499755859375,581.0,581.0499877929688,581.0499877929688,113810
2023-11-13 14:33:00+05:30,581.25,582.0499877929688,581.25,581.7999877929688,581.7999877929688,111930
2023-11-13 14:34:00+05:30,581.5999755859375,581.8499755859375,581.3499755859375,581.75,581.75,40773
2023-11-13 14:35:00+05:30,581.7999877929688,581.9500122070312,581.5499877929688,581.5499877929688,581.5499877929688,47396
2023-11-13 14:36:00+05:30,581.75,582.0499877929688,581.5499877929688,582.0499877929688,582.0499877929688,56861
2023-11-13 14:37:00+05:30,582.2000122070312,582.5,581.9000244140625,581.9000244140625,581.9000244140625,68277
2023-11-13 14:38:00+05:30,581.9000244140625,582.0,581.5499877929688,581.5999755859375,581.5999755859375,36692
2023-11-13 14:39:00+05:30,581.5499877929688,581.7000122070312,580.5499877929688,580.9000244140625,580.9000244140625,45631
2023-11-13 14:40:00+05:30,580.9000244140625,581.0,580.3499755859375,581.0,581.0,45068
2023-11-13 14:41:00+05:30,580.9000244140625,581.7999877929688,580.9000244140625,581.5,581.5,45915
2023-11-13 14:42:00+05:30,581.5,581.5499877929688,581.1500244140625,581.25,581.25,29502
2023-11-13 14:43:00+05:30,581.3499755859375,581.3499755859375,580.9000244140625,581.0,581.0,30978
2023-11-13 14:44:00+05:30,581.1500244140625,581.1500244140625,580.75,580.8499755859375,580.8499755859375,13780
2023-11-13 14:45:00+05:30,580.9000244140625,581.7999877929688,580.7999877929688,581.5499877929688,581.5499877929688,37542
2023-11-13 14:46:00+05:30,581.6500244140625,581.7000122070312,581.4000244140625,581.5499877929688,581.5499877929688,15846
2023-11-13 14:47:00+05:30,581.6500244140625,582.25,581.5,581.8499755859375,581.8499755859375,49514
2023-11-13 14:48:00+05:30,581.7999877929688,581.8499755859375,581.5,581.75,581.75,16594
2023-11-13 14:49:00+05:30,581.75,581.75,581.2999877929688,581.4000244140625,581.4000244140625,37732
2023-11-13 14:50:00+05:30,581.2999877929688,581.5499877929688,581.1500244140625,581.4500122070312,581.4500122070312,112850
2023-11-13 14:51:00+05:30,581.4500122070312,581.6500244140625,581.25,581.5,581.5,29339
2023-11-13 14:52:00+05:30,581.5,581.6500244140625,581.25,581.2999877929688,581.2999877929688,64402
2023-11-13 14:53:00+05:30,581.25,581.4000244140625,580.9500122070312,581.0999755859375,581.0999755859375,77331
2023-11-13 14:54:00+05:30,581.2000122070312,581.3499755859375,580.9500122070312,581.2999877929688,581.2999877929688,33599
2023-11-13 14:55:00+05:30,581.2999877929688,581.4500122070312,581.0,581.3499755859375,581.3499755859375,23053
2023-11-13 14:56:00+05:30,581.5,581.5,581.0999755859375,581.3499755859375,581.3499755859375,19577
2023-11-13 14:57:00+05:30,581.2999877929688,581.4000244140625,581.0999755859375,581.1500244140625,581.1500244140625,12835
2023-11-13 14:58:00+05:30,581.4000244140625,581.5,581.1500244140625,581.5,581.5,17297
2023-11-13 14:59:00+05:30,581.5,581.5499877929688,581.3499755859375,581.3499755859375,581.3499755859375,8016
2023-11-13 15:00:00+05:30,581.5499877929688,581.5999755859375,581.3499755859375,581.5499877929688,581.5499877929688,21305
2023-11-13 15:01:00+05:30,581.2999877929688,581.2999877929688,581.0,581.0499877929688,581.0499877929688,83669
2023-11-13 15:02:00+05:30,580.9000244140625,580.9500122070312,580.5999755859375,580.9000244140625,580.9000244140625,39772
2023-11-13 15:03:00+05:30,580.9000244140625,580.9500122070312,580.75,580.75,580.75,13936
2023-11-13 15:04:00+05:30,580.7999877929688,581.1500244140625,580.7999877929688,581.0,581.0,29463
2023-11-13 15:05:00+05:30,581.0,581.2000122070312,580.8499755859375,581.2000122070312,581.2000122070312,21121
2023-11-13 15:06:00+05:30,580.9000244140625,581.2999877929688,580.9000244140625,581.2999877929688,581.2999877929688,34458
2023-11-13 15:07:00+05:30,581.2999877929688,581.2999877929688,581.0499877929688,581.2999877929688,581.2999877929688,16270
2023-11-13 15:08:00+05:30,581.3499755859375,581.4000244140625,581.0,581.0,581.0,37127
2023-11-13 15:09:00+05:30,581.0999755859375,581.25,580.9000244140625,581.0999755859375,581.0999755859375,23693
2023-11-13 15:10:00+05:30,581.25,581.4000244140625,581.0,581.2999877929688,581.2999877929688,31369
2023-11-13 15:11:00+05:30,581.3499755859375,581.4000244140625,581.0,581.2000122070312,581.2000122070312,28341
2023-11-13 15:12:00+05:30,581.2000122070312,581.25,580.9000244140625,581.2000122070312,581.2000122070312,17935
2023-11-13 15:13:00+05:30,581.0,581.4500122070312,581.0,581.3499755859375,581.3499755859375,45104
2023-11-13 15:14:00+05:30,581.2999877929688,581.3499755859375,580.9000244140625,581.2000122070312,581.2000122070312,23695
2023-11-13 15:15:00+05:30,581.2000122070312,581.4500122070312,581.0999755859375,581.2999877929688,581.2999877929688,52866
2023-11-13 15:16:00+05:30,581.2999877929688,581.4500122070312,581.0,581.25,581.25,68904
2023-11-13 15:17:00+05:30,581.2000122070312,581.2999877929688,581.0,581.2000122070312,581.2000122070312,59367
2023-11-13 15:18:00+05:30,581.2000122070312,581.5,580.9000244140625,581.4500122070312,581.4500122070312,102882
2023-11-13 15:19:00+05:30,581.4000244140625,581.4000244140625,581.0499877929688,581.0999755859375,581.0999755859375,61506
2023-11-13 15:20:00+05:30,581.2999877929688,581.5499877929688,581.0999755859375,581.5499877929688,581.5499877929688,75209
2023-11-13 15:21:00+05:30,581.5499877929688,581.5999755859375,581.2999877929688,581.5999755859375,581.5999755859375,28169
2023-11-13 15:22:00+05:30,581.5999755859375,581.9000244140625,581.5499877929688,581.7999877929688,581.7999877929688,60089
2023-11-13 15:23:00+05:30,581.75,582.0,581.7000122070312,581.9000244140625,581.9000244140625,68852
2023-11-13 15:24:00+05:30,581.9000244140625,582.0,581.7999877929688,581.7999877929688,581.7999877929688,27124
2023-11-13 15:25:00+05:30,581.9000244140625,581.9000244140625,581.6500244140625,581.7000122070312,581.7000122070312,26024
2023-11-13 15:26:00+05:30,581.7000122070312,581.7000122070312,581.5999755859375,581.7000122070312,581.7000122070312,18371
2023-11-13 15:27:00+05:30,581.7000122070312,581.8499755859375,581.5999755859375,581.7000122070312,581.7000122070312,19409
2023-11-13 15:28:00+05:30,581.8499755859375,582.0,581.5499877929688,582.0,582.0,24017
2023-11-13 15:29:00+05:30,582.0,582.0999755859375,581.0,581.75,581.75,70397
2023-11-15 09:15:00+05:30,585.2000122070312,585.5,584.9000244140625,585.5,585.5,414661
2023-11-15 09:16:00+05:30,585.5,586.3499755859375,585.0999755859375,585.7000122070312,585.7000122070312,173709
2023-11-15 09:17:00+05:30,585.5,586.0,585.5,586.0,586.0,114027
2023-11-15 09:18:00+05:30,585.9500122070312,586.2999877929688,585.7999877929688,586.0999755859375,586.0999755859375,83121
2023-11-15 09:19:00+05:30,586.2000122070312,586.2000122070312,585.5,585.9000244140625,585.9000244140625,84084
2023-11-15 09:20:00+05:30,585.9000244140625,585.9500122070312,585.5,585.9500122070312,585.9500122070312,66680
2023-11-15 09:21:00+05:30,585.3499755859375,585.4500122070312,585.3499755859375,585.3499755859375,585.3499755859375,97674
2023-11-15 09:22:00+05:30,585.4500122070312,585.4500122070312,584.7999877929688,585.25,585.25,102129
2023-11-15 09:23:00+05:30,584.9000244140625,585.0499877929688,584.8499755859375,585.0,585.0,41256
2023-11-15 09:24:00+05:30,585.0,585.25,584.9000244140625,585.2000122070312,585.2000122070312,12086
2023-11-15 09:25:00+05:30,584.9500122070312,585.0499877929688,584.9000244140625,585.0499877929688,585.0499877929688,42345
2023-11-15 09:26:00+05:30,584.5499877929688,584.7999877929688,584.5499877929688,584.7000122070312,584.7000122070312,69254
2023-11-15 09:27:00+05:30,584.7000122070312,584.75,584.2000122070312,584.2000122070312,584.2000122070312,68958
2023-11-15 09:28:00+05:30,584.4500122070312,584.6500244140625,584.25,584.4500122070312,584.4500122070312,34124
2023-11-15 09:29:00+05:30,584.5999755859375,584.9500122070312,584.3499755859375,584.6500244140625,584.6500244140625,33712
2023-11-15 09:30:00+05:30,584.8499755859375,584.9000244140625,584.5,584.7000122070312,584.7000122070312,46862
2023-11-15 09:31:00+05:30,584.8499755859375,585.0,584.7000122070312,584.9000244140625,584.9000244140625,42799
2023-11-15 09:32:00+05:30,584.7999877929688,585.0,584.5499877929688,584.8499755859375,584.8499755859375,46969
2023-11-15 09:33:00+05:30,584.9000244140625,584.9000244140625,584.5,584.5,584.5,17699
2023-11-15 09:34:00+05:30,584.6500244140625,584.7000122070312,584.1500244140625,584.2999877929688,584.2999877929688,34822
2023-11-15 09:35:00+05:30,584.2999877929688,584.4500122070312,584.1500244140625,584.1500244140625,584.1500244140625,14016
2023-11-15 09:36:00+05:30,584.3499755859375,584.5499877929688,584.1500244140625,584.5499877929688,584.5499877929688,32628
2023-11-15 09:37:00+05:30,584.5,584.75,584.3499755859375,584.4500122070312,584.4500122070312,26666
2023-11-15 09:38:00+05:30,584.4500122070312,584.6500244140625,584.25,584.5,584.5,26026
2023-11-15 09:39:00+05:30,584.4000244140625,584.7999877929688,584.4000244140625,584.75,584.75,21818
2023-11-15 09:40:00+05:30,584.7000122070312,584.9500122070312,584.5499877929688,584.7999877929688,584.7999877929688,26483
2023-11-15 09:41:00+05:30,584.8499755859375,585.4500122070312,584.7999877929688,584.9500122070312,584.9500122070312,56810
2023-11-15 09:42:00+05:30,584.9500122070312,585.2000122070312,584.9000244140625,584.9000244140625,584.9000244140625,33668
2023-11-15 09:43:00+05:30,584.8499755859375,585.0,584.6500244140625,584.75,584.75,22973
2023-11-15 09:44:00+05:30,584.75,584.9000244140625,584.5,584.6500244140625,584.6500244140625,24056
2023-11-15 09:45:00+05:30,584.8499755859375,584.8499755859375,584.5,584.5499877929688,584.5499877929688,22400
2023-11-15 09:46:00+05:30,584.5499877929688,584.5999755859375,584.2999877929688,584.5499877929688,584.5499877929688,32776
2023-11-15 09:47:00+05:30,584.5999755859375,584.8499755859375,584.5,584.5,584.5,23106
2023-11-15 09:48:00+05:30,584.5499877929688,584.5499877929688,584.2000122070312,584.2999877929688,584.2999877929688,18036
2023-11-15 09:49:00+05:30,584.4500122070312,584.7000122070312,584.2000122070312,584.5,584.5,29299
2023-11-15 09:50:00+05:30,584.5,584.7999877929688,584.5,584.5499877929688,584.5499877929688,16501
2023-11-15 09:51:00+05:30,584.5499877929688,585.0999755859375,584.5499877929688,584.7000122070312,584.7000122070312,25216
2023-11-15 09:52:00+05:30,584.5499877929688,584.7000122070312,584.2999877929688,584.5499877929688,584.5499877929688,25767
2023-11-15 09:53:00+05:30,584.5499877929688,584.9000244140625,584.5,584.5499877929688,584.5499877929688,23304
2023-11-15 09:54:00+05:30,584.5999755859375,584.9500122070312,584.5,584.9500122070312,584.9500122070312,23303
2023-11-15 09:55:00+05:30,584.8499755859375,584.8499755859375,584.5,584.5,584.5,31606
2023-11-15 09:56:00+05:30,584.6500244140625,584.7999877929688,584.4000244140625,584.7000122070312,584.7000122070312,18467
2023-11-15 09:57:00+05:30,584.7999877929688,584.8499755859375,584.4000244140625,584.7000122070312,584.7000122070312,23319
2023-11-15 09:58:00+05:30,584.6500244140625,584.7000122070312,584.4000244140625,584.4500122070312,584.4500122070312,14396
2023-11-15 09:59:00+05:30,584.7000122070312,584.75,584.4500122070312,584.75,584.75,10664
2023-11-15 10:00:00+05:30,584.5499877929688,584.7000122070312,584.5,584.5,584.5,10999
2023-11-15 10:01:00+05:30,584.7000122070312,584.7000122070312,584.4000244140625,584.5,584.5,16244
2023-11-15 10:02:00+05:30,584.4000244140625,584.5,584.2000122070312,584.2000122070312,584.2000122070312,17882
2023-11-15 10:03:00+05:30,584.2000122070312,584.4000244140625,584.1500244140625,584.2999877929688,584.2999877929688,19847
2023-11-15 10:04:00+05:30,584.1500244140625,584.3499755859375,584.0999755859375,584.2000122070312,584.2000122070312,17866
2023-11-15 10:05:00+05:30,584.0999755859375,584.25,584.0,584.0499877929688,584.0499877929688,28791
2023-11-15 10:06:00+05:30,584.1500244140625,584.4000244140625,584.0,584.25,584.25,18645
2023-11-15 10:07:00+05:30,584.25,584.5,584.0499877929688,584.25,584.25,15201
2023-11-15 10:08:00+05:30,584.25,584.5,583.9000244140625,584.2999877929688,584.2999877929688,65510
2023-11-15 10:09:00+05:30,584.4000244140625,584.5,584.0499877929688,584.0999755859375,584.0999755859375,25134
2023-11-15 10:10:00+05:30,584.2000122070312,584.25,583.75,583.9000244140625,583.9000244140625,29806
2023-11-15 10:11:00+05:30,583.9000244140625,584.0499877929688,583.4000244140625,583.75,583.75,68711
2023-11-15 10:12:00+05:30,583.9500122070312,584.2000122070312,583.6500244140625,584.0999755859375,584.0999755859375,92350
2023-11-15 10:13:00+05:30,584.1500244140625,584.2000122070312,583.8499755859375,584.0,584.0,27148
2023-11-15 10:14:00+05:30,583.9000244140625,584.0,583.5,583.5999755859375,583.5999755859375,41483
2023-11-15 10:15:00+05:30,583.5999755859375,584.0,583.4000244140625,583.6500244140625,583.6500244140625,36090
2023-11-15 10:16:00+05:30,583.9000244140625,583.9000244140625,583.4000244140625,583.5,583.5,16337
2023-11-15 10:17:00+05:30,583.5499877929688,583.5999755859375,583.4000244140625,583.5499877929688,583.5499877929688,11591
2023-11-15 10:18:00+05:30,583.5,583.75,583.5,583.6500244140625,583.6500244140625,16457
2023-11-15 10:19:00+05:30,583.75,583.9500122070312,583.5999755859375,583.6500244140625,583.6500244140625,19873
2023-11-15 10:20:00+05:30,583.7999877929688,583.9500122070312,583.4500122070312,583.6500244140625,583.6500244140625,22551
2023-11-15 10:21:00+05:30,583.7000122070312,583.8499755859375,583.4000244140625,583.5999755859375,583.5999755859375,14930
2023-11-15 10:22:00+05:30,583.5,583.5999755859375,583.1500244140625,583.4000244140625,583.4000244140625,27860
2023-11-15 10:23:00+05:30,583.25,583.5,583.25,583.3499755859375,583.3499755859375,12416
2023-11-15 10:24:00+05:30,583.2999877929688,583.5999755859375,583.2000122070312,583.5,583.5,17384
2023-11-15 10:25:00+05:30,583.5999755859375,583.5999755859375,583.4500122070312,583.4500122070312,583.4500122070312,8289
2023-11-15 10:26:00+05:30,583.5,583.7999877929688,583.4000244140625,583.7999877929688,583.7999877929688,11223
2023-11-15 10:27:00+05:30,583.75,583.7999877929688,583.5499877929688,583.5999755859375,583.5999755859375,13133
2023-11-15 10:28:00+05:30,583.5499877929688,583.6500244140625,583.4500122070312,583.5,583.5,10397
2023-11-15 10:29:00+05:30,583.5499877929688,583.5499877929688,583.2000122070312,583.2999877929688,583.2999877929688,17365
2023-11-15 10:30:00+05:30,583.25,583.4000244140625,583.2000122070312,583.2999877929688,583.2999877929688,18426
2023-11-15 10:31:00+05:30,583.2999877929688,583.7000122070312,583.25,583.7000122070312,583.7000122070312,16073
2023-11-15 10:32:00+05:30,583.7000122070312,583.7000122070312,583.4000244140625,583.4500122070312,583.4500122070312,13703
2023-11-15 10:33:00+05:30,583.4500122070312,583.9000244140625,583.3499755859375,583.9000244140625,583.9000244140625,14800
2023-11-15 10:34:00+05:30,583.9000244140625,583.9500122070312,583.5499877929688,583.9500122070312,583.9500122070312,26852
2023-11-15 10:35:00+05:30,583.9000244140625,584.0,583.5,583.5999755859375,583.5999755859375,22277
2023-11-15 10:36:00+05:30,583.5999755859375,583.9000244140625,583.5499877929688,583.6500244140625,583.6500244140625,19638
2023-11-15 10:37:00+05:30,583.5999755859375,584.0,583.5999755859375,583.8499755859375,583.8499755859375,22366
2023-11-15 10:38:00+05:30,583.8499755859375,583.9500122070312,583.5999755859375,583.5999755859375,583.5999755859375,9451
2023-11-15 10:39:00+05:30,583.75,583.8499755859375,583.5499877929688,583.8499755859375,583.8499755859375,23749
2023-11-15 10:40:00+05:30,583.5999755859375,583.9000244140625,583.5499877929688,583.5999755859375,583.5999755859375,20069
2023-11-15 10:41:00+05:30,583.5,583.8499755859375,583.5,583.5,583.5,23949
2023-11-15 10:42:00+05:30,583.5,583.8499755859375,583.5,583.5999755859375,583.5999755859375,12293
2023-11-15 10:43:00+05:30,583.5999755859375,583.9000244140625,583.5,583.5499877929688,583.5499877929688,22820
2023-11-15 10:44:00+05:30,583.5999755859375,583.8499755859375,583.5499877929688,583.7999877929688,583.7999877929688,26610
2023-11-15 10:45:00+05:30,583.7999877929688,583.7999877929688,583.5,583.5999755859375,583.5999755859375,13855
2023-11-15 10:46:00+05:30,583.6500244140625,583.7000122070312,583.5,583.7000122070312,583.7000122070312,9382
2023-11-15 10:47:00+05:30,583.7000122070312,583.7000122070312,583.5,583.5499877929688,583.5499877929688,6414
2023-11-15 10:48:00+05:30,583.5,583.5499877929688,583.4000244140625,583.4000244140625,583.4000244140625,6622
2023-11-15 10:49:00+05:30,583.4000244140625,583.5,583.4000244140625,583.5,583.5,10715
2023-11-15 10:50:00+05:30,583.4000244140625,583.5999755859375,583.4000244140625,583.5999755859375,583.5999755859375,11469
2023-11-15 10:51:00+05:30,583.5499877929688,583.75,583.5,583.5499877929688,583.5499877929688,22848
2023-11-15 10:52:00+05:30,583.75,583.75,582.75,582.75,582.75,81319
2023-11-15 10:53:00+05:30,582.75,583.1500244140625,582.6500244140625,583.0999755859375,583.0999755859375,32334
2023-11-15 10:54:00+05:30,583.0999755859375,583.0999755859375,582.75,583.0499877929688,583.0499877929688,18812
2023-11-15 10:55:00+05:30,583.0,583.0999755859375,582.75,583.0,583.0,21808
2023-11-15 10:56:00+05:30,583.0499877929688,583.2000122070312,582.9000244140625,583.0,583.0,17774
2023-11-15 10:57:00+05:30,583.0,583.0999755859375,582.7999877929688,582.8499755859375,582.8499755859375,15633
2023-11-15 10:58:00+05:30,582.8499755859375,583.0499877929688,582.8499755859375,583.0,583.0,14860
2023-11-15 10:59:00+05:30,583.0499877929688,583.2000122070312,583.0,583.0,583.0,17524
2023-11-15 11:00:00+05:30,583.0,583.4500122070312,583.0,583.4500122070312,583.4500122070312,26358
2023-11-15 11:01:00+05:30,583.5499877929688,584.5,583.4000244140625,584.5,584.5,35549
2023-11-15 11:02:00+05:30,584.2999877929688,585.0999755859375,584.25,584.7000122070312,584.7000122070312,70542
2023-11-15 11:03:00+05:30,584.75,584.8499755859375,584.5,584.5499877929688,584.5499877929688,16934
2023-11-15 11:04:00+05:30,584.5499877929688,584.5499877929688,584.1500244140625,584.25,584.25,20374
2023-11-15 11:05:00+05:30,584.25,584.5,583.8499755859375,584.4500122070312,584.4500122070312,53437
2023-11-15 11:06:00+05:30,584.2000122070312,584.5499877929688,584.2000122070312,584.5499877929688,584.5499877929688,11039
2023-11-15 11:07:00+05:30,584.5,584.5999755859375,584.5,584.5999755859375,584.5999755859375,12057
2023-11-15 11:08:00+05:30,584.5499877929688,584.7000122070312,584.4500122070312,584.5,584.5,14082
2023-11-15 11:09:00+05:30,584.5,584.5999755859375,584.4000244140625,584.5499877929688,584.5499877929688,14410
2023-11-15 11:10:00+05:30,584.5999755859375,584.7000122070312,584.5,584.5999755859375,584.5999755859375,11981
2023-11-15 11:11:00+05:30,584.5999755859375,584.7999877929688,584.5999755859375,584.75,584.75,32421
2023-11-15 11:12:00+05:30,584.75,585.0,584.75,584.9500122070312,584.9500122070312,60916
2023-11-15 11:13:00+05:30,584.9500122070312,584.9500122070312,584.7000122070312,584.9500122070312,584.9500122070312,23981
2023-11-15 11:14:00+05:30,585.0,585.0,584.2999877929688,584.3499755859375,584.3499755859375,53605
2023-11-15 11:15:00+05:30,584.3499755859375,584.5499877929688,584.0999755859375,584.25,584.25,17466
2023-11-15 11:16:00+05:30,584.25,584.5499877929688,584.25,584.5,584.5,11344
2023-11-15 11:17:00+05:30,584.4500122070312,584.5499877929688,584.3499755859375,584.5,584.5,14699
2023-11-15 11:18:00+05:30,584.5,584.5499877929688,584.5,584.5,584.5,11463
2023-11-15 11:19:00+05:30,584.5,584.5999755859375,584.4500122070312,584.5,584.5,22626
2023-11-15 11:20:00+05:30,584.4500122070312,585.0999755859375,584.4500122070312,585.0,585.0,71846
2023-11-15 11:21:00+05:30,585.0,585.0499877929688,584.7999877929688,584.7999877929688,584.7999877929688,30504
2023-11-15 11:22:00+05:30,584.7999877929688,585.0499877929688,584.7999877929688,584.9500122070312,584.9500122070312,25142
2023-11-15 11:23:00+05:30,584.9000244140625,585.0499877929688,584.7999877929688,585.0,585.0,18756
2023-11-15 11:24:00+05:30,585.0,585.0499877929688,584.7999877929688,584.7999877929688,584.7999877929688,10959
2023-11-15 11:25:00+05:30,584.7999877929688,584.9000244140625,584.7999877929688,584.7999877929688,584.7999877929688,20621
2023-11-15 11:26:00+05:30,584.8499755859375,585.25,584.7999877929688,585.0,585.0,68005
2023-11-15 11:27:00+05:30,585.0,585.2000122070312,584.8499755859375,584.8499755859375,584.8499755859375,28547
2023-11-15 11:28:00+05:30,584.9500122070312,584.9500122070312,584.5499877929688,584.5499877929688,584.5499877929688,25188
2023-11-15 11:29:00+05:30,584.5499877929688,584.9500122070312,584.5499877929688,584.9000244140625,584.9000244140625,22192
2023-11-15 11:30:00+05:30,584.8499755859375,584.9000244140625,584.6500244140625,584.7000122070312,584.7000122070312,17960
2023-11-15 11:31:00+05:30,584.7000122070312,584.8499755859375,584.6500244140625,584.7000122070312,584.7000122070312,11273
2023-11-15 11:32:00+05:30,584.7000122070312,585.0499877929688,584.4500122070312,585.0499877929688,585.0499877929688,80544
2023-11-15 11:33:00+05:30,585.0,585.0999755859375,585.0,585.0,585.0,22288
2023-11-15 11:34:00+05:30,585.0,585.0499877929688,585.0,585.0,585.0,14031
2023-11-15 11:35:00+05:30,585.0499877929688,585.0499877929688,585.0,585.0499877929688,585.0499877929688,7700
2023-11-15 11:36:00+05:30,585.0,585.0999755859375,585.0,585.0999755859375,585.0999755859375,16380
2023-11-15 11:37:00+05:30,585.0499877929688,585.2999877929688,585.0,585.2000122070312,585.2000122070312,26091
2023-11-15 11:38:00+05:30,585.2000122070312,585.2000122070312,584.7999877929688,585.0499877929688,585.0499877929688,28975
2023-11-15 11:39:00+05:30,585.0499877929688,585.2000122070312,585.0,585.2000122070312,585.2000122070312,25442
2023-11-15 11:40:00+05:30,585.4000244140625,585.4000244140625,585.0,585.0,585.0,72346
2023-11-15 11:41:00+05:30,585.0999755859375,585.2999877929688,585.0,585.0,585.0,35232
2023-11-15 11:42:00+05:30,585.0,585.1500244140625,584.25,584.25,584.25,62140
2023-11-15 11:43:00+05:30,584.4000244140625,585.2000122070312,584.25,585.0499877929688,585.0499877929688,65593
2023-11-15 11:44:00+05:30,585.0,585.0499877929688,585.0,585.0499877929688,585.0499877929688,14398
2023-11-15 11:45:00+05:30,585.0499877929688,585.0499877929688,585.0,585.0,585.0,16712
2023-11-15 11:46:00+05:30,585.0,585.25,584.9000244140625,585.0,585.0,24334
2023-11-15 11:47:00+05:30,585.0,585.0999755859375,585.0,585.0499877929688,585.0499877929688,22973
2023-11-15 11:48:00+05:30,585.0499877929688,585.1500244140625,584.9000244140625,585.1500244140625,585.1500244140625,17474
2023-11-15 11:49:00+05:30,585.0499877929688,585.2999877929688,585.0,585.2999877929688,585.2999877929688,23049
2023-11-15 11:50:00+05:30,585.2999877929688,585.4000244140625,585.0999755859375,585.0999755859375,585.0999755859375,15777
2023-11-15 11:51:00+05:30,585.2999877929688,585.2999877929688,585.0999755859375,585.1500244140625,585.1500244140625,15021
2023-11-15 11:52:00+05:30,585.2999877929688,585.2999877929688,585.0,585.0999755859375,585.0999755859375,19946
2023-11-15 11:53:00+05:30,585.1500244140625,585.25,584.8499755859375,584.8499755859375,584.8499755859375,10355
2023-11-15 11:54:00+05:30,585.0,585.1500244140625,584.7999877929688,584.7999877929688,584.7999877929688,11859
2023-11-15 11:55:00+05:30,584.7999877929688,584.9500122070312,584.75,584.7999877929688,584.7999877929688,15382
2023-11-15 11:56:00+05:30,584.9000244140625,584.9000244140625,584.75,584.9000244140625,584.9000244140625,16433
2023-11-15 11:57:00+05:30,584.9000244140625,585.0,584.7999877929688,584.9000244140625,584.9000244140625,18776
2023-11-15 11:58:00+05:30,585.0,585.0999755859375,585.0,585.0,585.0,15587
2023-11-15 11:59:00+05:30,585.0499877929688,585.0999755859375,584.9000244140625,585.0499877929688,585.0499877929688,15256
2023-11-15 12:00:00+05:30,585.0499877929688,585.1500244140625,585.0,585.0,585.0,30282
2023-11-15 12:01:00+05:30,585.1500244140625,585.1500244140625,585.0,585.1500244140625,585.1500244140625,19311
2023-11-15 12:02:00+05:30,585.0999755859375,585.2999877929688,585.0499877929688,585.2999877929688,585.2999877929688,25273
2023-11-15 12:03:00+05:30,585.2999877929688,585.2999877929688,585.1500244140625,585.2000122070312,585.2000122070312,13520
2023-11-15 12:04:00+05:30,585.25,585.2999877929688,585.0999755859375,585.1500244140625,585.1500244140625,6353
2023-11-15 12:05:00+05:30,585.1500244140625,585.2999877929688,585.0499877929688,585.2999877929688,585.2999877929688,10492
2023-11-15 12:06:00+05:30,585.25,585.25,585.0499877929688,585.1500244140625,585.1500244140625,11906
2023-11-15 12:07:00+05:30,585.1500244140625,585.2999877929688,585.0999755859375,585.2000122070312,585.2000122070312,12731
2023-11-15 12:08:00+05:30,585.1500244140625,585.25,585.0499877929688,585.0999755859375,585.0999755859375,11235
2023-11-15 12:09:00+05:30,585.0999755859375,585.2000122070312,585.0,585.0999755859375,585.0999755859375,10596
2023-11-15 12:10:00+05:30,585.0999755859375,585.1500244140625,585.0,585.0,585.0,7312
2023-11-15 12:11:00+05:30,585.0,585.0999755859375,585.0,585.0499877929688,585.0499877929688,11447
2023-11-15 12:12:00+05:30,585.0999755859375,585.0999755859375,585.0,585.0999755859375,585.0999755859375,11500
2023-11-15 12:13:00+05:30,585.0499877929688,585.2000122070312,585.0,585.2000122070312,585.2000122070312,11646
2023-11-15 12:14:00+05:30,585.2000122070312,585.2000122070312,585.0999755859375,585.0999755859375,585.0999755859375,16698
2023-11-15 12:15:00+05:30,585.0999755859375,585.2000122070312,585.0999755859375,585.1500244140625,585.1500244140625,13444
2023-11-15 12:16:00+05:30,585.2000122070312,585.2999877929688,585.1500244140625,585.1500244140625,585.1500244140625,11125
2023-11-15 12:17:00+05:30,585.25,585.25,585.2000122070312,585.2000122070312,585.2000122070312,13305
2023-11-15 12:18:00+05:30,585.25,585.2999877929688,585.2000122070312,585.2000122070312,585.2000122070312,11061
2023-11-15 12:19:00+05:30,585.2000122070312,585.2999877929688,585.1500244140625,585.25,585.25,8932
2023-11-15 12:20:00+05:30,585.2000122070312,585.25,585.0999755859375,585.2000122070312,585.2000122070312,7703
2023-11-15 12:21:00+05:30,585.2000122070312,585.4000244140625,585.1500244140625,585.4000244140625,585.4000244140625,37322
2023-11-15 12:22:00+05:30,585.4000244140625,585.5,585.2999877929688,585.5,585.5,23422
2023-11-15 12:23:00+05:30,585.4500122070312,585.5999755859375,585.4500122070312,585.5,585.5,32062
2023-11-15 12:24:00+05:30,585.5,585.5999755859375,585.2999877929688,585.2999877929688,585.2999877929688,18519
2023-11-15 12:25:00+05:30,585.2999877929688,585.5999755859375,585.2999877929688,585.5999755859375,585.5999755859375,12749
2023-11-15 12:26:00+05:30,585.5999755859375,585.8499755859375,585.5999755859375,585.7999877929688,585.7999877929688,41851
2023-11-15 12:27:00+05:30,585.7999877929688,585.8499755859375,585.5999755859375,585.5999755859375,585.5999755859375,10821
2023-11-15 12:28:00+05:30,585.5999755859375,585.6500244140625,585.25,585.5,585.5,15553
2023-11-15 12:29:00+05:30,585.4000244140625,585.5499877929688,585.2000122070312,585.2000122070312,585.2000122070312,8464
2023-11-15 12:30:00+05:30,585.25,585.25,585.0,585.0499877929688,585.0499877929688,16362
2023-11-15 12:31:00+05:30,585.0,585.0499877929688,585.0,585.0,585.0,13449
2023-11-15 12:32:00+05:30,585.0,585.0499877929688,584.5499877929688,584.5999755859375,584.5999755859375,55853
2023-11-15 12:33:00+05:30,584.5499877929688,584.7000122070312,584.5,584.5999755859375,584.5999755859375,21649
2023-11-15 12:34:00+05:30,584.5999755859375,584.7000122070312,584.5,584.7000122070312,584.7000122070312,9677
2023-11-15 12:35:00+05:30,584.6500244140625,585.0499877929688,584.5499877929688,585.0499877929688,585.0499877929688,96327
2023-11-15 12:36:00+05:30,585.0,585.0499877929688,585.0,585.0,585.0,26446
2023-11-15 12:37:00+05:30,585.0499877929688,585.0499877929688,585.0,585.0,585.0,21224
2023-11-15 12:38:00+05:30,585.0499877929688,585.0499877929688,585.0,585.0,585.0,11024
2023-11-15 12:39:00+05:30,585.0,585.0499877929688,585.0,585.0,585.0,10213
2023-11-15 12:40:00+05:30,585.0499877929688,585.0499877929688,585.0,585.0,585.0,23912
2023-11-15 12:41:00+05:30,585.0499877929688,585.0499877929688,584.8499755859375,584.8499755859375,584.8499755859375,35886
2023-11-15 12:42:00+05:30,584.9000244140625,584.9000244140625,584.8499755859375,584.9000244140625,584.9000244140625,8441
2023-11-15 12:43:00+05:30,584.8499755859375,584.8499755859375,584.5,584.5499877929688,584.5499877929688,26933
2023-11-15 12:44:00+05:30,584.75,584.75,584.5,584.5,584.5,4921
2023-11-15 12:45:00+05:30,584.5999755859375,584.5999755859375,584.3499755859375,584.4500122070312,584.4500122070312,15755
2023-11-15 12:46:00+05:30,584.4500122070312,584.7000122070312,584.4000244140625,584.5499877929688,584.5499877929688,23428
2023-11-15 12:47:00+05:30,584.5499877929688,585.0,584.5,584.8499755859375,584.8499755859375,8946
2023-11-15 12:48:00+05:30,584.8499755859375,584.9500122070312,584.75,584.7999877929688,584.7999877929688,11306
2023-11-15 12:49:00+05:30,584.7999877929688,585.0,584.7000122070312,584.7000122070312,584.7000122070312,13973
2023-11-15 12:50:00+05:30,584.7000122070312,584.8499755859375,584.6500244140625,584.7999877929688,584.7999877929688,11886
2023-11-15 12:51:00+05:30,584.7999877929688,584.9000244140625,584.5999755859375,584.9000244140625,584.9000244140625,20852
2023-11-15 12:52:00+05:30,584.8499755859375,584.9500122070312,584.6500244140625,584.7000122070312,584.7000122070312,10917
2023-11-15 12:53:00+05:30,584.6500244140625,585.0499877929688,584.5999755859375,584.8499755859375,584.8499755859375,26477
2023-11-15 12:54:00+05:30,584.8499755859375,585.0,584.7000122070312,584.75,584.75,14037
2023-11-15 12:55:00+05:30,584.75,585.0499877929688,584.7000122070312,585.0499877929688,585.0499877929688,10209
2023-11-15 12:56:00+05:30,584.8499755859375,585.0,584.7999877929688,584.9000244140625,584.9000244140625,11393
2023-11-15 12:57:00+05:30,584.9000244140625,585.1500244140625,584.9000244140625,585.0499877929688,585.0499877929688,8959
2023-11-15 12:58:00+05:30,585.0499877929688,585.1500244140625,585.0,585.0499877929688,585.0499877929688,5981
2023-11-15 12:59:00+05:30,585.0499877929688,585.0499877929688,585.0,585.0,585.0,13659
2023-11-15 13:00:00+05:30,585.0499877929688,585.5,585.0,585.4000244140625,585.4000244140625,166836
2023-11-15 13:01:00+05:30,585.5,585.9500122070312,585.3499755859375,585.9000244140625,585.9000244140625,124603
2023-11-15 13:02:00+05:30,585.9000244140625,586.0,585.6500244140625,585.8499755859375,585.8499755859375,28276
2023-11-15 13:03:00+05:30,585.75,585.8499755859375,585.4000244140625,585.4000244140625,585.4000244140625,38238
2023-11-15 13:04:00+05:30,585.4000244140625,585.4500122070312,585.2999877929688,585.4000244140625,585.4000244140625,5942
2023-11-15 13:05:00+05:30,585.2999877929688,585.3499755859375,585.1500244140625,585.2000122070312,585.2000122070312,6103
2023-11-15 13:06:00+05:30,585.2000122070312,585.2999877929688,585.0499877929688,585.0499877929688,585.0499877929688,8961
2023-11-15 13:07:00+05:30,585.1500244140625,585.3499755859375,585.0,585.3499755859375,585.3499755859375,24171
2023-11-15 13:08:00+05:30,585.25,585.3499755859375,585.1500244140625,585.2000122070312,585.2000122070312,5785
2023-11-15 13:09:00+05:30,585.1500244140625,585.4500122070312,585.1500244140625,585.2999877929688,585.2999877929688,8303
2023-11-15 13:10:00+05:30,585.2999877929688,585.5,585.25,585.5,585.5,17597
2023-11-15 13:11:00+05:30,585.5,585.5499877929688,585.3499755859375,585.4000244140625,585.4000244140625,11777
2023-11-15 13:12:00+05:30,585.5,585.75,585.4000244140625,585.75,585.75,19230
2023-11-15 13:13:00+05:30,585.75,585.7999877929688,585.6500244140625,585.75,585.75,15621
2023-11-15 13:14:00+05:30,585.7999877929688,585.7999877929688,585.5999755859375,585.5999755859375,585.5999755859375,15437
2023-11-15 13:15:00+05:30,585.6500244140625,585.7000122070312,585.5,585.5,585.5,15990
2023-11-15 13:16:00+05:30,585.5,585.6500244140625,585.5,585.5499877929688,585.5499877929688,5547
2023-11-15 13:17:00+05:30,585.5499877929688,585.5999755859375,585.4500122070312,585.5999755859375,585.5999755859375,23083
2023-11-15 13:18:00+05:30,585.5,585.6500244140625,585.5,585.5499877929688,585.5499877929688,6744
2023-11-15 13:19:00+05:30,585.5499877929688,585.5499877929688,585.4500122070312,585.5499877929688,585.5499877929688,9596
2023-11-15 13:20:00+05:30,585.5499877929688,585.5999755859375,585.5,585.5999755859375,585.5999755859375,9824
2023-11-15 13:21:00+05:30,585.5,585.5999755859375,585.4000244140625,585.4000244140625,585.4000244140625,10021
2023-11-15 13:22:00+05:30,585.5,585.5999755859375,585.4000244140625,585.5,585.5,13525
2023-11-15 13:23:00+05:30,585.5,585.5999755859375,585.4000244140625,585.5,585.5,8649
2023-11-15 13:24:00+05:30,585.4000244140625,585.5999755859375,585.4000244140625,585.4500122070312,585.4500122070312,9996
2023-11-15 13:25:00+05:30,585.4500122070312,585.5,585.2999877929688,585.4000244140625,585.4000244140625,9559
2023-11-15 13:26:00+05:30,585.2999877929688,585.5,585.2999877929688,585.5,585.5,20443
2023-11-15 13:27:00+05:30,585.5,585.5,585.4000244140625,585.4000244140625,585.4000244140625,10556
2023-11-15 13:28:00+05:30,585.5,585.5999755859375,585.4500122070312,585.5999755859375,585.5999755859375,15325
2023-11-15 13:29:00+05:30,585.5,585.5999755859375,585.2999877929688,585.3499755859375,585.3499755859375,17337
2023-11-15 13:30:00+05:30,585.4500122070312,585.5,585.2999877929688,585.3499755859375,585.3499755859375,14816
2023-11-15 13:31:00+05:30,585.4500122070312,585.5,585.25,585.5,585.5,16744
2023-11-15 13:32:00+05:30,585.5,585.6500244140625,585.4000244140625,585.6500244140625,585.6500244140625,17519
2023-11-15 13:33:00+05:30,585.4500122070312,585.75,585.3499755859375,585.5,585.5,29916
2023-11-15 13:34:00+05:30,585.3499755859375,585.5999755859375,585.3499755859375,585.5499877929688,585.5499877929688,14676
2023-11-15 13:35:00+05:30,585.5999755859375,585.5999755859375,585.2999877929688,585.2999877929688,585.2999877929688,12103
2023-11-15 13:36:00+05:30,585.2999877929688,585.5,585.1500244140625,585.4500122070312,585.4500122070312,37561
2023-11-15 13:37:00+05:30,585.4500122070312,585.5999755859375,585.1500244140625,585.2000122070312,585.2000122070312,35263
2023-11-15 13:38:00+05:30,585.25,585.5,585.0,585.1500244140625,585.1500244140625,30937
2023-11-15 13:39:00+05:30,585.1500244140625,585.6500244140625,585.0,585.3499755859375,585.3499755859375,123782
2023-11-15 13:40:00+05:30,585.2999877929688,585.4500122070312,585.1500244140625,585.2000122070312,585.2000122070312,46389
2023-11-15 13:41:00+05:30,585.4500122070312,585.5,585.0,585.0499877929688,585.0499877929688,97518
2023-11-15 13:42:00+05:30,585.0499877929688,585.1500244140625,584.9500122070312,584.9500122070312,584.9500122070312,9810
2023-11-15 13:43:00+05:30,584.9500122070312,585.0,584.9000244140625,585.0,585.0,4957
2023-11-15 13:44:00+05:30,584.9500122070312,585.0999755859375,584.8499755859375,584.9000244140625,584.9000244140625,15770
2023-11-15 13:45:00+05:30,584.8499755859375,585.0999755859375,584.8499755859375,584.9000244140625,584.9000244140625,8795
2023-11-15 13:46:00+05:30,585.0,585.0,584.7999877929688,584.7999877929688,584.7999877929688,11713
2023-11-15 13:47:00+05:30,584.9000244140625,584.9000244140625,584.75,584.8499755859375,584.8499755859375,6473
2023-11-15 13:48:00+05:30,584.75,584.8499755859375,584.5499877929688,584.5499877929688,584.5499877929688,29910
2023-11-15 13:49:00+05:30,584.5499877929688,584.7999877929688,584.5499877929688,584.7000122070312,584.7000122070312,15900
2023-11-15 13:50:00+05:30,584.7000122070312,584.7999877929688,584.5499877929688,584.7000122070312,584.7000122070312,6426
2023-11-15 13:51:00+05:30,584.7999877929688,585.0,584.75,585.0,585.0,15811
2023-11-15 13:52:00+05:30,585.0,585.0499877929688,584.7000122070312,584.7000122070312,584.7000122070312,25793
2023-11-15 13:53:00+05:30,584.75,585.3499755859375,584.7000122070312,585.3499755859375,585.3499755859375,44210
2023-11-15 13:54:00+05:30,585.1500244140625,585.4500122070312,585.0999755859375,585.4500122070312,585.4500122070312,13310
2023-11-15 13:55:00+05:30,585.4500122070312,585.5,585.1500244140625,585.4500122070312,585.4500122070312,24350
2023-11-15 13:56:00+05:30,585.4000244140625,585.5,585.25,585.3499755859375,585.3499755859375,19810
2023-11-15 13:57:00+05:30,585.5,585.5,585.0999755859375,585.4000244140625,585.4000244140625,34828
2023-11-15 13:58:00+05:30,585.4000244140625,585.6500244140625,585.1500244140625,585.5,585.5,26798
2023-11-15 13:59:00+05:30,585.2999877929688,585.5999755859375,585.2000122070312,585.4000244140625,585.4000244140625,26003
2023-11-15 14:00:00+05:30,585.4000244140625,585.6500244140625,585.2999877929688,585.4500122070312,585.4500122070312,29694
2023-11-15 14:01:00+05:30,585.2000122070312,585.5,585.2000122070312,585.2999877929688,585.2999877929688,23502
2023-11-15 14:02:00+05:30,585.5,585.7000122070312,585.4500122070312,585.5499877929688,585.5499877929688,12769
2023-11-15 14:03:00+05:30,585.7000122070312,585.7000122070312,585.2999877929688,585.5,585.5,36901
2023-11-15 14:04:00+05:30,585.5,585.5999755859375,585.2999877929688,585.5999755859375,585.5999755859375,24413
2023-11-15 14:05:00+05:30,585.5999755859375,585.5999755859375,585.2999877929688,585.5499877929688,585.5499877929688,18516
2023-11-15 14:06:00+05:30,585.4500122070312,585.5999755859375,585.2999877929688,585.5999755859375,585.5999755859375,31347
2023-11-15 14:07:00+05:30,585.5999755859375,585.7000122070312,585.4000244140625,585.7000122070312,585.7000122070312,26400
2023-11-15 14:08:00+05:30,585.7000122070312,585.7000122070312,585.2999877929688,585.3499755859375,585.3499755859375,10996
2023-11-15 14:09:00+05:30,585.3499755859375,585.7000122070312,585.25,585.4000244140625,585.4000244140625,26684
2023-11-15 14:10:00+05:30,585.5499877929688,585.7000122070312,585.2999877929688,585.5999755859375,585.5999755859375,20310
2023-11-15 14:11:00+05:30,585.7000122070312,585.75,585.4000244140625,585.6500244140625,585.6500244140625,20708
2023-11-15 14:12:00+05:30,585.5499877929688,585.6500244140625,585.1500244140625,585.6500244140625,585.6500244140625,38590
2023-11-15 14:13:00+05:30,585.6500244140625,585.75,585.0999755859375,585.1500244140625,585.1500244140625,45877
2023-11-15 14:14:00+05:30,585.25,585.5,585.0999755859375,585.5,585.5,29451
2023-11-15 14:15:00+05:30,585.5,585.5,585.2000122070312,585.2000122070312,585.2000122070312,33176
2023-11-15 14:16:00+05:30,585.1500244140625,585.5,585.0499877929688,585.3499755859375,585.3499755859375,57059
2023-11-15 14:17:00+05:30,585.1500244140625,585.75,585.1500244140625,585.75,585.75,66981
2023-11-15 14:18:00+05:30,585.5499877929688,585.75,585.1500244140625,585.2999877929688,585.2999877929688,37968
2023-11-15 14:19:00+05:30,585.5,585.5999755859375,585.2000122070312,585.4000244140625,585.4000244140625,40320
2023-11-15 14:20:00+05:30,585.4000244140625,585.5499877929688,585.0999755859375,585.3499755859375,585.3499755859375,51163
2023-11-15 14:21:00+05:30,585.25,585.4500122070312,585.0499877929688,585.0999755859375,585.0999755859375,23233
2023-11-15 14:22:00+05:30,585.0999755859375,585.4500122070312,585.0499877929688,585.0499877929688,585.0499877929688,28212
2023-11-15 14:23:00+05:30,585.0,585.5,585.0,585.5,585.5,43053
2023-11-15 14:24:00+05:30,585.25,585.5499877929688,585.0999755859375,585.25,585.25,47048
2023-11-15 14:25:00+05:30,585.2000122070312,585.4000244140625,585.0499877929688,585.2999877929688,585.2999877929688,32579
2023-11-15 14:26:00+05:30,585.4000244140625,585.5,585.1500244140625,585.5,585.5,32350
2023-11-15 14:27:00+05:30,585.5,585.5,585.1500244140625,585.25,585.25,25826
2023-11-15 14:28:00+05:30,585.25,585.4500122070312,585.0999755859375,585.4500122070312,585.4500122070312,36286
2023-11-15 14:29:00+05:30,585.4000244140625,585.4500122070312,585.1500244140625,585.2999877929688,585.2999877929688,73739
2023-11-15 14:30:00+05:30,585.0999755859375,585.5499877929688,585.0499877929688,585.2000122070312,585.2000122070312,42274
2023-11-15 14:31:00+05:30,585.2000122070312,585.4000244140625,585.0999755859375,585.25,585.25,28462
2023-11-15 14:32:00+05:30,585.3499755859375,585.4000244140625,585.0499877929688,585.2000122070312,585.2000122070312,17295
2023-11-15 14:33:00+05:30,585.0999755859375,585.4000244140625,585.0,585.3499755859375,585.3499755859375,75134
2023-11-15 14:34:00+05:30,585.25,585.7000122070312,585.25,585.5499877929688,585.5499877929688,43120
2023-11-15 14:35:00+05:30,585.5999755859375,585.5999755859375,585.2999877929688,585.4500122070312,585.4500122070312,25865
2023-11-15 14:36:00+05:30,585.5,585.7000122070312,585.3499755859375,585.6500244140625,585.6500244140625,34814
2023-11-15 14:37:00+05:30,585.5499877929688,585.7000122070312,585.1500244140625,585.1500244140625,585.1500244140625,34208
2023-11-15 14:38:00+05:30,585.4500122070312,585.6500244140625,585.2000122070312,585.6500244140625,585.6500244140625,31197
2023-11-15 14:39:00+05:30,585.5999755859375,585.7000122070312,585.2000122070312,585.2000122070312,585.2000122070312,25339
2023-11-15 14:40:00+05:30,585.3499755859375,585.3499755859375,584.8499755859375,584.8499755859375,584.8499755859375,52323
2023-11-15 14:41:00+05:30,585.0499877929688,585.1500244140625,584.8499755859375,585.0499877929688,585.0499877929688,11670
2023-11-15 14:42:00+05:30,585.0499877929688,585.0499877929688,584.8499755859375,585.0499877929688,585.0499877929688,21015
2023-11-15 14:43:00+05:30,585.0499877929688,585.2999877929688,585.0,585.2999877929688,585.2999877929688,18026
2023-11-15 14:44:00+05:30,585.2999877929688,585.4000244140625,585.1500244140625,585.3499755859375,585.3499755859375,28702
2023-11-15 14:45:00+05:30,585.3499755859375,585.4000244140625,585.0,585.4000244140625,585.4000244140625,31207
2023-11-15 14:46:00+05:30,585.4000244140625,585.4500122070312,585.0,585.1500244140625,585.1500244140625,36254
2023-11-15 14:47:00+05:30,585.2000122070312,585.2000122070312,584.75,585.0999755859375,585.0999755859375,23473
2023-11-15 14:48:00+05:30,585.0999755859375,585.25,584.7999877929688,585.0999755859375,585.0999755859375,29568
2023-11-15 14:49:00+05:30,585.0999755859375,585.25,585.0,585.1500244140625,585.1500244140625,17544
2023-11-15 14:50:00+05:30,585.1500244140625,585.2000122070312,584.7999877929688,585.0499877929688,585.0499877929688,33977
2023-11-15 14:51:00+05:30,584.7999877929688,585.0,584.5999755859375,584.8499755859375,584.8499755859375,65837
2023-11-15 14:52:00+05:30,584.9000244140625,585.1500244140625,584.4000244140625,584.9500122070312,584.9500122070312,77489
2023-11-15 14:53:00+05:30,585.0499877929688,585.0999755859375,584.6500244140625,585.0,585.0,35152
2023-11-15 14:54:00+05:30,585.0,585.0,584.75,584.9000244140625,584.9000244140625,11244
2023-11-15 14:55:00+05:30,584.9000244140625,584.9000244140625,584.5,584.5499877929688,584.5499877929688,17971
2023-11-15 14:56:00+05:30,584.6500244140625,584.6500244140625,584.2999877929688,584.5499877929688,584.5499877929688,27736
2023-11-15 14:57:00+05:30,584.5499877929688,584.5499877929688,584.2999877929688,584.5,584.5,19183
2023-11-15 14:58:00+05:30,584.5499877929688,584.7000122070312,584.5,584.5,584.5,23528
2023-11-15 14:59:00+05:30,584.5499877929688,584.5499877929688,584.2999877929688,584.3499755859375,584.3499755859375,23692
2023-11-15 15:00:00+05:30,584.4000244140625,584.6500244140625,584.2999877929688,584.4000244140625,584.4000244140625,57522
2023-11-15 15:01:00+05:30,584.4500122070312,584.4500122070312,584.0999755859375,584.3499755859375,584.3499755859375,43347
2023-11-15 15:02:00+05:30,584.4000244140625,584.6500244140625,584.3499755859375,584.4500122070312,584.4500122070312,46872
2023-11-15 15:03:00+05:30,584.5999755859375,584.7999877929688,584.5,584.6500244140625,584.6500244140625,36355
2023-11-15 15:04:00+05:30,584.7000122070312,584.8499755859375,584.6500244140625,584.7999877929688,584.7999877929688,41123
2023-11-15 15:05:00+05:30,584.7999877929688,584.9000244140625,584.75,584.7999877929688,584.7999877929688,34041
2023-11-15 15:06:00+05:30,584.7999877929688,584.9000244140625,584.4000244140625,584.4000244140625,584.4000244140625,92539
2023-11-15 15:07:00+05:30,584.4500122070312,584.5999755859375,584.0,584.5,584.5,63721
2023-11-15 15:08:00+05:30,584.5499877929688,584.7999877929688,584.5,584.75,584.75,26444
2023-11-15 15:09:00+05:30,584.75,585.0,584.75,584.7999877929688,584.7999877929688,112748
2023-11-15 15:10:00+05:30,585.0499877929688,585.0999755859375,584.5499877929688,584.6500244140625,584.6500244140625,57970
2023-11-15 15:11:00+05:30,584.5999755859375,585.0,584.5999755859375,584.9500122070312,584.9500122070312,54244
2023-11-15 15:12:00+05:30,584.9500122070312,585.0,584.7999877929688,584.9000244140625,584.9000244140625,43035
2023-11-15 15:13:00+05:30,584.9000244140625,585.0,584.6500244140625,584.6500244140625,584.6500244140625,57402
2023-11-15 15:14:00+05:30,584.6500244140625,585.0,584.6500244140625,584.9000244140625,584.9000244140625,37659
2023-11-15 15:15:00+05:30,584.9500122070312,585.0,584.8499755859375,584.8499755859375,584.8499755859375,83130
2023-11-15 15:16:00+05:30,584.8499755859375,584.9500122070312,584.4000244140625,584.4500122070312,584.4500122070312,76260
2023-11-15 15:17:00+05:30,584.4500122070312,584.7000122070312,584.4500122070312,584.6500244140625,584.6500244140625,33240
2023-11-15 15:18:00+05:30,584.6500244140625,584.7000122070312,584.3499755859375,584.5999755859375,584.5999755859375,61588
2023-11-15 15:19:00+05:30,584.5999755859375,584.7000122070312,584.5499877929688,584.7000122070312,584.7000122070312,31947
2023-11-15 15:20:00+05:30,584.7000122070312,584.75,584.25,584.25,584.25,100253
2023-11-15 15:21:00+05:30,584.5,584.5999755859375,584.3499755859375,584.5499877929688,584.5499877929688,37126
2023-11-15 15:22:00+05:30,584.5499877929688,584.7999877929688,584.5499877929688,584.75,584.75,49718
2023-11-15 15:23:00+05:30,584.6500244140625,584.75,584.4000244140625,584.75,584.75,49664
2023-11-15 15:24:00+05:30,584.75,585.1500244140625,584.7000122070312,585.0999755859375,585.0999755859375,69133
2023-11-15 15:25:00+05:30,585.2000122070312,585.4500122070312,585.0999755859375,585.4500122070312,585.4500122070312,40871
2023-11-15 15:26:00+05:30,585.4000244140625,585.5,585.3499755859375,585.4000244140625,585.4000244140625,60213
2023-11-15 15:27:00+05:30,585.4000244140625,585.4000244140625,584.7999877929688,584.8499755859375,584.8499755859375,29610
2023-11-15 15:28:00+05:30,584.7999877929688,584.9000244140625,584.4500122070312,584.75,584.75,31896
2023-11-15 15:29:00+05:30,584.4000244140625,584.8499755859375,583.9500122070312,583.9500122070312,583.9500122070312,67194
2023-11-16 09:15:00+05:30,584.9000244140625,584.9000244140625,583.9500122070312,584.4000244140625,584.4000244140625,0
2023-11-16 09:16:00+05:30,584.2999877929688,584.4000244140625,583.5499877929688,583.7999877929688,583.7999877929688,32937
2023-11-16 09:17:00+05:30,583.75,584.0,583.75,583.9000244140625,583.9000244140625,19752
2023-11-16 09:18:00+05:30,583.8499755859375,583.9500122070312,583.5,583.7000122070312,583.7000122070312,24617
2023-11-16 09:19:00+05:30,583.7999877929688,583.7999877929688,583.0,583.25,583.25,35556
2023-11-16 09:20:00+05:30,583.3499755859375,584.0,583.25,583.4000244140625,583.4000244140625,57230
2023-11-16 09:21:00+05:30,583.5,584.0,583.25,583.9500122070312,583.9500122070312,32876
2023-11-16 09:22:00+05:30,583.75,584.4000244140625,583.75,584.25,584.25,41971
2023-11-16 09:23:00+05:30,584.2999877929688,584.4000244140625,584.1500244140625,584.2000122070312,584.2000122070312,5000
2023-11-16 09:24:00+05:30,584.0999755859375,584.3499755859375,583.6500244140625,583.8499755859375,583.8499755859375,64773
2023-11-16 09:25:00+05:30,583.8499755859375,583.8499755859375,583.5999755859375,583.7000122070312,583.7000122070312,7820
2023-11-16 09:27:00+05:30,584.4000244140625,584.5,584.3499755859375,584.4000244140625,584.4000244140625,80200
2023-11-16 09:28:00+05:30,584.7999877929688,585.0,584.7999877929688,585.0,585.0,79487
2023-11-16 09:29:00+05:30,584.7999877929688,585.0,584.6500244140625,584.9000244140625,584.9000244140625,23692
2023-11-16 09:30:00+05:30,584.75,584.9000244140625,584.5,584.75,584.75,17940
2023-11-16 09:31:00+05:30,584.75,584.75,584.5,584.5,584.5,12497
2023-11-16 09:32:00+05:30,584.5,584.9500122070312,584.2999877929688,584.75,584.75,35026
2023-11-16 09:33:00+05:30,584.9500122070312,585.0,584.7000122070312,584.9500122070312,584.9500122070312,10433
2023-11-16 09:34:00+05:30,584.9000244140625,584.9500122070312,584.6500244140625,584.7000122070312,584.7000122070312,11149
2023-11-16 09:35:00+05:30,584.7000122070312,584.9000244140625,584.6500244140625,584.7000122070312,584.7000122070312,9038
2023-11-16 09:36:00+05:30,584.7000122070312,584.8499755859375,584.5499877929688,584.7999877929688,584.7999877929688,15184
2023-11-16 09:37:00+05:30,584.5499877929688,585.7000122070312,584.5499877929688,585.7000122070312,585.7000122070312,57636
2023-11-16 09:38:00+05:30,585.5,586.75,585.4000244140625,586.1500244140625,586.1500244140625,120118
2023-11-16 09:39:00+05:30,585.9500122070312,586.2999877929688,585.7000122070312,586.25,586.25,54164
2023-11-16 09:40:00+05:30,586.4500122070312,586.5,586.0499877929688,586.3499755859375,586.3499755859375,41776
2023-11-16 09:41:00+05:30,586.3499755859375,586.5,586.0499877929688,586.4500122070312,586.4500122070312,34312
2023-11-16 09:42:00+05:30,586.25,586.4500122070312,586.0499877929688,586.2999877929688,586.2999877929688,23897
2023-11-16 09:43:00+05:30,586.1500244140625,586.3499755859375,585.9500122070312,586.2000122070312,586.2000122070312,25535
2023-11-16 09:44:00+05:30,586.2000122070312,586.4000244140625,585.7000122070312,586.4000244140625,586.4000244140625,21293
2023-11-16 09:45:00+05:30,586.4000244140625,586.5,586.0,586.4500122070312,586.4500122070312,25331
2023-11-16 09:46:00+05:30,586.5,586.5,586.0,586.25,586.25,19541
2023-11-16 09:47:00+05:30,586.0999755859375,586.25,585.7999877929688,586.0999755859375,586.0999755859375,21206
2023-11-16 09:48:00+05:30,586.0999755859375,586.25,585.7999877929688,586.0499877929688,586.0499877929688,16055
2023-11-16 09:49:00+05:30,586.0499877929688,586.25,585.8499755859375,586.0,586.0,13126
2023-11-16 09:50:00+05:30,585.9000244140625,586.0,585.4000244140625,585.4000244140625,585.4000244140625,20805
2023-11-16 09:51:00+05:30,585.4500122070312,585.7999877929688,585.4000244140625,585.7999877929688,585.7999877929688,12107
2023-11-16 09:52:00+05:30,585.6500244140625,585.8499755859375,585.4000244140625,585.5,585.5,20917
2023-11-16 09:53:00+05:30,585.75,585.7999877929688,585.3499755859375,585.4000244140625,585.4000244140625,18453
2023-11-16 09:54:00+05:30,585.3499755859375,585.5,585.0499877929688,585.0499877929688,585.0499877929688,28593
2023-11-16 09:55:00+05:30,585.0499877929688,585.4000244140625,584.8499755859375,585.4000244140625,585.4000244140625,29455
2023-11-16 09:56:00+05:30,585.4000244140625,585.5,585.0,585.0999755859375,585.0999755859375,27899
2023-11-16 09:57:00+05:30,585.0499877929688,585.0999755859375,584.7000122070312,584.75,584.75,29344
2023-11-16 09:58:00+05:30,584.75,585.0499877929688,584.7000122070312,584.9000244140625,584.9000244140625,20198
2023-11-16 09:59:00+05:30,584.9000244140625,585.0499877929688,584.4000244140625,584.5499877929688,584.5499877929688,40982
2023-11-16 10:00:00+05:30,584.5499877929688,584.7999877929688,583.5,583.5,583.5,72876
2023-11-16 10:01:00+05:30,583.5499877929688,583.9000244140625,583.5,583.7000122070312,583.7000122070312,25611
2023-11-16 10:02:00+05:30,583.9000244140625,583.9500122070312,583.5999755859375,583.7999877929688,583.7999877929688,13729
2023-11-16 10:03:00+05:30,583.9500122070312,584.1500244140625,583.6500244140625,583.7999877929688,583.7999877929688,17815
2023-11-16 10:04:00+05:30,583.7000122070312,584.0,583.5999755859375,583.75,583.75,10354
2023-11-16 10:05:00+05:30,584.0999755859375,584.5,583.9000244140625,584.2000122070312,584.2000122070312,25013
2023-11-16 10:06:00+05:30,584.2000122070312,584.3499755859375,584.0499877929688,584.0999755859375,584.0999755859375,13654
2023-11-16 10:07:00+05:30,584.3499755859375,584.3499755859375,584.0,584.0499877929688,584.0499877929688,11886
2023-11-16 10:08:00+05:30,584.2999877929688,584.3499755859375,584.0499877929688,584.25,584.25,12776
2023-11-16 10:09:00+05:30,584.3499755859375,584.4000244140625,584.0999755859375,584.2999877929688,584.2999877929688,7380
2023-11-16 10:10:00+05:30,584.3499755859375,584.5499877929688,584.2000122070312,584.5,584.5,12089
2023-11-16 10:11:00+05:30,584.3499755859375,584.6500244140625,584.2999877929688,584.4500122070312,584.4500122070312,8331
2023-11-16 10:12:00+05:30,584.4500122070312,584.6500244140625,584.2999877929688,584.5,584.5,11007
2023-11-16 10:13:00+05:30,584.5,584.7000122070312,584.4000244140625,584.5,584.5,12494
2023-11-16 10:14:00+05:30,584.4500122070312,584.5999755859375,584.2999877929688,584.5,584.5,8216
2023-11-16 10:15:00+05:30,584.5,584.5999755859375,584.2999877929688,584.5999755859375,584.5999755859375,8684
2023-11-16 10:16:00+05:30,584.6500244140625,584.7999877929688,584.4000244140625,584.5,584.5,13087
2023-11-16 10:17:00+05:30,584.5,584.75,584.4000244140625,584.5499877929688,584.5499877929688,5691
2023-11-16 10:18:00+05:30,584.6500244140625,584.75,584.5,584.5,584.5,7155
2023-11-16 10:19:00+05:30,584.7000122070312,584.8499755859375,584.5,584.5999755859375,584.5999755859375,4963
2023-11-16 10:20:00+05:30,584.5999755859375,584.8499755859375,584.5499877929688,584.7999877929688,584.7999877929688,7042
2023-11-16 10:21:00+05:30,584.6500244140625,584.9000244140625,584.6500244140625,584.9000244140625,584.9000244140625,8540
2023-11-16 10:22:00+05:30,584.9000244140625,584.9500122070312,584.7000122070312,584.7999877929688,584.7999877929688,5321
2023-11-16 10:23:00+05:30,584.9000244140625,585.0,584.75,584.9500122070312,584.9500122070312,9349
2023-11-16 10:24:00+05:30,584.9500122070312,585.0999755859375,584.8499755859375,585.0999755859375,585.0999755859375,29741
2023-11-16 10:25:00+05:30,584.9500122070312,585.1500244140625,584.9500122070312,585.0,585.0,10884
2023-11-16 10:26:00+05:30,585.0,585.1500244140625,584.5,584.5999755859375,584.5999755859375,18413
2023-11-16 10:27:00+05:30,584.6500244140625,584.8499755859375,584.5,584.7999877929688,584.7999877929688,6752
2023-11-16 10:28:00+05:30,584.7999877929688,584.8499755859375,584.5,584.7000122070312,584.7000122070312,9936
2023-11-16 10:29:00+05:30,584.7000122070312,584.75,584.5,584.75,584.75,3604
2023-11-16 10:30:00+05:30,584.5499877929688,584.75,584.5,584.5499877929688,584.5499877929688,10434
2023-11-16 10:31:00+05:30,584.5499877929688,584.75,584.5,584.5499877929688,584.5499877929688,4912
2023-11-16 10:32:00+05:30,584.5499877929688,584.75,584.5499877929688,584.75,584.75,4396
2023-11-16 10:33:00+05:30,584.75,585.0,584.5999755859375,585.0,585.0,10124
2023-11-16 10:34:00+05:30,584.9500122070312,585.0,584.75,584.75,584.75,8052
2023-11-16 10:35:00+05:30,584.75,585.0,584.75,584.9500122070312,584.9500122070312,9540
2023-11-16 10:36:00+05:30,584.75,585.0,584.75,585.0,585.0,4527
2023-11-16 10:37:00+05:30,584.7999877929688,585.0,584.75,585.0,585.0,7673
2023-11-16 10:38:00+05:30,584.7999877929688,585.0,584.75,584.8499755859375,584.8499755859375,10343
2023-11-16 10:39:00+05:30,584.9000244140625,584.9500122070312,584.75,584.7999877929688,584.7999877929688,8851
2023-11-16 10:40:00+05:30,584.7999877929688,585.0,584.75,584.7999877929688,584.7999877929688,7646
2023-11-16 10:41:00+05:30,585.0,585.0,584.7999877929688,584.8499755859375,584.8499755859375,8260
2023-11-16 10:42:00+05:30,584.9000244140625,585.0,584.8499755859375,585.0,585.0,33124
2023-11-16 10:43:00+05:30,585.0,585.1500244140625,584.9000244140625,585.0,585.0,6864
2023-11-16 10:44:00+05:30,585.0,585.1500244140625,584.75,585.0,585.0,28593
2023-11-16 10:45:00+05:30,585.0,585.0,584.75,584.9500122070312,584.9500122070312,2365
2023-11-16 10:46:00+05:30,584.9500122070312,585.0,584.7000122070312,585.0,585.0,11437
2023-11-16 10:47:00+05:30,584.7999877929688,585.0,584.7000122070312,584.9500122070312,584.9500122070312,5118
2023-11-16 10:48:00+05:30,584.9500122070312,585.1500244140625,584.75,585.1500244140625,585.1500244140625,11559
2023-11-16 10:49:00+05:30,585.0999755859375,585.1500244140625,584.8499755859375,584.8499755859375,584.8499755859375,6298
2023-11-16 10:50:00+05:30,584.8499755859375,585.0999755859375,584.8499755859375,585.0,585.0,8695
2023-11-16 10:51:00+05:30,585.0999755859375,585.2999877929688,585.0,585.0,585.0,10462
2023-11-16 10:52:00+05:30,585.0999755859375,585.0999755859375,585.0,585.0,585.0,5151
2023-11-16 10:53:00+05:30,585.0,585.2999877929688,585.0,585.2000122070312,585.2000122070312,31321
2023-11-16 10:54:00+05:30,585.2000122070312,585.2999877929688,585.0,585.2999877929688,585.2999877929688,6695
2023-11-16 10:55:00+05:30,585.0999755859375,585.3499755859375,585.0,585.0999755859375,585.0999755859375,7219
2023-11-16 10:56:00+05:30,585.0,585.25,585.0,585.0499877929688,585.0499877929688,4208
2023-11-16 10:57:00+05:30,585.0499877929688,585.2000122070312,584.9500122070312,585.0,585.0,18655
2023-11-16 10:58:00+05:30,585.0,585.1500244140625,585.0,585.0499877929688,585.0499877929688,7561
2023-11-16 10:59:00+05:30,585.0499877929688,585.0499877929688,584.7999877929688,585.0,585.0,9486
2023-11-16 11:00:00+05:30,585.0499877929688,585.0999755859375,584.8499755859375,585.0999755859375,585.0999755859375,3543
2023-11-16 11:01:00+05:30,585.0,585.0999755859375,585.0,585.0999755859375,585.0999755859375,1378
2023-11-16 11:02:00+05:30,585.0499877929688,585.9000244140625,585.0499877929688,585.75,585.75,60347
2023-11-16 11:03:00+05:30,585.9000244140625,586.2999877929688,585.7999877929688,586.0,586.0,66501
2023-11-16 11:04:00+05:30,585.9000244140625,586.2000122070312,585.7000122070312,586.2000122070312,586.2000122070312,24321
2023-11-16 11:05:00+05:30,586.0,586.25,585.9000244140625,586.2000122070312,586.2000122070312,19916
2023-11-16 11:06:00+05:30,586.2000122070312,586.5,586.0499877929688,586.4000244140625,586.4000244140625,38821
2023-11-16 11:07:00+05:30,586.2000122070312,586.4500122070312,585.8499755859375,586.0,586.0,13093
2023-11-16 11:08:00+05:30,586.0,586.2999877929688,585.8499755859375,586.0999755859375,586.0999755859375,9122
2023-11-16 11:09:00+05:30,586.0,586.2999877929688,586.0,586.2999877929688,586.2999877929688,15153
2023-11-16 11:10:00+05:30,586.4000244140625,586.4000244140625,586.0499877929688,586.3499755859375,586.3499755859375,9765
2023-11-16 11:11:00+05:30,586.1500244140625,586.2999877929688,586.0499877929688,586.2000122070312,586.2000122070312,3107
2023-11-16 11:12:00+05:30,586.2000122070312,586.2999877929688,586.0999755859375,586.25,586.25,6591
2023-11-16 11:13:00+05:30,586.2000122070312,586.7999877929688,586.2000122070312,586.7999877929688,586.7999877929688,83607
2023-11-16 11:14:00+05:30,586.7999877929688,586.7999877929688,586.3499755859375,586.75,586.75,19793
2023-11-16 11:15:00+05:30,586.7999877929688,586.9000244140625,586.5499877929688,586.7999877929688,586.7999877929688,25730
2023-11-16 11:16:00+05:30,586.7999877929688,586.7999877929688,586.4000244140625,586.7999877929688,586.7999877929688,12747
2023-11-16 11:17:00+05:30,586.5999755859375,586.9000244140625,586.4500122070312,586.4500122070312,586.4500122070312,31616
2023-11-16 11:18:00+05:30,586.4000244140625,586.7999877929688,586.4000244140625,586.6500244140625,586.6500244140625,13090
2023-11-16 11:19:00+05:30,586.6500244140625,586.8499755859375,586.5,586.8499755859375,586.8499755859375,11818
2023-11-16 11:20:00+05:30,586.6500244140625,586.8499755859375,586.2999877929688,586.2999877929688,586.2999877929688,10534
2023-11-16 11:21:00+05:30,586.5,586.5999755859375,586.2999877929688,586.4000244140625,586.4000244140625,12095
2023-11-16 11:22:00+05:30,586.5,586.6500244140625,586.2999877929688,586.4000244140625,586.4000244140625,6907
2023-11-16 11:23:00+05:30,586.5499877929688,586.5999755859375,586.2999877929688,586.5,586.5,6763
2023-11-16 11:24:00+05:30,586.5,586.5999755859375,586.2999877929688,586.2999877929688,586.2999877929688,7466
2023-11-16 11:25:00+05:30,586.5499877929688,586.5499877929688,586.0,586.0999755859375,586.0999755859375,10173
2023-11-16 11:26:00+05:30,586.0,586.2999877929688,586.0,586.0999755859375,586.0999755859375,8736
2023-11-16 11:27:00+05:30,586.2000122070312,586.2000122070312,586.0,586.0999755859375,586.0999755859375,8082
2023-11-16 11:28:00+05:30,586.0499877929688,586.3499755859375,586.0,586.25,586.25,9728
2023-11-16 11:29:00+05:30,586.25,586.2999877929688,586.0499877929688,586.1500244140625,586.1500244140625,2947
2023-11-16 11:30:00+05:30,586.25,586.5999755859375,586.0499877929688,586.4000244140625,586.4000244140625,18629
2023-11-16 11:31:00+05:30,586.4000244140625,586.5999755859375,586.1500244140625,586.4000244140625,586.4000244140625,3994
2023-11-16 11:32:00+05:30,586.2000122070312,586.4000244140625,586.0999755859375,586.3499755859375,586.3499755859375,2232
2023-11-16 11:33:00+05:30,586.2000122070312,586.4500122070312,586.1500244140625,586.2999877929688,586.2999877929688,9852
2023-11-16 11:34:00+05:30,586.1500244140625,586.4000244140625,586.1500244140625,586.2000122070312,586.2000122070312,7160
2023-11-16 11:35:00+05:30,586.2000122070312,586.2999877929688,586.0999755859375,586.0999755859375,586.0999755859375,3738
2023-11-16 11:36:00+05:30,586.0999755859375,586.25,586.0499877929688,586.0499877929688,586.0499877929688,6237
2023-11-16 11:37:00+05:30,586.2000122070312,586.25,585.6500244140625,586.2000122070312,586.2000122070312,20600
2023-11-16 11:38:00+05:30,585.9000244140625,586.2000122070312,585.8499755859375,585.8499755859375,585.8499755859375,10389
2023-11-16 11:39:00+05:30,586.0,586.4000244140625,585.7999877929688,586.2000122070312,586.2000122070312,16351
2023-11-16 11:40:00+05:30,586.4000244140625,586.4000244140625,585.9500122070312,585.9500122070312,585.9500122070312,3023
2023-11-16 11:41:00+05:30,586.0,586.2000122070312,585.7999877929688,586.0,586.0,6595
2023-11-16 11:42:00+05:30,586.2000122070312,586.3499755859375,586.0,586.0999755859375,586.0999755859375,3249
2023-11-16 11:43:00+05:30,586.2999877929688,586.4000244140625,586.0,586.25,586.25,5154
2023-11-16 11:44:00+05:30,586.0499877929688,586.25,586.0,586.2000122070312,586.2000122070312,2561
2023-11-16 11:45:00+05:30,586.2000122070312,586.2999877929688,585.9000244140625,585.9000244140625,585.9000244140625,5308
2023-11-16 11:46:00+05:30,585.8499755859375,586.0999755859375,585.75,585.9500122070312,585.9500122070312,5735
2023-11-16 11:47:00+05:30,585.9500122070312,586.0499877929688,585.75,585.75,585.75,5365
2023-11-16 11:48:00+05:30,585.7999877929688,585.9500122070312,585.75,585.7999877929688,585.7999877929688,2382
2023-11-16 11:49:00+05:30,585.7999877929688,585.9500122070312,585.7000122070312,585.9500122070312,585.9500122070312,8409
2023-11-16 11:50:00+05:30,585.9500122070312,586.0,585.5,585.6500244140625,585.6500244140625,13554
2023-11-16 11:51:00+05:30,585.5999755859375,585.9500122070312,585.5999755859375,585.7000122070312,585.7000122070312,3686
2023-11-16 11:52:00+05:30,585.7000122070312,585.8499755859375,585.5,585.7999877929688,585.7999877929688,5607
2023-11-16 11:53:00+05:30,585.5999755859375,586.2000122070312,585.5999755859375,586.0,586.0,17636
2023-11-16 11:55:00+05:30,585.9500122070312,586.2000122070312,585.7000122070312,585.7999877929688,585.7999877929688,26477
2023-11-16 11:56:00+05:30,585.7000122070312,586.0,585.7000122070312,586.0,586.0,7811
2023-11-16 11:57:00+05:30,586.0,586.0,585.5499877929688,585.5499877929688,585.5499877929688,7389
2023-11-16 11:58:00+05:30,585.5499877929688,586.0999755859375,585.5499877929688,585.75,585.75,13260
2023-11-16 11:59:00+05:30,585.75,585.9000244140625,585.5,585.5499877929688,585.5499877929688,4607
2023-11-16 12:00:00+05:30,585.5,585.8499755859375,585.5,585.5999755859375,585.5999755859375,5191
2023-11-16 12:01:00+05:30,585.75,586.0,585.5499877929688,585.9000244140625,585.9000244140625,6288
2023-11-16 12:02:00+05:30,585.9000244140625,586.0,585.6500244140625,585.8499755859375,585.8499755859375,6251
2023-11-16 12:03:00+05:30,585.8499755859375,585.8499755859375,585.5999755859375,585.5999755859375,585.5999755859375,5306
2023-11-16 12:04:00+05:30,585.75,585.75,585.4500122070312,585.7000122070312,585.7000122070312,9412
2023-11-16 12:05:00+05:30,585.7000122070312,585.7000122070312,585.4000244140625,585.4500122070312,585.4500122070312,6726
2023-11-16 12:06:00+05:30,585.4500122070312,585.5499877929688,585.1500244140625,585.25,585.25,12623
2023-11-16 12:07:00+05:30,585.2000122070312,585.2000122070312,585.0499877929688,585.0499877929688,585.0499877929688,21565
2023-11-16 12:08:00+05:30,585.0,585.2999877929688,585.0,585.2000122070312,585.2000122070312,14631
2023-11-16 12:09:00+05:30,585.25,585.2999877929688,585.1500244140625,585.1500244140625,585.1500244140625,5047
2023-11-16 12:10:00+05:30,585.2000122070312,585.5999755859375,585.0999755859375,585.4000244140625,585.4000244140625,16147
2023-11-16 12:11:00+05:30,585.5499877929688,585.75,585.3499755859375,585.4500122070312,585.4500122070312,15639
2023-11-16 12:12:00+05:30,585.4500122070312,585.9500122070312,585.4500122070312,585.6500244140625,585.6500244140625,16826
2023-11-16 12:13:00+05:30,585.6500244140625,585.7999877929688,585.5,585.5,585.5,5486
2023-11-16 12:14:00+05:30,585.5999755859375,585.7000122070312,585.4500122070312,585.5999755859375,585.5999755859375,8969
2023-11-16 12:15:00+05:30,585.7000122070312,585.7000122070312,585.4500122070312,585.7000122070312,585.7000122070312,5247
2023-11-16 12:16:00+05:30,585.5999755859375,585.75,585.4500122070312,585.7000122070312,585.7000122070312,5282
2023-11-16 12:17:00+05:30,585.7000122070312,585.75,585.4500122070312,585.75,585.75,4687
2023-11-16 12:18:00+05:30,585.75,585.75,585.4500122070312,585.5,585.5,4443
2023-11-16 12:19:00+05:30,585.5,585.75,585.4500122070312,585.5999755859375,585.5999755859375,6679
2023-11-16 12:20:00+05:30,585.5999755859375,585.7999877929688,585.5,585.5999755859375,585.5999755859375,5343
2023-11-16 12:21:00+05:30,585.5999755859375,585.9000244140625,585.4500122070312,585.5,585.5,6631
2023-11-16 12:22:00+05:30,585.5,585.7000122070312,585.4500122070312,585.5999755859375,585.5999755859375,4779
2023-11-16 12:23:00+05:30,585.5,585.75,585.4500122070312,585.7000122070312,585.7000122070312,4426
2023-11-16 12:24:00+05:30,585.7000122070312,585.9500122070312,585.5,585.9500122070312,585.9500122070312,7233
2023-11-16 12:25:00+05:30,585.9500122070312,586.0,585.7000122070312,585.9500122070312,585.9500122070312,6884
2023-11-16 12:26:00+05:30,585.9000244140625,585.9500122070312,585.6500244140625,585.7999877929688,585.7999877929688,5591
2023-11-16 12:27:00+05:30,585.7999877929688,585.9500122070312,585.4500122070312,585.5999755859375,585.5999755859375,11716
2023-11-16 12:28:00+05:30,585.5999755859375,585.9000244140625,585.5499877929688,585.9000244140625,585.9000244140625,5838
2023-11-16 12:29:00+05:30,585.6500244140625,586.0,585.6500244140625,585.7000122070312,585.7000122070312,8594
2023-11-16 12:30:00+05:30,585.7999877929688,586.0499877929688,585.7000122070312,585.9000244140625,585.9000244140625,21238
2023-11-16 12:31:00+05:30,585.75,586.0,585.6500244140625,585.75,585.75,8380
2023-11-16 12:32:00+05:30,585.7000122070312,585.9000244140625,585.5,585.5,585.5,6403
2023-11-16 12:33:00+05:30,585.4500122070312,585.7000122070312,585.0999755859375,585.0999755859375,585.0999755859375,7171
2023-11-16 12:34:00+05:30,585.0999755859375,585.7000122070312,585.0,585.7000122070312,585.7000122070312,64782
2023-11-16 12:35:00+05:30,585.5499877929688,585.9500122070312,585.4000244140625,585.9000244140625,585.9000244140625,12245
2023-11-16 12:36:00+05:30,585.75,585.9000244140625,585.5999755859375,585.9000244140625,585.9000244140625,5493
2023-11-16 12:37:00+05:30,585.9000244140625,585.9000244140625,585.5999755859375,585.75,585.75,9470
2023-11-16 12:38:00+05:30,585.75,585.8499755859375,585.5999755859375,585.7999877929688,585.7999877929688,4353
2023-11-16 12:39:00+05:30,585.75,585.9500122070312,585.5999755859375,585.7000122070312,585.7000122070312,12673
2023-11-16 12:40:00+05:30,585.7999877929688,585.9500122070312,585.7000122070312,585.8499755859375,585.8499755859375,5761
2023-11-16 12:41:00+05:30,585.8499755859375,586.0,585.7000122070312,585.9500122070312,585.9500122070312,8610
2023-11-16 12:42:00+05:30,585.9000244140625,585.9500122070312,585.75,585.8499755859375,585.8499755859375,5481
2023-11-16 12:43:00+05:30,585.8499755859375,586.1500244140625,585.7000122070312,586.0999755859375,586.0999755859375,28919
2023-11-16 12:44:00+05:30,586.0,586.1500244140625,585.7999877929688,586.0,586.0,5477
2023-11-16 12:45:00+05:30,585.9500122070312,586.0999755859375,585.7999877929688,586.0,586.0,3917
2023-11-16 12:46:00+05:30,586.0,586.0,585.7999877929688,585.9000244140625,585.9000244140625,2974
2023-11-16 12:47:00+05:30,585.9000244140625,586.0499877929688,585.7999877929688,586.0499877929688,586.0499877929688,8657
2023-11-16 12:48:00+05:30,586.0499877929688,586.2000122070312,585.7999877929688,586.2000122070312,586.2000122070312,10003
2023-11-16 12:49:00+05:30,586.0499877929688,586.2000122070312,585.7999877929688,586.0,586.0,12218
2023-11-16 12:50:00+05:30,586.0,586.0999755859375,585.8499755859375,585.9000244140625,585.9000244140625,3648
2023-11-16 12:51:00+05:30,586.0,586.0999755859375,585.9000244140625,586.0499877929688,586.0499877929688,6493
2023-11-16 12:52:00+05:30,586.0,586.2000122070312,585.9000244140625,585.9500122070312,585.9500122070312,7394
2023-11-16 12:53:00+05:30,585.9000244140625,586.25,585.9000244140625,586.2000122070312,586.2000122070312,10905
2023-11-16 12:54:00+05:30,586.25,586.3499755859375,585.9500122070312,586.0999755859375,586.0999755859375,9226
2023-11-16 12:55:00+05:30,586.0499877929688,586.2999877929688,586.0499877929688,586.25,586.25,6197
2023-11-16 12:56:00+05:30,586.25,586.4500122070312,586.1500244140625,586.25,586.25,13077
2023-11-16 12:57:00+05:30,586.4000244140625,586.5,586.25,586.2999877929688,586.2999877929688,9562
2023-11-16 12:58:00+05:30,586.2999877929688,586.3499755859375,586.2000122070312,586.2000122070312,586.2000122070312,5955
2023-11-16 12:59:00+05:30,586.2000122070312,586.5499877929688,586.2000122070312,586.2999877929688,586.2999877929688,31873
2023-11-16 13:00:00+05:30,586.2999877929688,586.5,586.1500244140625,586.1500244140625,586.1500244140625,8242
2023-11-16 13:01:00+05:30,586.25,586.4000244140625,586.1500244140625,586.25,586.25,6846
2023-11-16 13:02:00+05:30,586.25,586.2999877929688,586.0999755859375,586.2999877929688,586.2999877929688,5845
2023-11-16 13:03:00+05:30,586.0999755859375,586.5,586.0999755859375,586.1500244140625,586.1500244140625,17605
2023-11-16 13:04:00+05:30,586.2000122070312,586.4000244140625,586.0499877929688,586.2999877929688,586.2999877929688,7851
2023-11-16 13:05:00+05:30,586.2999877929688,586.2999877929688,586.0,586.0499877929688,586.0499877929688,13077
2023-11-16 13:06:00+05:30,586.0499877929688,586.2999877929688,586.0,586.0,586.0,7527
2023-11-16 13:07:00+05:30,586.0,586.4500122070312,586.0,586.0,586.0,12756
2023-11-16 13:08:00+05:30,586.3499755859375,586.3499755859375,585.9000244140625,586.0499877929688,586.0499877929688,9009
2023-11-16 13:09:00+05:30,586.0499877929688,586.4500122070312,585.9500122070312,586.4000244140625,586.4000244140625,11179
2023-11-16 13:10:00+05:30,586.1500244140625,586.4000244140625,586.0499877929688,586.1500244140625,586.1500244140625,18517
2023-11-16 13:11:00+05:30,586.1500244140625,586.4000244140625,586.0499877929688,586.0499877929688,586.0499877929688,7241
2023-11-16 13:12:00+05:30,586.0499877929688,586.2999877929688,585.9500122070312,586.25,586.25,11047
2023-11-16 13:13:00+05:30,586.25,586.4500122070312,586.0,586.0999755859375,586.0999755859375,14880
2023-11-16 13:14:00+05:30,586.0999755859375,586.3499755859375,585.9500122070312,585.9500122070312,585.9500122070312,17354
2023-11-16 13:15:00+05:30,585.9500122070312,586.3499755859375,585.9500122070312,586.1500244140625,586.1500244140625,19385
2023-11-16 13:16:00+05:30,586.1500244140625,586.25,585.8499755859375,586.25,586.25,20746
2023-11-16 13:17:00+05:30,586.0,586.25,585.9000244140625,586.0499877929688,586.0499877929688,9092
2023-11-16 13:18:00+05:30,586.0499877929688,586.2999877929688,585.8499755859375,585.9000244140625,585.9000244140625,55897
2023-11-16 13:19:00+05:30,586.2000122070312,586.2000122070312,585.8499755859375,586.0999755859375,586.0999755859375,15331
2023-11-16 13:20:00+05:30,586.0,586.2000122070312,585.8499755859375,585.9500122070312,585.9500122070312,6841
2023-11-16 13:21:00+05:30,585.9000244140625,586.0499877929688,585.7999877929688,586.0499877929688,586.0499877929688,6264
2023-11-16 13:22:00+05:30,585.7999877929688,586.0499877929688,585.7000122070312,585.75,585.75,7915
2023-11-16 13:23:00+05:30,585.9500122070312,586.0,585.6500244140625,585.7999877929688,585.7999877929688,18106
2023-11-16 13:24:00+05:30,585.8499755859375,585.9500122070312,585.5499877929688,585.5499877929688,585.5499877929688,15053
2023-11-16 13:25:00+05:30,585.5499877929688,586.0,585.5499877929688,585.6500244140625,585.6500244140625,22033
2023-11-16 13:26:00+05:30,585.7999877929688,586.0,585.5999755859375,585.7999877929688,585.7999877929688,13380
2023-11-16 13:27:00+05:30,585.75,585.9500122070312,585.5999755859375,585.6500244140625,585.6500244140625,13405
2023-11-16 13:28:00+05:30,585.5999755859375,586.0,585.5999755859375,585.7000122070312,585.7000122070312,9896
2023-11-16 13:29:00+05:30,585.7999877929688,585.9500122070312,585.5999755859375,585.6500244140625,585.6500244140625,7590
2023-11-16 13:30:00+05:30,585.6500244140625,585.9500122070312,585.5999755859375,585.8499755859375,585.8499755859375,13524
2023-11-16 13:31:00+05:30,585.8499755859375,585.8499755859375,585.75,585.75,585.75,4607
2023-11-16 13:32:00+05:30,585.7000122070312,585.8499755859375,585.5999755859375,585.7999877929688,585.7999877929688,9377
2023-11-16 13:33:00+05:30,585.8499755859375,585.9500122070312,585.5999755859375,585.7000122070312,585.7000122070312,12028
2023-11-16 13:34:00+05:30,585.5999755859375,585.9000244140625,585.5999755859375,585.9000244140625,585.9000244140625,12871
2023-11-16 13:35:00+05:30,585.6500244140625,585.9000244140625,585.5999755859375,585.7999877929688,585.7999877929688,10862
2023-11-16 13:36:00+05:30,585.75,585.7999877929688,585.4000244140625,585.4000244140625,585.4000244140625,19372
2023-11-16 13:37:00+05:30,585.4000244140625,585.75,585.4000244140625,585.4500122070312,585.4500122070312,11415
2023-11-16 13:38:00+05:30,585.4500122070312,585.6500244140625,585.2999877929688,585.2999877929688,585.2999877929688,12309
2023-11-16 13:39:00+05:30,585.2999877929688,585.75,585.2999877929688,585.3499755859375,585.3499755859375,12097
2023-11-16 13:40:00+05:30,585.3499755859375,585.6500244140625,585.2999877929688,585.3499755859375,585.3499755859375,21718
2023-11-16 13:41:00+05:30,585.3499755859375,585.5999755859375,585.2999877929688,585.3499755859375,585.3499755859375,10463
2023-11-16 13:42:00+05:30,585.3499755859375,585.5,585.0999755859375,585.2000122070312,585.2000122070312,28709
2023-11-16 13:43:00+05:30,585.0999755859375,585.4000244140625,585.0,585.0999755859375,585.0999755859375,33486
2023-11-16 13:44:00+05:30,585.1500244140625,585.5999755859375,585.0,585.5999755859375,585.5999755859375,40995
2023-11-16 13:45:00+05:30,585.5499877929688,585.7999877929688,585.4500122070312,585.5999755859375,585.5999755859375,11138
2023-11-16 13:46:00+05:30,585.5499877929688,585.7999877929688,585.3499755859375,585.4000244140625,585.4000244140625,10084
2023-11-16 13:47:00+05:30,585.3499755859375,585.4500122070312,585.0,585.0,585.0,13393
2023-11-16 13:48:00+05:30,585.0999755859375,585.4000244140625,585.0,585.1500244140625,585.1500244140625,12289
2023-11-16 13:49:00+05:30,585.2000122070312,585.4500122070312,585.0999755859375,585.1500244140625,585.1500244140625,8264
2023-11-16 13:50:00+05:30,585.1500244140625,585.5999755859375,585.0999755859375,585.4500122070312,585.4500122070312,18582
2023-11-16 13:51:00+05:30,585.4000244140625,585.5499877929688,585.25,585.2999877929688,585.2999877929688,6046
2023-11-16 13:52:00+05:30,585.2999877929688,585.5,585.25,585.5,585.5,6653
2023-11-16 13:53:00+05:30,585.2999877929688,585.75,585.2999877929688,585.4500122070312,585.4500122070312,13895
2023-11-16 13:54:00+05:30,585.5999755859375,585.5999755859375,585.25,585.4000244140625,585.4000244140625,6033
2023-11-16 13:55:00+05:30,585.2999877929688,585.7000122070312,585.2999877929688,585.5499877929688,585.5499877929688,7916
2023-11-16 13:56:00+05:30,585.5499877929688,585.75,585.3499755859375,585.5,585.5,9619
2023-11-16 13:57:00+05:30,585.5,585.6500244140625,585.2999877929688,585.4500122070312,585.4500122070312,5922
2023-11-16 13:58:00+05:30,585.6500244140625,585.7999877929688,585.4500122070312,585.7000122070312,585.7000122070312,8923
2023-11-16 13:59:00+05:30,585.75,585.8499755859375,585.7000122070312,585.75,585.75,5284
2023-11-16 14:00:00+05:30,585.75,585.8499755859375,585.6500244140625,585.6500244140625,585.6500244140625,7289
2023-11-16 14:01:00+05:30,585.6500244140625,585.8499755859375,585.5,585.5499877929688,585.5499877929688,8422
2023-11-16 14:02:00+05:30,585.5,585.7999877929688,585.5,585.6500244140625,585.6500244140625,7260
2023-11-16 14:03:00+05:30,585.6500244140625,585.7999877929688,585.5,585.5999755859375,585.5999755859375,6427
2023-11-16 14:04:00+05:30,585.6500244140625,585.8499755859375,585.5499877929688,585.5999755859375,585.5999755859375,7730
2023-11-16 14:05:00+05:30,585.5999755859375,585.9500122070312,585.5499877929688,585.7999877929688,585.7999877929688,9144
2023-11-16 14:06:00+05:30,585.7999877929688,586.0499877929688,585.75,585.75,585.75,32568
2023-11-16 14:07:00+05:30,585.75,586.0,585.7000122070312,585.9000244140625,585.9000244140625,14097
2023-11-16 14:08:00+05:30,585.9000244140625,586.0,585.7000122070312,585.75,585.75,8653
2023-11-16 14:09:00+05:30,585.75,585.9000244140625,585.6500244140625,585.8499755859375,585.8499755859375,5903
2023-11-16 14:10:00+05:30,585.8499755859375,586.2000122070312,585.7000122070312,586.1500244140625,586.1500244140625,17909
2023-11-16 14:11:00+05:30,586.1500244140625,586.1500244140625,585.9000244140625,585.9500122070312,585.9500122070312,6924
2023-11-16 14:12:00+05:30,585.9500122070312,586.0999755859375,585.9000244140625,585.9500122070312,585.9500122070312,10175
2023-11-16 14:13:00+05:30,586.0499877929688,586.2999877929688,585.9500122070312,586.1500244140625,586.1500244140625,20771
2023-11-16 14:14:00+05:30,586.2000122070312,587.0,586.2000122070312,586.9000244140625,586.9000244140625,108291
2023-11-16 14:15:00+05:30,587.0,587.2000122070312,586.6500244140625,586.7000122070312,586.7000122070312,92479
2023-11-16 14:16:00+05:30,586.75,586.9000244140625,586.5,586.5499877929688,586.5499877929688,19702
2023-11-16 14:17:00+05:30,586.5999755859375,586.8499755859375,586.5,586.7000122070312,586.7000122070312,15436
2023-11-16 14:18:00+05:30,586.5999755859375,586.9000244140625,586.4500122070312,586.8499755859375,586.8499755859375,44890
2023-11-16 14:19:00+05:30,586.9000244140625,586.9000244140625,586.75,586.8499755859375,586.8499755859375,18450
2023-11-16 14:20:00+05:30,586.8499755859375,586.8499755859375,586.7000122070312,586.7000122070312,586.7000122070312,8322
2023-11-16 14:21:00+05:30,586.7000122070312,586.8499755859375,586.5999755859375,586.75,586.75,5322
2023-11-16 14:22:00+05:30,586.7000122070312,586.7999877929688,586.5,586.5,586.5,9611
2023-11-16 14:23:00+05:30,586.5499877929688,586.7999877929688,586.4000244140625,586.4000244140625,586.4000244140625,11677
2023-11-16 14:24:00+05:30,586.4500122070312,586.7999877929688,586.4000244140625,586.5499877929688,586.5499877929688,21391
2023-11-16 14:25:00+05:30,586.5499877929688,586.9000244140625,586.5499877929688,586.7000122070312,586.7000122070312,21839
2023-11-16 14:26:00+05:30,586.7999877929688,586.8499755859375,586.5499877929688,586.5499877929688,586.5499877929688,21390
2023-11-16 14:27:00+05:30,586.75,586.7999877929688,586.4500122070312,586.6500244140625,586.6500244140625,18083
2023-11-16 14:28:00+05:30,586.7000122070312,586.75,586.4500122070312,586.4500122070312,586.4500122070312,5592
2023-11-16 14:29:00+05:30,586.75,586.9000244140625,586.5,586.5499877929688,586.5499877929688,11246
2023-11-16 14:30:00+05:30,586.5499877929688,586.75,586.4500122070312,586.5499877929688,586.5499877929688,13560
2023-11-16 14:31:00+05:30,586.5499877929688,586.9500122070312,586.4500122070312,586.9500122070312,586.9500122070312,17933
2023-11-16 14:32:00+05:30,586.9500122070312,586.9500122070312,586.5,586.5999755859375,586.5999755859375,18652
2023-11-16 14:33:00+05:30,586.75,586.8499755859375,586.5,586.5499877929688,586.5499877929688,11073
2023-11-16 14:34:00+05:30,586.5499877929688,586.8499755859375,586.5499877929688,586.7999877929688,586.7999877929688,20794
2023-11-16 14:35:00+05:30,586.7999877929688,586.9000244140625,586.4500122070312,586.7000122070312,586.7000122070312,21439
2023-11-16 14:36:00+05:30,586.7000122070312,586.9500122070312,586.6500244140625,586.8499755859375,586.8499755859375,16410
2023-11-16 14:37:00+05:30,586.7999877929688,587.0,586.6500244140625,586.6500244140625,586.6500244140625,14240
2023-11-16 14:38:00+05:30,586.8499755859375,587.0,586.5999755859375,586.75,586.75,15728
2023-11-16 14:39:00+05:30,586.75,587.0499877929688,586.5999755859375,586.9500122070312,586.9500122070312,67731
2023-11-16 14:40:00+05:30,586.9500122070312,587.2999877929688,586.9500122070312,587.25,587.25,36670
2023-11-16 14:41:00+05:30,587.0499877929688,587.3499755859375,586.9500122070312,587.0999755859375,587.0999755859375,31951
2023-11-16 14:42:00+05:30,587.0999755859375,587.2999877929688,587.0499877929688,587.1500244140625,587.1500244140625,13309
2023-11-16 14:43:00+05:30,587.2000122070312,587.2999877929688,587.0,587.1500244140625,587.1500244140625,34547
2023-11-16 14:44:00+05:30,587.0,587.4000244140625,587.0,587.0499877929688,587.0499877929688,18818
2023-11-16 14:45:00+05:30,587.0499877929688,587.25,586.9500122070312,587.1500244140625,587.1500244140625,16274
2023-11-16 14:46:00+05:30,587.0499877929688,587.3499755859375,586.8499755859375,586.8499755859375,586.8499755859375,17928
2023-11-16 14:47:00+05:30,586.9000244140625,587.4000244140625,586.9000244140625,587.25,587.25,24418
2023-11-16 14:48:00+05:30,587.25,588.0,587.25,587.5499877929688,587.5499877929688,156908
2023-11-16 14:49:00+05:30,587.75,587.9000244140625,587.2999877929688,587.4000244140625,587.4000244140625,57658
2023-11-16 14:50:00+05:30,587.2999877929688,587.6500244140625,587.1500244140625,587.4500122070312,587.4500122070312,23068
2023-11-16 14:51:00+05:30,587.4000244140625,587.5499877929688,587.25,587.2999877929688,587.2999877929688,23566
2023-11-16 14:52:00+05:30,587.25,587.5,587.0999755859375,587.2000122070312,587.2000122070312,17813
2023-11-16 14:53:00+05:30,587.25,587.6500244140625,587.1500244140625,587.4500122070312,587.4500122070312,23593
2023-11-16 14:54:00+05:30,587.4500122070312,587.4500122070312,587.1500244140625,587.1500244140625,587.1500244140625,13392
2023-11-16 14:55:00+05:30,587.2999877929688,587.5999755859375,587.1500244140625,587.5,587.5,26201
2023-11-16 14:56:00+05:30,587.5,587.6500244140625,587.3499755859375,587.5999755859375,587.5999755859375,15162
2023-11-16 14:57:00+05:30,587.5999755859375,587.7000122070312,587.2999877929688,587.4000244140625,587.4000244140625,27238
2023-11-16 14:58:00+05:30,587.2999877929688,587.4000244140625,587.1500244140625,587.1500244140625,587.1500244140625,10893
2023-11-16 14:59:00+05:30,587.1500244140625,587.25,587.0,587.0,587.0,22352
2023-11-16 15:00:00+05:30,586.7999877929688,587.0,586.5999755859375,586.7000122070312,586.7000122070312,52257
2023-11-16 15:01:00+05:30,586.5999755859375,586.7000122070312,586.0999755859375,586.0999755859375,586.0999755859375,52798
2023-11-16 15:02:00+05:30,586.0499877929688,586.25,585.5,585.8499755859375,585.8499755859375,511796
2023-11-16 15:03:00+05:30,585.7999877929688,586.4500122070312,585.5999755859375,586.2000122070312,586.2000122070312,72705
2023-11-16 15:04:00+05:30,586.2000122070312,586.25,585.7999877929688,586.0999755859375,586.0999755859375,65065
2023-11-16 15:05:00+05:30,586.0499877929688,586.2000122070312,585.9000244140625,585.9500122070312,585.9500122070312,61647
2023-11-16 15:06:00+05:30,585.9500122070312,585.9500122070312,585.4500122070312,585.5,585.5,71995
2023-11-16 15:07:00+05:30,585.5,585.5499877929688,584.5999755859375,584.7000122070312,584.7000122070312,83590
2023-11-16 15:08:00+05:30,584.7000122070312,584.7000122070312,584.0999755859375,584.5,584.5,107175
2023-11-16 15:09:00+05:30,584.4000244140625,584.4000244140625,584.0,584.0499877929688,584.0499877929688,63288
2023-11-16 15:10:00+05:30,584.2000122070312,584.25,583.7999877929688,583.7999877929688,583.7999877929688,56852
2023-11-16 15:11:00+05:30,583.7999877929688,583.8499755859375,583.4500122070312,583.4500122070312,583.4500122070312,79842
2023-11-16 15:12:00+05:30,583.4000244140625,584.5,583.4000244140625,584.2000122070312,584.2000122070312,65732
2023-11-16 15:13:00+05:30,584.0,584.25,583.7000122070312,584.25,584.25,104175
2023-11-16 15:14:00+05:30,584.25,584.5499877929688,583.9000244140625,584.0,584.0,144312
2023-11-16 15:15:00+05:30,583.7999877929688,584.25,583.6500244140625,584.1500244140625,584.1500244140625,56140
2023-11-16 15:16:00+05:30,584.2000122070312,584.2000122070312,583.7999877929688,583.7999877929688,583.7999877929688,43397
2023-11-16 15:17:00+05:30,583.8499755859375,584.0,583.7999877929688,583.9000244140625,583.9000244140625,70050
2023-11-16 15:18:00+05:30,583.9500122070312,585.3499755859375,583.9500122070312,584.5499877929688,584.5499877929688,225362
2023-11-16 15:19:00+05:30,584.5499877929688,584.75,584.0999755859375,584.2999877929688,584.2999877929688,44836
2023-11-16 15:20:00+05:30,584.2000122070312,584.3499755859375,583.9000244140625,584.1500244140625,584.1500244140625,66803
2023-11-16 15:21:00+05:30,583.9000244140625,584.3499755859375,583.9000244140625,584.0,584.0,48696
2023-11-16 15:22:00+05:30,584.0,584.1500244140625,583.75,583.9000244140625,583.9000244140625,87427
2023-11-16 15:23:00+05:30,583.9000244140625,584.0,583.6500244140625,583.9000244140625,583.9000244140625,96617
2023-11-16 15:24:00+05:30,583.9000244140625,584.25,583.6500244140625,583.6500244140625,583.6500244140625,102521
2023-11-16 15:25:00+05:30,583.7000122070312,584.1500244140625,583.7000122070312,584.0,584.0,74942
2023-11-16 15:26:00+05:30,583.9000244140625,584.2000122070312,583.5,584.0999755859375,584.0999755859375,124068
2023-11-16 15:27:00+05:30,584.1500244140625,584.25,583.7000122070312,583.9000244140625,583.9000244140625,124537
2023-11-16 15:28:00+05:30,583.8499755859375,584.2999877929688,583.7999877929688,584.0499877929688,584.0499877929688,88752
2023-11-16 15:29:00+05:30,584.0499877929688,584.0999755859375,583.7999877929688,584.0999755859375,584.0999755859375,20350
2023-11-17 09:15:00+05:30,569.4500122070312,570.5999755859375,566.3499755859375,569.5999755859375,569.5999755859375,0
2023-11-17 09:16:00+05:30,568.7000122070312,569.2999877929688,568.5999755859375,569.0,569.0,423304
2023-11-17 09:17:00+05:30,569.0999755859375,570.3499755859375,569.0,569.9000244140625,569.9000244140625,420847
2023-11-17 09:18:00+05:30,570.0499877929688,570.6500244140625,568.5,569.25,569.25,527174
2023-11-17 09:19:00+05:30,569.2999877929688,569.7999877929688,568.4000244140625,568.7000122070312,568.7000122070312,350564
2023-11-17 09:20:00+05:30,568.5499877929688,568.6500244140625,567.4000244140625,568.5,568.5,429834
2023-11-17 09:21:00+05:30,568.5,568.7000122070312,567.4000244140625,568.3499755859375,568.3499755859375,399231
2023-11-17 09:22:00+05:30,568.4000244140625,568.5,567.9000244140625,568.3499755859375,568.3499755859375,399631
2023-11-17 09:23:00+05:30,568.2999877929688,569.1500244140625,568.2000122070312,568.9500122070312,568.9500122070312,189064
2023-11-17 09:24:00+05:30,569.0499877929688,569.0999755859375,568.5,569.0999755859375,569.0999755859375,174446
2023-11-17 09:25:00+05:30,569.0999755859375,569.9000244140625,568.7999877929688,569.7999877929688,569.7999877929688,117841
2023-11-17 09:26:00+05:30,569.7000122070312,570.5999755859375,569.5,570.5,570.5,170812
2023-11-17 09:27:00+05:30,570.5,571.5,570.2999877929688,571.5,571.5,185329
2023-11-17 09:28:00+05:30,571.7000122070312,571.9000244140625,571.5,571.9000244140625,571.9000244140625,173642
2023-11-17 09:29:00+05:30,571.9000244140625,571.9000244140625,571.25,571.5,571.5,149591
2023-11-17 09:30:00+05:30,571.2000122070312,571.4500122070312,570.4000244140625,570.7999877929688,570.7999877929688,223387
2023-11-17 09:31:00+05:30,570.9000244140625,571.2999877929688,570.4000244140625,571.0999755859375,571.0999755859375,120078
2023-11-17 09:32:00+05:30,571.0499877929688,571.4000244140625,570.5,571.1500244140625,571.1500244140625,177871
2023-11-17 09:33:00+05:30,571.0,571.1500244140625,570.3499755859375,570.3499755859375,570.3499755859375,55927
2023-11-17 09:34:00+05:30,570.4500122070312,570.7999877929688,570.25,570.5499877929688,570.5499877929688,53363
2023-11-17 09:35:00+05:30,570.5999755859375,570.75,570.25,570.75,570.75,56724
2023-11-17 09:36:00+05:30,570.75,570.75,570.5,570.6500244140625,570.6500244140625,35022
2023-11-17 09:37:00+05:30,570.5999755859375,571.0499877929688,570.5999755859375,571.0,571.0,64734
2023-11-17 09:38:00+05:30,571.1500244140625,571.1500244140625,570.5499877929688,570.8499755859375,570.8499755859375,96596
2023-11-17 09:39:00+05:30,570.8499755859375,571.0999755859375,570.7999877929688,571.0,571.0,60136
2023-11-17 09:40:00+05:30,571.0,571.2000122070312,570.8499755859375,570.9500122070312,570.9500122070312,81425
2023-11-17 09:41:00+05:30,571.0999755859375,571.4500122070312,570.9000244140625,571.25,571.25,159433
2023-11-17 09:42:00+05:30,571.3499755859375,571.4500122070312,571.0,571.25,571.25,72138
2023-11-17 09:43:00+05:30,571.25,571.3499755859375,570.9000244140625,571.0,571.0,153083
2023-11-17 09:44:00+05:30,570.9000244140625,570.9000244140625,570.2999877929688,570.5,570.5,118138
2023-11-17 09:45:00+05:30,570.3499755859375,570.5999755859375,570.2999877929688,570.2999877929688,570.2999877929688,64287
2023-11-17 09:46:00+05:30,570.4000244140625,570.7999877929688,570.25,570.7999877929688,570.7999877929688,62949
2023-11-17 09:47:00+05:30,570.9000244140625,571.0,570.7000122070312,570.8499755859375,570.8499755859375,49455
2023-11-17 09:48:00+05:30,570.9500122070312,571.1500244140625,570.5,570.5999755859375,570.5999755859375,62227
2023-11-17 09:49:00+05:30,570.7000122070312,570.8499755859375,570.5,570.8499755859375,570.8499755859375,58635
2023-11-17 09:50:00+05:30,570.7000122070312,570.75,570.4000244140625,570.6500244140625,570.6500244140625,58923
2023-11-17 09:51:00+05:30,570.5499877929688,570.8499755859375,570.4500122070312,570.5999755859375,570.5999755859375,50616
2023-11-17 09:52:00+05:30,570.5999755859375,570.9000244140625,570.4500122070312,570.5999755859375,570.5999755859375,118200
2023-11-17 09:53:00+05:30,570.5,570.75,570.4000244140625,570.5,570.5,56273
2023-11-17 09:54:00+05:30,570.5999755859375,570.7000122070312,570.25,570.4500122070312,570.4500122070312,66736
2023-11-17 09:55:00+05:30,570.4000244140625,570.5499877929688,570.2999877929688,570.5,570.5,37333
2023-11-17 09:56:00+05:30,570.4000244140625,570.5,570.1500244140625,570.2999877929688,570.2999877929688,37611
2023-11-17 09:57:00+05:30,570.25,570.3499755859375,570.1500244140625,570.3499755859375,570.3499755859375,48259
2023-11-17 09:58:00+05:30,570.25,570.4500122070312,569.9000244140625,569.9500122070312,569.9500122070312,242700
2023-11-17 09:59:00+05:30,569.7999877929688,570.4500122070312,569.5,570.25,570.25,93466
2023-11-17 10:00:00+05:30,570.25,570.5,570.0,570.2999877929688,570.2999877929688,53335
2023-11-17 10:01:00+05:30,570.2999877929688,570.5,570.0,570.4000244140625,570.4000244140625,53512
2023-11-17 10:02:00+05:30,570.2999877929688,570.3499755859375,570.0499877929688,570.0999755859375,570.0999755859375,42321
2023-11-17 10:03:00+05:30,570.3499755859375,570.3499755859375,570.0,570.25,570.25,57655
2023-11-17 10:04:00+05:30,570.0999755859375,570.2000122070312,570.0,570.1500244140625,570.1500244140625,41996
2023-11-17 10:05:00+05:30,570.1500244140625,570.25,570.0,570.0999755859375,570.0999755859375,57692
2023-11-17 10:06:00+05:30,570.0999755859375,570.25,569.5999755859375,569.5999755859375,569.5999755859375,69153
2023-11-17 10:07:00+05:30,569.5,569.7999877929688,569.5,569.7000122070312,569.7000122070312,106420
2023-11-17 10:08:00+05:30,569.7000122070312,569.7000122070312,569.0,569.0,569.0,209408
2023-11-17 10:09:00+05:30,569.0,569.25,568.7000122070312,568.9500122070312,568.9500122070312,390780
2023-11-17 10:10:00+05:30,568.9500122070312,569.1500244140625,568.7000122070312,568.75,568.75,78454
2023-11-17 10:11:00+05:30,568.75,568.8499755859375,568.1500244140625,568.3499755859375,568.3499755859375,127754
2023-11-17 10:12:00+05:30,568.3499755859375,568.3499755859375,567.7999877929688,567.7999877929688,567.7999877929688,782034
2023-11-17 10:13:00+05:30,567.9500122070312,568.1500244140625,567.25,568.0,568.0,302189
2023-11-17 10:14:00+05:30,567.8499755859375,568.0,566.75,566.8499755859375,566.8499755859375,511639
2023-11-17 10:15:00+05:30,566.5499877929688,566.5999755859375,565.0999755859375,565.4000244140625,565.4000244140625,444338
2023-11-17 10:16:00+05:30,565.25,566.5999755859375,565.0,566.5999755859375,566.5999755859375,386143
2023-11-17 10:17:00+05:30,566.4500122070312,566.9500122070312,566.0,566.75,566.75,108093
2023-11-17 10:18:00+05:30,566.75,566.8499755859375,565.2000122070312,565.2000122070312,565.2000122070312,417500
2023-11-17 10:19:00+05:30,565.0,566.2000122070312,564.7000122070312,565.5999755859375,565.5999755859375,678980
2023-11-17 10:20:00+05:30,565.7999877929688,565.9500122070312,565.2000122070312,565.9500122070312,565.9500122070312,324539
2023-11-17 10:21:00+05:30,565.7999877929688,566.5,565.7999877929688,566.25,566.25,80264
2023-11-17 10:22:00+05:30,566.2000122070312,566.4000244140625,565.9000244140625,566.0499877929688,566.0499877929688,107840
2023-11-17 10:23:00+05:30,566.0499877929688,566.4000244140625,565.4500122070312,565.4500122070312,565.4500122070312,96531
2023-11-17 10:24:00+05:30,565.4000244140625,566.4500122070312,565.2999877929688,566.4500122070312,566.4500122070312,64858
2023-11-17 10:25:00+05:30,566.4500122070312,566.6500244140625,566.25,566.5,566.5,61796
2023-11-17 10:26:00+05:30,566.4000244140625,566.75,566.3499755859375,566.7000122070312,566.7000122070312,82293
2023-11-17 10:27:00+05:30,566.5999755859375,566.9000244140625,566.5499877929688,566.5999755859375,566.5999755859375,54088
2023-11-17 10:28:00+05:30,566.5999755859375,566.9000244140625,566.5,566.5499877929688,566.5499877929688,64768
2023-11-17 10:29:00+05:30,566.4000244140625,567.0,565.8499755859375,567.0,567.0,128438
2023-11-17 10:30:00+05:30,567.2000122070312,567.2000122070312,566.7999877929688,566.8499755859375,566.8499755859375,72732
2023-11-17 10:31:00+05:30,566.6500244140625,566.9500122070312,566.6500244140625,566.9000244140625,566.9000244140625,34813
2023-11-17 10:32:00+05:30,566.7999877929688,567.0,566.75,566.9500122070312,566.9500122070312,35503
2023-11-17 10:33:00+05:30,566.9000244140625,567.0999755859375,566.8499755859375,567.0999755859375,567.0999755859375,35518
2023-11-17 10:34:00+05:30,567.0499877929688,567.4000244140625,567.0,567.3499755859375,567.3499755859375,41079
2023-11-17 10:35:00+05:30,567.3499755859375,567.4000244140625,566.9500122070312,567.25,567.25,58118
2023-11-17 10:36:00+05:30,567.4000244140625,567.4000244140625,567.0999755859375,567.2999877929688,567.2999877929688,28599
2023-11-17 10:37:00+05:30,567.25,567.5,567.0,567.4000244140625,567.4000244140625,45571
2023-11-17 10:38:00+05:30,567.4000244140625,567.5499877929688,567.2999877929688,567.4500122070312,567.4500122070312,29917
2023-11-17 10:39:00+05:30,567.5,567.5,567.0999755859375,567.25,567.25,25949
2023-11-17 10:40:00+05:30,567.2999877929688,567.5999755859375,567.2000122070312,567.5999755859375,567.5999755859375,32897
2023-11-17 10:41:00+05:30,567.5,567.8499755859375,567.4500122070312,567.7999877929688,567.7999877929688,65921
2023-11-17 10:42:00+05:30,567.75,567.9000244140625,567.5499877929688,567.8499755859375,567.8499755859375,66748
2023-11-17 10:43:00+05:30,567.8499755859375,567.9500122070312,567.7000122070312,567.9000244140625,567.9000244140625,56738
2023-11-17 10:44:00+05:30,567.8499755859375,568.4500122070312,567.75,568.1500244140625,568.1500244140625,110608
2023-11-17 10:45:00+05:30,568.4000244140625,568.4000244140625,568.0,568.2000122070312,568.2000122070312,35138
2023-11-17 10:46:00+05:30,568.2000122070312,568.2000122070312,567.9000244140625,567.9500122070312,567.9500122070312,74974
2023-11-17 10:47:00+05:30,567.9500122070312,568.0,567.9000244140625,567.9000244140625,567.9000244140625,31918
2023-11-17 10:48:00+05:30,567.9000244140625,568.0499877929688,567.7999877929688,567.9500122070312,567.9500122070312,40161
2023-11-17 10:49:00+05:30,567.9000244140625,567.9500122070312,567.5,567.6500244140625,567.6500244140625,41995
2023-11-17 10:50:00+05:30,567.6500244140625,567.7999877929688,567.25,567.2999877929688,567.2999877929688,55137
2023-11-17 10:51:00+05:30,567.2999877929688,567.5999755859375,567.2999877929688,567.4000244140625,567.4000244140625,29262
2023-11-17 10:52:00+05:30,567.3499755859375,567.5,567.2999877929688,567.4000244140625,567.4000244140625,23754
2023-11-17 10:53:00+05:30,567.3499755859375,567.5,567.2999877929688,567.5,567.5,32377
2023-11-17 10:54:00+05:30,567.4500122070312,567.6500244140625,567.3499755859375,567.5999755859375,567.5999755859375,29177
2023-11-17 10:55:00+05:30,567.5499877929688,567.8499755859375,567.5,567.75,567.75,29802
2023-11-17 10:56:00+05:30,567.75,567.75,567.4000244140625,567.75,567.75,52808
2023-11-17 10:57:00+05:30,567.5,567.75,567.4000244140625,567.4000244140625,567.4000244140625,37583
2023-11-17 10:58:00+05:30,567.2999877929688,567.7000122070312,567.2999877929688,567.5999755859375,567.5999755859375,29437
2023-11-17 10:59:00+05:30,567.5499877929688,567.6500244140625,567.2999877929688,567.2999877929688,567.2999877929688,28332
2023-11-17 11:00:00+05:30,567.2999877929688,567.5499877929688,567.0999755859375,567.2999877929688,567.2999877929688,33595
2023-11-17 11:01:00+05:30,567.2999877929688,567.4000244140625,567.1500244140625,567.2999877929688,567.2999877929688,21510
2023-11-17 11:02:00+05:30,567.2999877929688,567.4500122070312,567.2000122070312,567.2999877929688,567.2999877929688,25178
2023-11-17 11:03:00+05:30,567.2999877929688,567.5,566.7999877929688,567.0,567.0,128158
2023-11-17 11:04:00+05:30,566.9500122070312,566.9500122070312,566.5499877929688,566.7000122070312,566.7000122070312,34580
2023-11-17 11:05:00+05:30,566.6500244140625,567.0499877929688,566.5999755859375,566.9000244140625,566.9000244140625,35589
2023-11-17 11:06:00+05:30,566.8499755859375,567.0499877929688,566.7000122070312,566.75,566.75,37193
2023-11-17 11:07:00+05:30,566.7000122070312,566.8499755859375,566.5499877929688,566.7000122070312,566.7000122070312,37473
2023-11-17 11:08:00+05:30,566.7000122070312,566.9500122070312,566.7000122070312,566.8499755859375,566.8499755859375,16972
2023-11-17 11:09:00+05:30,566.7999877929688,566.9500122070312,566.75,566.9000244140625,566.9000244140625,22451
2023-11-17 11:10:00+05:30,566.7999877929688,566.9000244140625,566.7000122070312,566.9000244140625,566.9000244140625,29183
2023-11-17 11:11:00+05:30,566.9000244140625,567.0,566.75,566.9000244140625,566.9000244140625,62248
2023-11-17 11:12:00+05:30,566.8499755859375,567.0,566.75,566.7999877929688,566.7999877929688,31253
2023-11-17 11:13:00+05:30,566.75,566.9500122070312,566.5,566.75,566.75,51785
2023-11-17 11:14:00+05:30,566.7000122070312,566.7999877929688,566.5,566.5,566.5,27607
2023-11-17 11:15:00+05:30,566.5,566.5,566.0,566.1500244140625,566.1500244140625,164021
2023-11-17 11:16:00+05:30,566.0499877929688,566.5999755859375,566.0499877929688,566.4000244140625,566.4000244140625,37420
2023-11-17 11:17:00+05:30,566.2999877929688,566.75,566.2999877929688,566.7000122070312,566.7000122070312,37889
2023-11-17 11:18:00+05:30,566.5499877929688,566.9000244140625,566.5499877929688,566.6500244140625,566.6500244140625,26651
2023-11-17 11:19:00+05:30,566.5999755859375,566.6500244140625,566.4500122070312,566.5499877929688,566.5499877929688,27440
2023-11-17 11:20:00+05:30,566.4500122070312,566.7000122070312,566.4500122070312,566.5999755859375,566.5999755859375,39479
2023-11-17 11:21:00+05:30,566.5499877929688,568.7000122070312,566.4000244140625,568.0499877929688,568.0499877929688,825627
2023-11-17 11:22:00+05:30,568.0999755859375,568.0999755859375,567.5,567.5999755859375,567.5999755859375,57456
2023-11-17 11:23:00+05:30,567.5999755859375,568.0499877929688,567.5999755859375,567.75,567.75,61801
2023-11-17 11:24:00+05:30,567.75,568.1500244140625,567.7000122070312,568.1500244140625,568.1500244140625,66780
2023-11-17 11:25:00+05:30,568.1500244140625,568.2000122070312,567.6500244140625,567.6500244140625,567.6500244140625,54067
2023-11-17 11:26:00+05:30,567.6500244140625,567.9500122070312,567.25,567.2999877929688,567.2999877929688,118326
2023-11-17 11:27:00+05:30,567.2999877929688,567.5499877929688,567.25,567.2999877929688,567.2999877929688,73950
2023-11-17 11:28:00+05:30,567.2999877929688,567.4500122070312,567.2999877929688,567.3499755859375,567.3499755859375,23556
2023-11-17 11:29:00+05:30,567.2999877929688,567.3499755859375,567.0,567.0499877929688,567.0499877929688,42931
2023-11-17 11:30:00+05:30,567.0999755859375,567.1500244140625,567.0,567.0,567.0,32135
2023-11-17 11:32:00+05:30,567.0,567.4000244140625,566.9000244140625,567.0499877929688,567.0499877929688,64856
2023-11-17 11:33:00+05:30,567.0,567.0999755859375,567.0,567.0499877929688,567.0499877929688,20587
2023-11-17 11:34:00+05:30,567.0499877929688,567.0499877929688,567.0,567.0,567.0,39555
2023-11-17 11:35:00+05:30,567.0,567.0499877929688,566.9000244140625,567.0,567.0,29862
2023-11-17 11:36:00+05:30,566.9000244140625,567.3499755859375,566.9000244140625,567.0499877929688,567.0499877929688,40279
2023-11-17 11:37:00+05:30,567.0499877929688,567.2999877929688,566.9000244140625,567.0,567.0,50300
2023-11-17 11:38:00+05:30,566.9500122070312,567.4000244140625,566.9000244140625,567.4000244140625,567.4000244140625,41937
2023-11-17 11:39:00+05:30,567.2999877929688,567.3499755859375,567.0499877929688,567.2999877929688,567.2999877929688,27093
2023-11-17 11:40:00+05:30,567.25,567.4000244140625,567.0999755859375,567.0999755859375,567.0999755859375,72679
2023-11-17 11:41:00+05:30,567.0999755859375,567.7000122070312,567.0,567.6500244140625,567.6500244140625,51790
2023-11-17 11:42:00+05:30,567.6500244140625,567.9000244140625,567.3499755859375,567.6500244140625,567.6500244140625,62136
2023-11-17 11:43:00+05:30,567.5999755859375,567.9500122070312,567.25,567.2999877929688,567.2999877929688,84815
2023-11-17 11:44:00+05:30,567.2999877929688,567.5,567.0499877929688,567.1500244140625,567.1500244140625,45629
2023-11-17 11:45:00+05:30,567.1500244140625,567.2999877929688,567.0499877929688,567.2000122070312,567.2000122070312,44196
2023-11-17 11:46:00+05:30,567.1500244140625,567.25,567.0999755859375,567.2000122070312,567.2000122070312,25941
2023-11-17 11:47:00+05:30,567.1500244140625,567.2999877929688,567.0499877929688,567.1500244140625,567.1500244140625,34931
2023-11-17 11:48:00+05:30,567.1500244140625,567.2000122070312,567.0499877929688,567.0499877929688,567.0499877929688,27366
2023-11-17 11:49:00+05:30,567.0499877929688,567.2000122070312,567.0,567.0,567.0,37359
2023-11-17 11:50:00+05:30,567.0,567.0999755859375,567.0,567.0,567.0,39085
2023-11-17 11:51:00+05:30,567.0,567.0499877929688,567.0,567.0499877929688,567.0499877929688,37933
2023-11-17 11:52:00+05:30,567.0,567.0499877929688,566.8499755859375,566.9000244140625,566.9000244140625,37756
2023-11-17 11:53:00+05:30,566.8499755859375,566.9500122070312,566.7000122070312,566.7000122070312,566.7000122070312,34715
2023-11-17 11:54:00+05:30,566.7000122070312,566.75,566.5,566.6500244140625,566.6500244140625,44151
2023-11-17 11:55:00+05:30,566.6500244140625,566.7000122070312,566.5499877929688,566.6500244140625,566.6500244140625,51751
2023-11-17 11:56:00+05:30,566.6500244140625,566.6500244140625,566.5,566.5499877929688,566.5499877929688,41701
2023-11-17 11:57:00+05:30,566.5499877929688,566.5999755859375,566.5,566.5,566.5,45811
2023-11-17 11:58:00+05:30,567.0,567.0499877929688,566.5,566.5499877929688,566.5499877929688,129429
2023-11-17 11:59:00+05:30,566.5999755859375,566.6500244140625,566.1500244140625,566.25,566.25,76398
2023-11-17 12:00:00+05:30,566.25,566.6500244140625,566.0999755859375,566.25,566.25,81422
2023-11-17 12:01:00+05:30,566.2000122070312,566.4000244140625,566.2000122070312,566.3499755859375,566.3499755859375,41348
2023-11-17 12:02:00+05:30,566.2999877929688,566.4000244140625,566.0999755859375,566.1500244140625,566.1500244140625,56411
2023-11-17 12:03:00+05:30,566.0999755859375,566.4000244140625,566.0999755859375,566.3499755859375,566.3499755859375,52668
2023-11-17 12:04:00+05:30,566.2999877929688,566.4000244140625,566.0999755859375,566.2000122070312,566.2000122070312,46616
2023-11-17 12:05:00+05:30,566.2000122070312,566.2000122070312,566.0999755859375,566.1500244140625,566.1500244140625,38891
2023-11-17 12:06:00+05:30,566.0999755859375,566.2000122070312,566.0999755859375,566.0999755859375,566.0999755859375,40819
2023-11-17 12:07:00+05:30,566.0999755859375,566.2999877929688,566.0999755859375,566.25,566.25,51675
2023-11-17 12:08:00+05:30,566.25,566.2999877929688,566.0999755859375,566.2000122070312,566.2000122070312,43689
2023-11-17 12:09:00+05:30,566.0999755859375,566.25,566.0999755859375,566.1500244140625,566.1500244140625,62012
2023-11-17 12:10:00+05:30,566.0999755859375,566.6500244140625,566.0999755859375,566.2999877929688,566.2999877929688,74212
2023-11-17 12:11:00+05:30,566.25,566.2999877929688,566.0,566.0,566.0,154140
2023-11-17 12:12:00+05:30,566.0,566.1500244140625,566.0,566.0499877929688,566.0499877929688,96643
2023-11-17 12:13:00+05:30,566.0,566.1500244140625,566.0,566.0999755859375,566.0999755859375,50187
2023-11-17 12:14:00+05:30,566.0999755859375,566.1500244140625,566.0,566.0,566.0,46925
2023-11-17 12:15:00+05:30,566.0,566.0999755859375,565.7999877929688,565.7999877929688,565.7999877929688,64795
2023-11-17 12:16:00+05:30,565.8499755859375,565.9500122070312,565.75,565.75,565.75,41427
2023-11-17 12:17:00+05:30,565.75,566.0,565.7000122070312,565.7999877929688,565.7999877929688,60122
2023-11-17 12:18:00+05:30,565.7999877929688,566.0499877929688,565.7999877929688,565.9500122070312,565.9500122070312,29047
2023-11-17 12:19:00+05:30,565.9000244140625,566.0,565.7999877929688,565.9000244140625,565.9000244140625,38183
2023-11-17 12:20:00+05:30,565.9000244140625,565.9500122070312,565.7999877929688,565.8499755859375,565.8499755859375,32285
2023-11-17 12:21:00+05:30,565.8499755859375,565.8499755859375,565.5499877929688,565.5999755859375,565.5999755859375,44101
2023-11-17 12:22:00+05:30,565.5499877929688,565.7000122070312,565.5,565.5,565.5,57999
2023-11-17 12:23:00+05:30,565.5499877929688,565.5999755859375,565.5,565.5499877929688,565.5499877929688,47999
2023-11-17 12:24:00+05:30,565.5499877929688,565.5999755859375,565.3499755859375,565.4000244140625,565.4000244140625,51152
2023-11-17 12:25:00+05:30,565.3499755859375,565.4500122070312,565.2000122070312,565.25,565.25,94806
2023-11-17 12:26:00+05:30,565.25,565.3499755859375,565.0499877929688,565.0999755859375,565.0999755859375,94475
2023-11-17 12:27:00+05:30,565.0999755859375,565.5499877929688,565.0499877929688,565.4500122070312,565.4500122070312,95089
2023-11-17 12:28:00+05:30,565.25,565.5499877929688,565.2000122070312,565.4500122070312,565.4500122070312,57661
2023-11-17 12:29:00+05:30,565.2999877929688,565.5,565.25,565.4000244140625,565.4000244140625,68240
2023-11-17 12:30:00+05:30,565.4500122070312,565.5499877929688,565.3499755859375,565.4000244140625,565.4000244140625,86329
2023-11-17 12:31:00+05:30,565.2999877929688,565.4500122070312,565.2999877929688,565.3499755859375,565.3499755859375,76561
2023-11-17 12:32:00+05:30,565.4000244140625,565.6500244140625,565.2999877929688,565.4000244140625,565.4000244140625,79446
2023-11-17 12:33:00+05:30,565.3499755859375,565.4500122070312,565.2000122070312,565.2999877929688,565.2999877929688,100247
2023-11-17 12:34:00+05:30,565.2999877929688,565.2999877929688,565.0999755859375,565.1500244140625,565.1500244140625,63939
2023-11-17 12:35:00+05:30,565.1500244140625,565.2999877929688,565.0999755859375,565.2000122070312,565.2000122070312,69470
2023-11-17 12:36:00+05:30,565.2000122070312,565.5499877929688,565.1500244140625,565.2999877929688,565.2999877929688,64471
2023-11-17 12:37:00+05:30,565.2999877929688,565.5,565.2000122070312,565.4500122070312,565.4500122070312,59456
2023-11-17 12:38:00+05:30,565.5999755859375,565.5999755859375,565.3499755859375,565.4000244140625,565.4000244140625,69724
2023-11-17 12:39:00+05:30,565.4000244140625,565.5,565.2999877929688,565.4000244140625,565.4000244140625,71615
2023-11-17 12:40:00+05:30,565.4500122070312,565.4500122070312,565.25,565.3499755859375,565.3499755859375,55913
2023-11-17 12:41:00+05:30,565.2999877929688,565.3499755859375,565.1500244140625,565.3499755859375,565.3499755859375,72496
2023-11-17 12:42:00+05:30,565.2999877929688,565.7000122070312,565.1500244140625,565.4000244140625,565.4000244140625,112155
2023-11-17 12:43:00+05:30,565.4000244140625,565.5999755859375,565.2999877929688,565.4500122070312,565.4500122070312,93840
2023-11-17 12:44:00+05:30,565.4500122070312,565.7000122070312,565.2999877929688,565.4000244140625,565.4000244140625,74372
2023-11-17 12:45:00+05:30,565.4000244140625,565.7999877929688,565.4000244140625,565.4000244140625,565.4000244140625,131615
2023-11-17 12:46:00+05:30,565.4000244140625,565.5,565.2999877929688,565.3499755859375,565.3499755859375,61910
2023-11-17 12:47:00+05:30,565.4000244140625,565.4000244140625,565.25,565.2999877929688,565.2999877929688,64720
2023-11-17 12:48:00+05:30,565.25,565.4000244140625,565.0999755859375,565.2000122070312,565.2000122070312,61032
2023-11-17 12:49:00+05:30,565.1500244140625,565.2000122070312,565.0499877929688,565.0499877929688,565.0499877929688,64568
2023-11-17 12:50:00+05:30,565.0499877929688,565.1500244140625,565.0,565.0499877929688,565.0499877929688,90432
2023-11-17 12:51:00+05:30,565.0499877929688,565.1500244140625,565.0,565.1500244140625,565.1500244140625,61638
2023-11-17 12:52:00+05:30,565.1500244140625,565.2000122070312,565.0,565.0999755859375,565.0999755859375,62105
2023-11-17 12:53:00+05:30,565.0999755859375,565.2999877929688,565.0499877929688,565.0999755859375,565.0999755859375,46239
2023-11-17 12:54:00+05:30,565.0499877929688,565.2000122070312,564.6500244140625,564.7999877929688,564.7999877929688,630833
2023-11-17 12:55:00+05:30,564.7000122070312,564.75,564.5999755859375,564.75,564.75,66700
2023-11-17 12:56:00+05:30,564.7000122070312,564.75,564.5,564.5,564.5,60709
2023-11-17 12:57:00+05:30,564.5499877929688,564.7000122070312,564.5,564.7000122070312,564.7000122070312,63441
2023-11-17 12:58:00+05:30,564.6500244140625,564.9500122070312,564.6500244140625,564.7000122070312,564.7000122070312,32473
2023-11-17 12:59:00+05:30,564.7000122070312,564.7999877929688,564.6500244140625,564.7000122070312,564.7000122070312,39864
2023-11-17 13:00:00+05:30,564.6500244140625,564.7999877929688,564.5999755859375,564.7000122070312,564.7000122070312,53228
2023-11-17 13:01:00+05:30,564.6500244140625,564.8499755859375,564.5999755859375,564.7000122070312,564.7000122070312,64784
2023-11-17 13:02:00+05:30,564.7999877929688,564.8499755859375,564.7000122070312,564.7000122070312,564.7000122070312,46672
2023-11-17 13:03:00+05:30,564.7999877929688,564.7999877929688,564.5999755859375,564.7000122070312,564.7000122070312,52291
2023-11-17 13:04:00+05:30,564.6500244140625,564.7999877929688,564.5999755859375,564.75,564.75,51419
2023-11-17 13:05:00+05:30,564.7000122070312,564.75,564.6500244140625,564.7000122070312,564.7000122070312,66447
2023-11-17 13:06:00+05:30,564.75,564.7999877929688,564.6500244140625,564.75,564.75,71594
2023-11-17 13:07:00+05:30,564.7000122070312,564.7999877929688,564.5999755859375,564.7000122070312,564.7000122070312,74550
2023-11-17 13:08:00+05:30,564.7000122070312,564.8499755859375,564.6500244140625,564.7999877929688,564.7999877929688,99171
2023-11-17 13:09:00+05:30,564.7999877929688,565.0,564.75,564.7999877929688,564.7999877929688,74433
2023-11-17 13:10:00+05:30,564.7999877929688,564.7999877929688,564.7000122070312,564.7000122070312,564.7000122070312,54919
2023-11-17 13:11:00+05:30,564.7000122070312,564.7999877929688,564.7000122070312,564.75,564.75,62625
2023-11-17 13:12:00+05:30,564.75,564.7999877929688,564.5999755859375,564.6500244140625,564.6500244140625,73937
2023-11-17 13:13:00+05:30,564.7000122070312,564.7000122070312,564.5999755859375,564.6500244140625,564.6500244140625,53065
2023-11-17 13:14:00+05:30,564.7000122070312,564.7000122070312,564.5,564.5499877929688,564.5499877929688,52871
2023-11-17 13:15:00+05:30,564.5499877929688,564.7000122070312,564.5,564.7000122070312,564.7000122070312,76155
2023-11-17 13:16:00+05:30,564.7000122070312,564.7000122070312,564.5,564.5999755859375,564.5999755859375,59698
2023-11-17 13:17:00+05:30,564.5999755859375,564.5999755859375,564.4500122070312,564.4500122070312,564.4500122070312,107470
2023-11-17 13:18:00+05:30,564.4500122070312,564.5499877929688,564.2999877929688,564.3499755859375,564.3499755859375,74251
2023-11-17 13:19:00+05:30,564.2999877929688,564.4000244140625,564.2000122070312,564.2999877929688,564.2999877929688,77881
2023-11-17 13:20:00+05:30,564.3499755859375,564.4000244140625,564.2000122070312,564.3499755859375,564.3499755859375,63136
2023-11-17 13:21:00+05:30,564.3499755859375,564.3499755859375,564.2000122070312,564.2999877929688,564.2999877929688,67750
2023-11-17 13:22:00+05:30,564.3499755859375,564.5499877929688,564.3499755859375,564.4500122070312,564.4500122070312,73953
2023-11-17 13:23:00+05:30,564.4000244140625,564.5,564.3499755859375,564.3499755859375,564.3499755859375,48495
2023-11-17 13:24:00+05:30,564.4500122070312,564.5,564.3499755859375,564.4500122070312,564.4500122070312,49390
2023-11-17 13:25:00+05:30,564.4500122070312,564.5,564.2999877929688,564.3499755859375,564.3499755859375,56072
2023-11-17 13:26:00+05:30,564.3499755859375,564.3499755859375,564.0999755859375,564.25,564.25,64283
2023-11-17 13:27:00+05:30,564.1500244140625,564.3499755859375,564.0999755859375,564.2999877929688,564.2999877929688,55082
2023-11-17 13:28:00+05:30,564.25,564.3499755859375,564.0499877929688,564.1500244140625,564.1500244140625,75064
2023-11-17 13:29:00+05:30,564.2000122070312,564.2000122070312,564.0,564.0999755859375,564.0999755859375,92849
2023-11-17 13:30:00+05:30,564.0499877929688,564.0999755859375,564.0,564.0499877929688,564.0499877929688,68544
2023-11-17 13:31:00+05:30,564.0499877929688,564.25,564.0,564.25,564.25,86245
2023-11-17 13:32:00+05:30,564.2999877929688,564.4500122070312,564.0999755859375,564.25,564.25,46438
2023-11-17 13:33:00+05:30,564.25,564.2999877929688,564.0999755859375,564.1500244140625,564.1500244140625,49051
2023-11-17 13:34:00+05:30,564.2000122070312,564.4000244140625,564.0999755859375,564.1500244140625,564.1500244140625,55381
2023-11-17 13:35:00+05:30,564.1500244140625,564.2999877929688,564.0499877929688,564.0499877929688,564.0499877929688,57952
2023-11-17 13:36:00+05:30,564.0999755859375,564.25,564.0,564.0999755859375,564.0999755859375,45351
2023-11-17 13:37:00+05:30,564.0,564.2000122070312,564.0,564.0499877929688,564.0499877929688,65829
2023-11-17 13:38:00+05:30,564.0,564.2999877929688,564.0,564.2000122070312,564.2000122070312,63098
2023-11-17 13:39:00+05:30,564.1500244140625,564.4000244140625,564.1500244140625,564.25,564.25,54595
2023-11-17 13:40:00+05:30,564.1500244140625,564.3499755859375,564.1500244140625,564.2999877929688,564.2999877929688,55154
2023-11-17 13:41:00+05:30,564.3499755859375,564.3499755859375,564.0,564.0,564.0,140388
2023-11-17 13:42:00+05:30,564.0,564.0499877929688,563.9000244140625,563.9500122070312,563.9500122070312,80376
2023-11-17 13:43:00+05:30,564.0,564.0499877929688,563.9000244140625,563.9000244140625,563.9000244140625,43728
2023-11-17 13:44:00+05:30,564.0,564.0499877929688,563.7999877929688,564.0499877929688,564.0499877929688,80929
2023-11-17 13:45:00+05:30,564.0,564.1500244140625,564.0,564.0499877929688,564.0499877929688,60519
2023-11-17 13:46:00+05:30,564.0499877929688,564.5,564.0,564.2999877929688,564.2999877929688,52225
2023-11-17 13:47:00+05:30,564.3499755859375,564.4500122070312,564.2000122070312,564.2000122070312,564.2000122070312,53666
2023-11-17 13:48:00+05:30,564.25,564.3499755859375,564.0,564.0,564.0,68455
2023-11-17 13:49:00+05:30,564.0499877929688,564.3499755859375,564.0,564.2000122070312,564.2000122070312,61969
2023-11-17 13:50:00+05:30,564.1500244140625,564.2000122070312,563.9000244140625,564.0499877929688,564.0499877929688,53035
2023-11-17 13:51:00+05:30,564.0499877929688,564.1500244140625,563.8499755859375,563.8499755859375,563.8499755859375,51951
2023-11-17 13:52:00+05:30,563.8499755859375,563.9000244140625,563.75,563.75,563.75,73389
2023-11-17 13:53:00+05:30,563.75,563.7999877929688,563.5,563.6500244140625,563.6500244140625,90275
2023-11-17 13:54:00+05:30,563.6500244140625,563.75,563.5,563.5499877929688,563.5499877929688,48111
2023-11-17 13:55:00+05:30,563.5499877929688,563.6500244140625,563.5,563.5499877929688,563.5499877929688,66153
2023-11-17 13:56:00+05:30,563.5499877929688,563.6500244140625,563.5,563.5499877929688,563.5499877929688,51069
2023-11-17 13:57:00+05:30,563.5499877929688,563.5499877929688,563.4500122070312,563.5,563.5,62572
2023-11-17 13:58:00+05:30,563.4500122070312,563.5499877929688,563.25,563.25,563.25,66494
2023-11-17 13:59:00+05:30,563.2999877929688,563.4000244140625,563.0999755859375,563.2000122070312,563.2000122070312,114016
2023-11-17 14:00:00+05:30,563.1500244140625,563.75,563.1500244140625,563.5,563.5,95407
2023-11-17 14:01:00+05:30,563.7000122070312,563.7000122070312,563.3499755859375,563.5499877929688,563.5499877929688,56803
2023-11-17 14:02:00+05:30,563.5499877929688,563.8499755859375,563.4500122070312,563.75,563.75,87564
2023-11-17 14:03:00+05:30,563.7999877929688,564.0999755859375,563.7000122070312,563.8499755859375,563.8499755859375,86150
2023-11-17 14:04:00+05:30,563.8499755859375,564.0,563.7999877929688,563.8499755859375,563.8499755859375,66985
2023-11-17 14:05:00+05:30,563.8499755859375,563.9500122070312,563.7000122070312,563.8499755859375,563.8499755859375,55354
2023-11-17 14:06:00+05:30,563.7999877929688,564.0999755859375,563.75,563.9500122070312,563.9500122070312,75492
2023-11-17 14:07:00+05:30,563.9000244140625,564.25,563.8499755859375,564.2000122070312,564.2000122070312,83425
2023-11-17 14:08:00+05:30,564.25,564.25,564.0499877929688,564.25,564.25,59045
2023-11-17 14:09:00+05:30,564.2000122070312,564.3499755859375,564.0999755859375,564.25,564.25,85725
2023-11-17 14:10:00+05:30,564.25,564.2999877929688,564.0999755859375,564.2000122070312,564.2000122070312,63206
2023-11-17 14:11:00+05:30,564.2000122070312,564.5,564.1500244140625,564.4500122070312,564.4500122070312,79787
2023-11-17 14:12:00+05:30,564.4000244140625,564.6500244140625,564.3499755859375,564.5499877929688,564.5499877929688,112134
2023-11-17 14:13:00+05:30,564.4500122070312,564.75,564.4000244140625,564.5999755859375,564.5999755859375,80719
2023-11-17 14:14:00+05:30,564.5999755859375,564.6500244140625,564.2999877929688,564.2999877929688,564.2999877929688,75376
2023-11-17 14:15:00+05:30,564.25,564.5,564.25,564.4500122070312,564.4500122070312,88839
2023-11-17 14:16:00+05:30,564.2999877929688,564.4500122070312,564.0999755859375,564.1500244140625,564.1500244140625,75024
2023-11-17 14:17:00+05:30,564.25,564.25,564.0499877929688,564.1500244140625,564.1500244140625,71712
2023-11-17 14:18:00+05:30,564.1500244140625,564.3499755859375,564.0499877929688,564.0999755859375,564.0999755859375,59133
2023-11-17 14:19:00+05:30,564.2999877929688,564.5499877929688,564.0999755859375,564.3499755859375,564.3499755859375,73830
2023-11-17 14:20:00+05:30,564.2999877929688,564.3499755859375,564.2000122070312,564.25,564.25,55698
2023-11-17 14:21:00+05:30,564.2000122070312,564.25,564.0,564.0499877929688,564.0499877929688,59078
2023-11-17 14:22:00+05:30,564.0499877929688,564.0499877929688,563.7999877929688,563.9000244140625,563.9000244140625,101453
2023-11-17 14:23:00+05:30,563.7999877929688,563.9000244140625,563.75,563.75,563.75,52074
2023-11-17 14:24:00+05:30,563.75,564.1500244140625,563.75,564.0499877929688,564.0499877929688,62341
2023-11-17 14:25:00+05:30,563.9500122070312,564.0999755859375,563.7999877929688,563.9500122070312,563.9500122070312,79069
2023-11-17 14:26:00+05:30,563.9000244140625,564.0999755859375,563.8499755859375,564.0999755859375,564.0999755859375,81453
2023-11-17 14:27:00+05:30,564.0499877929688,564.2999877929688,563.9000244140625,564.25,564.25,51765
2023-11-17 14:28:00+05:30,564.1500244140625,564.2999877929688,563.8499755859375,564.0499877929688,564.0499877929688,80472
2023-11-17 14:29:00+05:30,564.0499877929688,564.1500244140625,563.7999877929688,563.8499755859375,563.8499755859375,56340
2023-11-17 14:30:00+05:30,563.7999877929688,563.9500122070312,563.7000122070312,563.7999877929688,563.7999877929688,50496
2023-11-17 14:31:00+05:30,563.7999877929688,563.7999877929688,563.6500244140625,563.7000122070312,563.7000122070312,71400
2023-11-17 14:32:00+05:30,563.7000122070312,563.75,563.5,563.5999755859375,563.5999755859375,67444
2023-11-17 14:33:00+05:30,563.5499877929688,563.7000122070312,563.5,563.5,563.5,61947
2023-11-17 14:34:00+05:30,563.5499877929688,563.5999755859375,563.4000244140625,563.5499877929688,563.5499877929688,79041
2023-11-17 14:35:00+05:30,563.5,563.9000244140625,563.4000244140625,563.6500244140625,563.6500244140625,115752
2023-11-17 14:36:00+05:30,563.6500244140625,563.6500244140625,563.4000244140625,563.4500122070312,563.4500122070312,75820
2023-11-17 14:37:00+05:30,563.4000244140625,563.9000244140625,563.4000244140625,563.5999755859375,563.5999755859375,100820
2023-11-17 14:38:00+05:30,563.5,563.7000122070312,563.4000244140625,563.5999755859375,563.5999755859375,99794
2023-11-17 14:39:00+05:30,563.5499877929688,563.75,563.4000244140625,563.5499877929688,563.5499877929688,91404
2023-11-17 14:40:00+05:30,563.4000244140625,563.5499877929688,563.3499755859375,563.4500122070312,563.4500122070312,70162
2023-11-17 14:41:00+05:30,563.4000244140625,563.5,563.2999877929688,563.4500122070312,563.4500122070312,79144
2023-11-17 14:42:00+05:30,563.4000244140625,563.4000244140625,563.1500244140625,563.2000122070312,563.2000122070312,83927
2023-11-17 14:43:00+05:30,563.5499877929688,563.5999755859375,563.25,563.5499877929688,563.5499877929688,91785
2023-11-17 14:44:00+05:30,563.5,564.0999755859375,563.3499755859375,564.0,564.0,149529
2023-11-17 14:45:00+05:30,564.0499877929688,564.0999755859375,563.5999755859375,563.8499755859375,563.8499755859375,166640
2023-11-17 14:46:00+05:30,563.8499755859375,564.0,563.5,563.5,563.5,92136
2023-11-17 14:47:00+05:30,563.5,563.75,563.5,563.5999755859375,563.5999755859375,82185
2023-11-17 14:48:00+05:30,563.5499877929688,563.7999877929688,563.4500122070312,563.5499877929688,563.5499877929688,65832
2023-11-17 14:49:00+05:30,563.5499877929688,563.7000122070312,563.3499755859375,563.5999755859375,563.5999755859375,87254
2023-11-17 14:50:00+05:30,563.4500122070312,563.7000122070312,563.2999877929688,563.4000244140625,563.4000244140625,116953
2023-11-17 14:51:00+05:30,563.4500122070312,563.5999755859375,563.1500244140625,563.2000122070312,563.2000122070312,109494
2023-11-17 14:52:00+05:30,563.0999755859375,563.4000244140625,563.0999755859375,563.3499755859375,563.3499755859375,95772
2023-11-17 14:53:00+05:30,563.2999877929688,563.4000244140625,563.0,563.0999755859375,563.0999755859375,324428
2023-11-17 14:54:00+05:30,563.0,563.4000244140625,563.0,563.2999877929688,563.2999877929688,79750
2023-11-17 14:55:00+05:30,563.2999877929688,563.4000244140625,563.1500244140625,563.1500244140625,563.1500244140625,58901
2023-11-17 14:56:00+05:30,563.2000122070312,563.2999877929688,563.0999755859375,563.2000122070312,563.2000122070312,58448
2023-11-17 14:57:00+05:30,563.1500244140625,563.5499877929688,563.0999755859375,563.4500122070312,563.4500122070312,85295
2023-11-17 14:58:00+05:30,563.2999877929688,563.5,563.1500244140625,563.4000244140625,563.4000244140625,75284
2023-11-17 14:59:00+05:30,563.25,563.4500122070312,563.1500244140625,563.2000122070312,563.2000122070312,65559
2023-11-17 15:00:00+05:30,563.2000122070312,563.4500122070312,563.0499877929688,563.3499755859375,563.3499755859375,107020
2023-11-17 15:01:00+05:30,563.25,563.4500122070312,563.1500244140625,563.4500122070312,563.4500122070312,58720
2023-11-17 15:02:00+05:30,563.2999877929688,563.5999755859375,563.2999877929688,563.5,563.5,102945
2023-11-17 15:03:00+05:30,563.4000244140625,563.7000122070312,563.4000244140625,563.6500244140625,563.6500244140625,127726
2023-11-17 15:04:00+05:30,563.6500244140625,563.6500244140625,563.4500122070312,563.5999755859375,563.5999755859375,107632
2023-11-17 15:05:00+05:30,563.5999755859375,563.7000122070312,563.4500122070312,563.4500122070312,563.4500122070312,76541
2023-11-17 15:06:00+05:30,563.4500122070312,563.6500244140625,563.2999877929688,563.5499877929688,563.5499877929688,99275
2023-11-17 15:07:00+05:30,563.5,563.5999755859375,563.3499755859375,563.3499755859375,563.3499755859375,97355
2023-11-17 15:08:00+05:30,563.4500122070312,563.5999755859375,563.2999877929688,563.5,563.5,99990
2023-11-17 15:09:00+05:30,563.5,563.5999755859375,563.2999877929688,563.5,563.5,126549
2023-11-17 15:10:00+05:30,563.7000122070312,563.8499755859375,563.4000244140625,563.5499877929688,563.5499877929688,147906
2023-11-17 15:11:00+05:30,563.5499877929688,563.5999755859375,563.2000122070312,563.2000122070312,563.2000122070312,103841
2023-11-17 15:12:00+05:30,563.2000122070312,563.3499755859375,563.0999755859375,563.1500244140625,563.1500244140625,87426
2023-11-17 15:13:00+05:30,563.1500244140625,563.2000122070312,563.0,563.0999755859375,563.0999755859375,109500
2023-11-17 15:14:00+05:30,563.2000122070312,563.4000244140625,563.0,563.4000244140625,563.4000244140625,158358
2023-11-17 15:15:00+05:30,563.4000244140625,563.75,563.1500244140625,563.5499877929688,563.5499877929688,233445
2023-11-17 15:16:00+05:30,563.5999755859375,563.5999755859375,563.1500244140625,563.3499755859375,563.3499755859375,148238
2023-11-17 15:17:00+05:30,563.4000244140625,563.4000244140625,563.0,563.0499877929688,563.0499877929688,210420
2023-11-17 15:18:00+05:30,563.0499877929688,563.1500244140625,562.7999877929688,562.9000244140625,562.9000244140625,216129
2023-11-17 15:19:00+05:30,562.9500122070312,563.0499877929688,562.9000244140625,563.0,563.0,145743
2023-11-17 15:20:00+05:30,563.0,563.1500244140625,562.5,562.7000122070312,562.7000122070312,448151
2023-11-17 15:21:00+05:30,562.7000122070312,563.0,562.5999755859375,563.0,563.0,162368
2023-11-17 15:22:00+05:30,563.0,563.0999755859375,562.75,563.0,563.0,175908
2023-11-17 15:23:00+05:30,563.0499877929688,563.0999755859375,562.9500122070312,563.0999755859375,563.0999755859375,146007
2023-11-17 15:24:00+05:30,563.0999755859375,563.2000122070312,562.8499755859375,563.0,563.0,170263
2023-11-17 15:25:00+05:30,562.9500122070312,563.0499877929688,562.5,562.8499755859375,562.8499755859375,295397
2023-11-17 15:26:00+05:30,562.7999877929688,562.9500122070312,562.5,562.9000244140625,562.9000244140625,308827
2023-11-17 15:27:00+05:30,562.8499755859375,562.9000244140625,562.4500122070312,562.4500122070312,562.4500122070312,264516
2023-11-17 15:28:00+05:30,562.5,562.6500244140625,562.4000244140625,562.5499877929688,562.5499877929688,214604
2023-11-17 15:29:00+05:30,562.5499877929688,562.9000244140625,562.5,562.9000244140625,562.9000244140625,119861
Datetime,Open,High,Low,Close,Adj Close,Volume
2023-11-20 09:15:00+05:30,563.7000122070312,563.7000122070312,561.25,562.5999755859375,562.5999755859375,0
2023-11-20 09:16:00+05:30,562.25,562.8499755859375,562.0999755859375,562.2000122070312,562.2000122070312,146824
2023-11-20 09:17:00+05:30,562.25,563.0,561.8499755859375,563.0,563.0,100719
2023-11-20 09:18:00+05:30,563.0,566.0,562.7999877929688,565.9500122070312,565.9500122070312,165570
2023-11-20 09:19:00+05:30,565.7000122070312,565.8499755859375,565.2000122070312,565.7999877929688,565.7999877929688,107327
2023-11-20 09:20:00+05:30,565.8499755859375,566.4000244140625,565.1500244140625,565.5,565.5,189546
2023-11-20 09:21:00+05:30,565.4500122070312,565.5,564.75,565.2999877929688,565.2999877929688,124468
2023-11-20 09:22:00+05:30,565.3499755859375,565.4500122070312,564.75,565.0,565.0,69167
2023-11-20 09:23:00+05:30,564.9500122070312,564.9500122070312,564.7000122070312,564.75,564.75,84098
2023-11-20 09:24:00+05:30,564.7000122070312,565.0,564.5,564.9000244140625,564.9000244140625,76195
2023-11-20 09:25:00+05:30,564.7999877929688,564.9500122070312,564.7999877929688,564.9500122070312,564.9500122070312,544
2023-11-20 09:27:00+05:30,565.3499755859375,565.5,565.0999755859375,565.4500122070312,565.4500122070312,114077
2023-11-20 09:28:00+05:30,565.4500122070312,565.5999755859375,565.2999877929688,565.5,565.5,26746
2023-11-20 09:29:00+05:30,565.5,565.9500122070312,565.4500122070312,565.8499755859375,565.8499755859375,38150
2023-11-20 09:30:00+05:30,565.8499755859375,565.8499755859375,565.5,565.6500244140625,565.6500244140625,24018
2023-11-20 09:31:00+05:30,565.6500244140625,565.7999877929688,564.75,564.9500122070312,564.9500122070312,46992
2023-11-20 09:32:00+05:30,564.75,565.1500244140625,564.5999755859375,564.7000122070312,564.7000122070312,37241
2023-11-20 09:33:00+05:30,564.6500244140625,565.2000122070312,564.6500244140625,565.0,565.0,16504
2023-11-20 09:34:00+05:30,565.2000122070312,565.2999877929688,564.7999877929688,564.9000244140625,564.9000244140625,23320
2023-11-20 09:35:00+05:30,564.9000244140625,565.2000122070312,564.7999877929688,564.9500122070312,564.9500122070312,18616
2023-11-20 09:36:00+05:30,565.0,565.0,564.5,564.5,564.5,26251
2023-11-20 09:37:00+05:30,564.7000122070312,565.0,564.5,564.75,564.75,20029
2023-11-20 09:38:00+05:30,564.75,565.4500122070312,564.7000122070312,565.25,565.25,40569
2023-11-20 09:39:00+05:30,565.1500244140625,565.3499755859375,564.8499755859375,565.2000122070312,565.2000122070312,39805
2023-11-20 09:40:00+05:30,565.0,565.25,564.8499755859375,565.2000122070312,565.2000122070312,22595
2023-11-20 09:41:00+05:30,565.0499877929688,565.3499755859375,565.0,565.2000122070312,565.2000122070312,21815
2023-11-20 09:42:00+05:30,565.2000122070312,565.25,564.7999877929688,565.0,565.0,37114
2023-11-20 09:43:00+05:30,564.8499755859375,565.2000122070312,564.7000122070312,565.0,565.0,45055
2023-11-20 09:44:00+05:30,565.2000122070312,565.25,565.0,565.0499877929688,565.0499877929688,13511
2023-11-20 09:45:00+05:30,565.2000122070312,565.25,565.0499877929688,565.2000122070312,565.2000122070312,15447
2023-11-20 09:46:00+05:30,565.0499877929688,565.25,565.0499877929688,565.0499877929688,565.0499877929688,11904
2023-11-20 09:47:00+05:30,565.1500244140625,565.1500244140625,564.75,564.9000244140625,564.9000244140625,30427
2023-11-20 09:48:00+05:30,564.9000244140625,565.0,564.6500244140625,564.8499755859375,564.8499755859375,12620
2023-11-20 09:49:00+05:30,564.7999877929688,564.9000244140625,564.6500244140625,564.9000244140625,564.9000244140625,19087
2023-11-20 09:50:00+05:30,564.8499755859375,565.25,564.7999877929688,565.0499877929688,565.0499877929688,30108
2023-11-20 09:51:00+05:30,565.0999755859375,565.2999877929688,565.0499877929688,565.2000122070312,565.2000122070312,18860
2023-11-20 09:52:00+05:30,565.1500244140625,565.25,565.1500244140625,565.1500244140625,565.1500244140625,5726
2023-11-20 09:53:00+05:30,565.1500244140625,565.1500244140625,564.75,564.7999877929688,564.7999877929688,14524
2023-11-20 09:54:00+05:30,564.7999877929688,564.8499755859375,564.2999877929688,564.4000244140625,564.4000244140625,44139
2023-11-20 09:55:00+05:30,564.2999877929688,564.5499877929688,564.2999877929688,564.3499755859375,564.3499755859375,28080
2023-11-20 09:56:00+05:30,564.3499755859375,564.7999877929688,564.2999877929688,564.75,564.75,14573
2023-11-20 09:57:00+05:30,564.5999755859375,565.0,564.5999755859375,564.7999877929688,564.7999877929688,17567
2023-11-20 09:58:00+05:30,564.8499755859375,564.9500122070312,564.5999755859375,564.75,564.75,12395
2023-11-20 09:59:00+05:30,564.5999755859375,564.75,564.5,564.5999755859375,564.5999755859375,26096
2023-11-20 10:00:00+05:30,564.5999755859375,565.0,564.5999755859375,564.6500244140625,564.6500244140625,12917
2023-11-20 10:01:00+05:30,564.6500244140625,565.0,564.6500244140625,564.7999877929688,564.7999877929688,10942
2023-11-20 10:02:00+05:30,564.7999877929688,564.9500122070312,564.7000122070312,564.75,564.75,6786
2023-11-20 10:03:00+05:30,564.75,564.9000244140625,564.7000122070312,564.9000244140625,564.9000244140625,14914
2023-11-20 10:04:00+05:30,564.9000244140625,564.9000244140625,564.8499755859375,564.8499755859375,564.8499755859375,8769
2023-11-20 10:05:00+05:30,564.9000244140625,565.0,564.75,564.75,564.75,75675
2023-11-20 10:06:00+05:30,564.8499755859375,564.9500122070312,564.7000122070312,564.75,564.75,9664
2023-11-20 10:07:00+05:30,564.8499755859375,565.0,564.75,564.9000244140625,564.9000244140625,25219
2023-11-20 10:08:00+05:30,565.0,565.0,564.5499877929688,564.5999755859375,564.5999755859375,45193
2023-11-20 10:09:00+05:30,564.6500244140625,564.7000122070312,564.5,564.5,564.5,14471
2023-11-20 10:10:00+05:30,564.5499877929688,564.5999755859375,564.4000244140625,564.5499877929688,564.5499877929688,12242
2023-11-20 10:11:00+05:30,564.5499877929688,564.5499877929688,564.2999877929688,564.4500122070312,564.4500122070312,28002
2023-11-20 10:12:00+05:30,564.5499877929688,564.7000122070312,564.4000244140625,564.6500244140625,564.6500244140625,20837
2023-11-20 10:13:00+05:30,564.6500244140625,564.7000122070312,564.4000244140625,564.5,564.5,23324
2023-11-20 10:14:00+05:30,564.4000244140625,564.5,564.2999877929688,564.3499755859375,564.3499755859375,15590
2023-11-20 10:15:00+05:30,564.5,564.7999877929688,564.3499755859375,564.5,564.5,32608
2023-11-20 10:16:00+05:30,564.5,564.7000122070312,564.4000244140625,564.5,564.5,25974
2023-11-20 10:17:00+05:30,564.5,564.75,564.4500122070312,564.75,564.75,20809
2023-11-20 10:18:00+05:30,564.7000122070312,564.9000244140625,564.5499877929688,564.8499755859375,564.8499755859375,20686
2023-11-20 10:19:00+05:30,564.8499755859375,565.5999755859375,564.7999877929688,565.5999755859375,565.5999755859375,48829
2023-11-20 10:20:00+05:30,565.6500244140625,566.2999877929688,565.4500122070312,566.1500244140625,566.1500244140625,143540
2023-11-20 10:21:00+05:30,566.5,566.7999877929688,566.0999755859375,566.1500244140625,566.1500244140625,97254
2023-11-20 10:22:00+05:30,566.1500244140625,566.3499755859375,565.9500122070312,566.1500244140625,566.1500244140625,56814
2023-11-20 10:23:00+05:30,566.0499877929688,566.2999877929688,566.0,566.25,566.25,39036
2023-11-20 10:24:00+05:30,566.2999877929688,566.5,566.25,566.4000244140625,566.4000244140625,32485
2023-11-20 10:25:00+05:30,566.4000244140625,566.5499877929688,566.2000122070312,566.3499755859375,566.3499755859375,27999
2023-11-20 10:26:00+05:30,566.3499755859375,566.5999755859375,566.0999755859375,566.25,566.25,46414
2023-11-20 10:27:00+05:30,566.2999877929688,566.5,566.0999755859375,566.5,566.5,24745
2023-11-20 10:28:00+05:30,566.5,566.7000122070312,566.5,566.7000122070312,566.7000122070312,61033
2023-11-20 10:29:00+05:30,566.5999755859375,566.75,566.5,566.6500244140625,566.6500244140625,67375
2023-11-20 10:30:00+05:30,566.5999755859375,566.75,566.0999755859375,566.25,566.25,53994
2023-11-20 10:31:00+05:30,566.2000122070312,566.4500122070312,566.0999755859375,566.4500122070312,566.4500122070312,30558
2023-11-20 10:32:00+05:30,566.4000244140625,566.4500122070312,566.0499877929688,566.0499877929688,566.0499877929688,39694
2023-11-20 10:33:00+05:30,566.2000122070312,566.2999877929688,566.0499877929688,566.0499877929688,566.0499877929688,21372
2023-11-20 10:34:00+05:30,566.0999755859375,566.2000122070312,566.0,566.0999755859375,566.0999755859375,29254
2023-11-20 10:35:00+05:30,566.2000122070312,566.2000122070312,565.8499755859375,565.9500122070312,565.9500122070312,30582
2023-11-20 10:36:00+05:30,565.8499755859375,566.0,565.7999877929688,565.8499755859375,565.8499755859375,11984
2023-11-20 10:37:00+05:30,565.8499755859375,566.0,565.75,565.9000244140625,565.9000244140625,16167
2023-11-20 10:38:00+05:30,565.9000244140625,566.1500244140625,565.7999877929688,566.0999755859375,566.0999755859375,30258
2023-11-20 10:39:00+05:30,566.0999755859375,566.1500244140625,565.7999877929688,565.7999877929688,565.7999877929688,19342
2023-11-20 10:40:00+05:30,565.75,565.9500122070312,565.75,565.8499755859375,565.8499755859375,14970
2023-11-20 10:41:00+05:30,565.8499755859375,565.9500122070312,565.6500244140625,565.9000244140625,565.9000244140625,20181
2023-11-20 10:42:00+05:30,565.9500122070312,565.9500122070312,565.6500244140625,565.7999877929688,565.7999877929688,18409
2023-11-20 10:43:00+05:30,565.75,565.9500122070312,565.5999755859375,565.5999755859375,565.5999755859375,21868
2023-11-20 10:44:00+05:30,565.5999755859375,566.0,565.5999755859375,565.7999877929688,565.7999877929688,16745
2023-11-20 10:45:00+05:30,565.7999877929688,565.9000244140625,565.7999877929688,565.8499755859375,565.8499755859375,13481
2023-11-20 10:46:00+05:30,565.7999877929688,565.9500122070312,565.6500244140625,565.75,565.75,10541
2023-11-20 10:47:00+05:30,565.75,565.9000244140625,565.7000122070312,565.8499755859375,565.8499755859375,18448
2023-11-20 10:48:00+05:30,565.8499755859375,565.9500122070312,565.7000122070312,565.7999877929688,565.7999877929688,19335
2023-11-20 10:49:00+05:30,565.9000244140625,566.0,565.7999877929688,565.9000244140625,565.9000244140625,29886
2023-11-20 10:50:00+05:30,565.8499755859375,566.0,565.7999877929688,566.0,566.0,23319
2023-11-20 10:51:00+05:30,565.9000244140625,566.0,565.8499755859375,566.0,566.0,17041
2023-11-20 10:52:00+05:30,566.0,566.0,565.75,565.75,565.75,24581
2023-11-20 10:53:00+05:30,565.7999877929688,565.9000244140625,565.6500244140625,565.7000122070312,565.7000122070312,19944
2023-11-20 10:54:00+05:30,565.7000122070312,565.7999877929688,565.6500244140625,565.7000122070312,565.7000122070312,16111
2023-11-20 10:55:00+05:30,565.75,565.75,565.5499877929688,565.5999755859375,565.5999755859375,19838
2023-11-20 10:56:00+05:30,565.5999755859375,565.75,565.5,565.7000122070312,565.7000122070312,30520
2023-11-20 10:57:00+05:30,565.6500244140625,565.7000122070312,565.5,565.5999755859375,565.5999755859375,18554
2023-11-20 10:58:00+05:30,565.5999755859375,565.9500122070312,565.5499877929688,565.7000122070312,565.7000122070312,28893
2023-11-20 10:59:00+05:30,565.75,566.0,565.5499877929688,565.9500122070312,565.9500122070312,19955
2023-11-20 11:00:00+05:30,566.0,566.0,565.6500244140625,565.7999877929688,565.7999877929688,26271
2023-11-20 11:01:00+05:30,565.7999877929688,565.8499755859375,565.5999755859375,565.5999755859375,565.5999755859375,14631
2023-11-20 11:02:00+05:30,565.5999755859375,565.5999755859375,565.25,565.2999877929688,565.2999877929688,26642
2023-11-20 11:03:00+05:30,565.4000244140625,565.5999755859375,565.1500244140625,565.1500244140625,565.1500244140625,22988
2023-11-20 11:04:00+05:30,565.2000122070312,565.4000244140625,565.0499877929688,565.0499877929688,565.0499877929688,35402
2023-11-20 11:05:00+05:30,565.1500244140625,565.1500244140625,564.5,564.5999755859375,564.5999755859375,73565
2023-11-20 11:06:00+05:30,564.5999755859375,564.7999877929688,564.4500122070312,564.5999755859375,564.5999755859375,62322
2023-11-20 11:07:00+05:30,564.5499877929688,564.8499755859375,564.5499877929688,564.7000122070312,564.7000122070312,15634
2023-11-20 11:08:00+05:30,564.7000122070312,564.9500122070312,564.5499877929688,564.7999877929688,564.7999877929688,21755
2023-11-20 11:09:00+05:30,564.6500244140625,564.7999877929688,564.25,564.25,564.25,36377
2023-11-20 11:10:00+05:30,564.25,564.4000244140625,564.0999755859375,564.25,564.25,28912
2023-11-20 11:11:00+05:30,564.25,564.3499755859375,563.9500122070312,563.9500122070312,563.9500122070312,66758
2023-11-20 11:12:00+05:30,564.0499877929688,564.2000122070312,563.75,564.2000122070312,564.2000122070312,50649
2023-11-20 11:13:00+05:30,564.2000122070312,564.3499755859375,564.0,564.0,564.0,21966
2023-11-20 11:14:00+05:30,564.0,564.1500244140625,563.5999755859375,563.7000122070312,563.7000122070312,32740
2023-11-20 11:15:00+05:30,563.7000122070312,563.9500122070312,563.5499877929688,563.6500244140625,563.6500244140625,36154
2023-11-20 11:16:00+05:30,563.6500244140625,563.9500122070312,563.5999755859375,563.9000244140625,563.9000244140625,15310
2023-11-20 11:17:00+05:30,563.9000244140625,563.9000244140625,563.25,563.6500244140625,563.6500244140625,66690
2023-11-20 11:18:00+05:30,563.75,563.9500122070312,563.5999755859375,563.9500122070312,563.9500122070312,24548
2023-11-20 11:19:00+05:30,563.8499755859375,564.0499877929688,563.6500244140625,563.9000244140625,563.9000244140625,16981
2023-11-20 11:20:00+05:30,563.75,564.0999755859375,563.75,563.8499755859375,563.8499755859375,21802
2023-11-20 11:21:00+05:30,564.0,564.0,563.6500244140625,563.7999877929688,563.7999877929688,18904
2023-11-20 11:22:00+05:30,563.6500244140625,563.9000244140625,563.5999755859375,563.7999877929688,563.7999877929688,13993
2023-11-20 11:23:00+05:30,563.8499755859375,563.9500122070312,563.2999877929688,563.3499755859375,563.3499755859375,62264
2023-11-20 11:24:00+05:30,563.5,563.5499877929688,563.25,563.2999877929688,563.2999877929688,13868
2023-11-20 11:25:00+05:30,563.25,563.5,563.2000122070312,563.2999877929688,563.2999877929688,22081
2023-11-20 11:26:00+05:30,563.5499877929688,563.5999755859375,563.2999877929688,563.5,563.5,20024
2023-11-20 11:27:00+05:30,563.2999877929688,563.5999755859375,563.2999877929688,563.5499877929688,563.5499877929688,13871
2023-11-20 11:28:00+05:30,563.5,564.0,563.5,564.0,564.0,40096
2023-11-20 11:29:00+05:30,564.0,564.0499877929688,563.6500244140625,564.0,564.0,20162
2023-11-20 11:30:00+05:30,564.0,564.2000122070312,563.7999877929688,563.9500122070312,563.9500122070312,18072
2023-11-20 11:31:00+05:30,563.7999877929688,564.0499877929688,563.7000122070312,563.8499755859375,563.8499755859375,18310
2023-11-20 11:32:00+05:30,563.8499755859375,564.1500244140625,563.7999877929688,564.1500244140625,564.1500244140625,15271
2023-11-20 11:33:00+05:30,564.0,564.1500244140625,563.8499755859375,564.0999755859375,564.0999755859375,24182
2023-11-20 11:34:00+05:30,564.0,564.1500244140625,563.8499755859375,564.0,564.0,13526
2023-11-20 11:35:00+05:30,564.0,564.0499877929688,563.7999877929688,563.9000244140625,563.9000244140625,13082
2023-11-20 11:36:00+05:30,563.9500122070312,564.0999755859375,563.5999755859375,563.9500122070312,563.9500122070312,19532
2023-11-20 11:37:00+05:30,563.9500122070312,563.9500122070312,563.5999755859375,563.7999877929688,563.7999877929688,14440
2023-11-20 11:38:00+05:30,563.8499755859375,563.9000244140625,563.5,563.7999877929688,563.7999877929688,17027
2023-11-20 11:39:00+05:30,563.9000244140625,564.0,563.7000122070312,563.75,563.75,18394
2023-11-20 11:40:00+05:30,563.75,564.0,563.7000122070312,563.8499755859375,563.8499755859375,22258
2023-11-20 11:41:00+05:30,563.9000244140625,564.2999877929688,563.7999877929688,564.2999877929688,564.2999877929688,18688
2023-11-20 11:42:00+05:30,564.2999877929688,564.2999877929688,563.5999755859375,563.6500244140625,563.6500244140625,28548
2023-11-20 11:43:00+05:30,563.6500244140625,564.2999877929688,563.5999755859375,564.0499877929688,564.0499877929688,20060
2023-11-20 11:44:00+05:30,564.0499877929688,564.3499755859375,564.0,564.25,564.25,22860
2023-11-20 11:45:00+05:30,564.2999877929688,564.4500122070312,564.0499877929688,564.0499877929688,564.0499877929688,17888
2023-11-20 11:46:00+05:30,564.1500244140625,564.5,564.0499877929688,564.4500122070312,564.4500122070312,31119
2023-11-20 11:47:00+05:30,564.1500244140625,564.5,564.1500244140625,564.5,564.5,13353
2023-11-20 11:48:00+05:30,564.25,564.5,564.2000122070312,564.2000122070312,564.2000122070312,18300
2023-11-20 11:49:00+05:30,564.4000244140625,564.4500122070312,564.0499877929688,564.2000122070312,564.2000122070312,20008
2023-11-20 11:50:00+05:30,564.2000122070312,564.25,564.0999755859375,564.2000122070312,564.2000122070312,9777
2023-11-20 11:51:00+05:30,564.25,564.25,564.0,564.0999755859375,564.0999755859375,14290
2023-11-20 11:52:00+05:30,564.0,564.2000122070312,564.0,564.0999755859375,564.0999755859375,14799
2023-11-20 11:53:00+05:30,564.0999755859375,564.5,564.0999755859375,564.3499755859375,564.3499755859375,29127
2023-11-20 11:54:00+05:30,564.5,564.5,564.2000122070312,564.4500122070312,564.4500122070312,16283
2023-11-20 11:55:00+05:30,564.4500122070312,564.5499877929688,564.25,564.5499877929688,564.5499877929688,18690
2023-11-20 11:56:00+05:30,564.2999877929688,564.5499877929688,564.25,564.4500122070312,564.4500122070312,17630
2023-11-20 11:57:00+05:30,564.4500122070312,564.5,564.1500244140625,564.3499755859375,564.3499755859375,23454
2023-11-20 11:58:00+05:30,564.4500122070312,564.5,564.2000122070312,564.3499755859375,564.3499755859375,23098
2023-11-20 11:59:00+05:30,564.3499755859375,564.6500244140625,564.2000122070312,564.2999877929688,564.2999877929688,21535
2023-11-20 12:00:00+05:30,564.2999877929688,564.5,564.0,564.0,564.0,41035
2023-11-20 12:01:00+05:30,564.0,564.2999877929688,564.0,564.0,564.0,12425
2023-11-20 12:02:00+05:30,564.0,564.3499755859375,564.0,564.1500244140625,564.1500244140625,16197
2023-11-20 12:03:00+05:30,564.1500244140625,564.5499877929688,564.0999755859375,564.1500244140625,564.1500244140625,16557
2023-11-20 12:04:00+05:30,564.4000244140625,564.5,564.0499877929688,564.1500244140625,564.1500244140625,17414
2023-11-20 12:05:00+05:30,564.3499755859375,564.5499877929688,564.0499877929688,564.4500122070312,564.4500122070312,32519
2023-11-20 12:06:00+05:30,564.4000244140625,564.5,564.0499877929688,564.1500244140625,564.1500244140625,11870
2023-11-20 12:07:00+05:30,564.1500244140625,564.4000244140625,564.0499877929688,564.2999877929688,564.2999877929688,22318
2023-11-20 12:08:00+05:30,564.2999877929688,564.4500122070312,564.1500244140625,564.2000122070312,564.2000122070312,11148
2023-11-20 12:09:00+05:30,564.2000122070312,564.2999877929688,564.0499877929688,564.1500244140625,564.1500244140625,19035
2023-11-20 12:10:00+05:30,564.1500244140625,564.4500122070312,564.0999755859375,564.2999877929688,564.2999877929688,19556
2023-11-20 12:11:00+05:30,564.1500244140625,564.2999877929688,564.0499877929688,564.2000122070312,564.2000122070312,21482
2023-11-20 12:12:00+05:30,564.0499877929688,564.2000122070312,564.0,564.1500244140625,564.1500244140625,11996
2023-11-20 12:13:00+05:30,564.0499877929688,564.3499755859375,564.0,564.0499877929688,564.0499877929688,18497
2023-11-20 12:14:00+05:30,564.0999755859375,564.2000122070312,563.75,563.7999877929688,563.7999877929688,19758
2023-11-20 12:15:00+05:30,564.0,564.0499877929688,563.7999877929688,563.8499755859375,563.8499755859375,20719
2023-11-20 12:16:00+05:30,564.0999755859375,564.25,563.8499755859375,564.0,564.0,25574
2023-11-20 12:17:00+05:30,564.0,564.2999877929688,563.75,564.0,564.0,37168
2023-11-20 12:18:00+05:30,563.7999877929688,564.0499877929688,563.6500244140625,563.6500244140625,563.6500244140625,27854
2023-11-20 12:19:00+05:30,563.5999755859375,563.9000244140625,563.5999755859375,563.7000122070312,563.7000122070312,61531
2023-11-20 12:20:00+05:30,563.7000122070312,563.9000244140625,563.6500244140625,563.7000122070312,563.7000122070312,23394
2023-11-20 12:21:00+05:30,563.6500244140625,564.0999755859375,563.5999755859375,563.8499755859375,563.8499755859375,34743
2023-11-20 12:22:00+05:30,564.0999755859375,564.0999755859375,563.75,563.75,563.75,18158
2023-11-20 12:23:00+05:30,564.0,564.0499877929688,563.75,564.0499877929688,564.0499877929688,31660
2023-11-20 12:24:00+05:30,564.0499877929688,564.2000122070312,563.7999877929688,564.0,564.0,26533
2023-11-20 12:25:00+05:30,564.0,564.0999755859375,563.8499755859375,564.0499877929688,564.0499877929688,25110
2023-11-20 12:26:00+05:30,564.0999755859375,564.0999755859375,563.7999877929688,563.7999877929688,563.7999877929688,21451
2023-11-20 12:27:00+05:30,563.7999877929688,564.0499877929688,563.75,563.9000244140625,563.9000244140625,26760
2023-11-20 12:28:00+05:30,563.7999877929688,564.0999755859375,563.7999877929688,563.9000244140625,563.9000244140625,36168
2023-11-20 12:29:00+05:30,563.9000244140625,564.0999755859375,563.7999877929688,563.8499755859375,563.8499755859375,24450
2023-11-20 12:30:00+05:30,563.9000244140625,564.0499877929688,563.75,563.7999877929688,563.7999877929688,40026
2023-11-20 12:31:00+05:30,563.7999877929688,564.1500244140625,563.6500244140625,563.9500122070312,563.9500122070312,32649
2023-11-20 12:32:00+05:30,563.9000244140625,564.2000122070312,563.75,563.9000244140625,563.9000244140625,22564
2023-11-20 12:33:00+05:30,563.9000244140625,564.0999755859375,563.75,563.9000244140625,563.9000244140625,26708
2023-11-20 12:34:00+05:30,563.75,564.0499877929688,563.7000122070312,563.75,563.75,20738
2023-11-20 12:35:00+05:30,563.7999877929688,563.9500122070312,563.6500244140625,563.7000122070312,563.7000122070312,31094
2023-11-20 12:36:00+05:30,563.7000122070312,563.9500122070312,563.5999755859375,563.7000122070312,563.7000122070312,26605
2023-11-20 12:37:00+05:30,563.75,563.9000244140625,563.6500244140625,563.8499755859375,563.8499755859375,26446
2023-11-20 12:38:00+05:30,563.8499755859375,563.9500122070312,563.7000122070312,563.75,563.75,35197
2023-11-20 12:39:00+05:30,563.7000122070312,563.9500122070312,563.7000122070312,563.7999877929688,563.7999877929688,24163
2023-11-20 12:40:00+05:30,563.7999877929688,564.0999755859375,563.75,564.0499877929688,564.0499877929688,23772
2023-11-20 12:41:00+05:30,563.8499755859375,564.3499755859375,563.8499755859375,564.0499877929688,564.0499877929688,29273
2023-11-20 12:42:00+05:30,564.2000122070312,564.3499755859375,564.0,564.2000122070312,564.2000122070312,21466
2023-11-20 12:43:00+05:30,564.3499755859375,564.5,564.0499877929688,564.3499755859375,564.3499755859375,24246
2023-11-20 12:44:00+05:30,564.3499755859375,564.6500244140625,564.2999877929688,564.4500122070312,564.4500122070312,38414
2023-11-20 12:45:00+05:30,564.4500122070312,564.75,564.4000244140625,564.75,564.75,30374
2023-11-20 12:46:00+05:30,564.75,564.75,564.4000244140625,564.5499877929688,564.5499877929688,15196
2023-11-20 12:47:00+05:30,564.5,564.9500122070312,564.4500122070312,564.6500244140625,564.6500244140625,27099
2023-11-20 12:48:00+05:30,564.7999877929688,565.0,564.5999755859375,564.9500122070312,564.9500122070312,47484
2023-11-20 12:49:00+05:30,564.9500122070312,565.4500122070312,564.7000122070312,565.4500122070312,565.4500122070312,68724
2023-11-20 12:50:00+05:30,565.4000244140625,565.4000244140625,565.0499877929688,565.3499755859375,565.3499755859375,21249
2023-11-20 12:51:00+05:30,565.3499755859375,565.7999877929688,565.2999877929688,565.5999755859375,565.5999755859375,45723
2023-11-20 12:52:00+05:30,565.5999755859375,565.75,565.3499755859375,565.5499877929688,565.5499877929688,27338
2023-11-20 12:53:00+05:30,565.4000244140625,566.25,565.4000244140625,566.0499877929688,566.0499877929688,86286
2023-11-20 12:54:00+05:30,565.9000244140625,566.2000122070312,565.5999755859375,565.7999877929688,565.7999877929688,51115
2023-11-20 12:55:00+05:30,565.6500244140625,565.8499755859375,565.4000244140625,565.4500122070312,565.4500122070312,63675
2023-11-20 12:56:00+05:30,565.5999755859375,565.6500244140625,565.1500244140625,565.2999877929688,565.2999877929688,32746
2023-11-20 12:57:00+05:30,565.0999755859375,565.5,565.0499877929688,565.2000122070312,565.2000122070312,28379
2023-11-20 12:58:00+05:30,565.0499877929688,565.1500244140625,565.0499877929688,565.0999755859375,565.0999755859375,17363
2023-11-20 12:59:00+05:30,565.0499877929688,565.2000122070312,565.0,565.0,565.0,27384
2023-11-20 13:00:00+05:30,565.0,565.4500122070312,565.0,565.4500122070312,565.4500122070312,24614
2023-11-20 13:01:00+05:30,565.2999877929688,565.4500122070312,565.0999755859375,565.4500122070312,565.4500122070312,25408
2023-11-20 13:02:00+05:30,565.2999877929688,565.6500244140625,565.2999877929688,565.6500244140625,565.6500244140625,18897
2023-11-20 13:03:00+05:30,565.5,565.6500244140625,565.3499755859375,565.5999755859375,565.5999755859375,20475
2023-11-20 13:04:00+05:30,565.5,565.5999755859375,565.2999877929688,565.5999755859375,565.5999755859375,22264
2023-11-20 13:05:00+05:30,565.3499755859375,565.5499877929688,565.1500244140625,565.5499877929688,565.5499877929688,39679
2023-11-20 13:06:00+05:30,565.5499877929688,565.75,565.3499755859375,565.6500244140625,565.6500244140625,26838
2023-11-20 13:07:00+05:30,565.75,565.75,565.4500122070312,565.4500122070312,565.4500122070312,13841
2023-11-20 13:08:00+05:30,565.4500122070312,565.7000122070312,565.4000244140625,565.5999755859375,565.5999755859375,19077
2023-11-20 13:09:00+05:30,565.5999755859375,565.75,565.3499755859375,565.75,565.75,29276
2023-11-20 13:10:00+05:30,565.75,565.7999877929688,565.5499877929688,565.7999877929688,565.7999877929688,19739
2023-11-20 13:11:00+05:30,565.75,565.7999877929688,565.3499755859375,565.7000122070312,565.7000122070312,21104
2023-11-20 13:12:00+05:30,565.7000122070312,565.8499755859375,565.4000244140625,565.6500244140625,565.6500244140625,22304
2023-11-20 13:13:00+05:30,565.5999755859375,565.7000122070312,565.5,565.5499877929688,565.5499877929688,11744
2023-11-20 13:14:00+05:30,565.5499877929688,565.5999755859375,565.5,565.5499877929688,565.5499877929688,15357
2023-11-20 13:15:00+05:30,565.5499877929688,565.9000244140625,565.4500122070312,565.5499877929688,565.5499877929688,40990
2023-11-20 13:16:00+05:30,565.5999755859375,565.7999877929688,565.5999755859375,565.75,565.75,16516
2023-11-20 13:17:00+05:30,565.7000122070312,565.8499755859375,565.4000244140625,565.6500244140625,565.6500244140625,42790
2023-11-20 13:18:00+05:30,565.5999755859375,565.9500122070312,565.5499877929688,565.7999877929688,565.7999877929688,24673
2023-11-20 13:19:00+05:30,565.5999755859375,565.8499755859375,565.5499877929688,565.7000122070312,565.7000122070312,20972
2023-11-20 13:20:00+05:30,565.5999755859375,565.75,565.4000244140625,565.5499877929688,565.5499877929688,19984
2023-11-20 13:21:00+05:30,565.3499755859375,565.75,565.3499755859375,565.5499877929688,565.5499877929688,20487
2023-11-20 13:22:00+05:30,565.7000122070312,565.7000122070312,565.2999877929688,565.2999877929688,565.2999877929688,13819
2023-11-20 13:23:00+05:30,565.4000244140625,565.5499877929688,565.1500244140625,565.2000122070312,565.2000122070312,21318
2023-11-20 13:24:00+05:30,565.4500122070312,565.4500122070312,565.0499877929688,565.1500244140625,565.1500244140625,26297
2023-11-20 13:25:00+05:30,565.25,565.2999877929688,565.0,565.0,565.0,35119
2023-11-20 13:26:00+05:30,565.0499877929688,565.5,565.0,565.4000244140625,565.4000244140625,41377
2023-11-20 13:27:00+05:30,565.4000244140625,565.7000122070312,565.25,565.5999755859375,565.5999755859375,37503
2023-11-20 13:28:00+05:30,565.6500244140625,565.75,565.3499755859375,565.4000244140625,565.4000244140625,22585
2023-11-20 13:29:00+05:30,565.5499877929688,565.7000122070312,565.3499755859375,565.3499755859375,565.3499755859375,30692
2023-11-20 13:30:00+05:30,565.2999877929688,565.5999755859375,565.1500244140625,565.2000122070312,565.2000122070312,39607
2023-11-20 13:31:00+05:30,565.1500244140625,565.5499877929688,565.1500244140625,565.2999877929688,565.2999877929688,19053
2023-11-20 13:32:00+05:30,565.4000244140625,565.4000244140625,565.2999877929688,565.2999877929688,565.2999877929688,41711
2023-11-20 13:33:00+05:30,565.3499755859375,565.4500122070312,565.25,565.4000244140625,565.4000244140625,18828
2023-11-20 13:34:00+05:30,565.4500122070312,565.4500122070312,565.0999755859375,565.2000122070312,565.2000122070312,19832
2023-11-20 13:35:00+05:30,565.4000244140625,565.4000244140625,565.0499877929688,565.2000122070312,565.2000122070312,21594
2023-11-20 13:36:00+05:30,565.0499877929688,565.5,565.0499877929688,565.4500122070312,565.4500122070312,31327
2023-11-20 13:37:00+05:30,565.4500122070312,565.7999877929688,565.4500122070312,565.5999755859375,565.5999755859375,32652
2023-11-20 13:38:00+05:30,565.7000122070312,565.7000122070312,565.2999877929688,565.3499755859375,565.3499755859375,25434
2023-11-20 13:39:00+05:30,565.3499755859375,565.6500244140625,565.3499755859375,565.6500244140625,565.6500244140625,24862
2023-11-20 13:40:00+05:30,565.5999755859375,565.8499755859375,565.4500122070312,565.7999877929688,565.7999877929688,30394
2023-11-20 13:41:00+05:30,565.7999877929688,565.9000244140625,565.5499877929688,565.7999877929688,565.7999877929688,24650
2023-11-20 13:42:00+05:30,565.7000122070312,565.9000244140625,565.5499877929688,565.75,565.75,42916
2023-11-20 13:43:00+05:30,565.7999877929688,565.9500122070312,565.75,565.9000244140625,565.9000244140625,12719
2023-11-20 13:44:00+05:30,565.7999877929688,566.0,565.5999755859375,566.0,566.0,37193
2023-11-20 13:45:00+05:30,566.0,566.3499755859375,565.8499755859375,566.1500244140625,566.1500244140625,70527
2023-11-20 13:46:00+05:30,566.2999877929688,566.4000244140625,566.0,566.0999755859375,566.0999755859375,37381
2023-11-20 13:47:00+05:30,566.0,566.0999755859375,565.6500244140625,565.7000122070312,565.7000122070312,41013
2023-11-20 13:48:00+05:30,565.7000122070312,566.0999755859375,565.5999755859375,566.0499877929688,566.0499877929688,24768
2023-11-20 13:49:00+05:30,565.9000244140625,566.1500244140625,565.7999877929688,566.0999755859375,566.0999755859375,37495
2023-11-20 13:50:00+05:30,566.0,566.2000122070312,565.7000122070312,565.7000122070312,565.7000122070312,31793
2023-11-20 13:51:00+05:30,565.7000122070312,565.9000244140625,565.5999755859375,565.7000122070312,565.7000122070312,21191
2023-11-20 13:52:00+05:30,565.8499755859375,566.0499877929688,565.7000122070312,565.7999877929688,565.7999877929688,23873
2023-11-20 13:53:00+05:30,565.9000244140625,566.0999755859375,565.75,565.7999877929688,565.7999877929688,50666
2023-11-20 13:54:00+05:30,566.0499877929688,566.0999755859375,565.75,565.9500122070312,565.9500122070312,75065
2023-11-20 13:55:00+05:30,565.9500122070312,565.9500122070312,565.5999755859375,565.8499755859375,565.8499755859375,32592
2023-11-20 13:56:00+05:30,565.5999755859375,565.9500122070312,565.5499877929688,565.8499755859375,565.8499755859375,34786
2023-11-20 13:57:00+05:30,565.7000122070312,565.8499755859375,565.5,565.5499877929688,565.5499877929688,21264
2023-11-20 13:58:00+05:30,565.7000122070312,565.7000122070312,565.4000244140625,565.4500122070312,565.4500122070312,16024
2023-11-20 13:59:00+05:30,565.4500122070312,565.5499877929688,565.2000122070312,565.5,565.5,31634
2023-11-20 14:00:00+05:30,565.5,565.75,565.2000122070312,565.25,565.25,25612
2023-11-20 14:01:00+05:30,565.25,565.3499755859375,565.2000122070312,565.25,565.25,44511
2023-11-20 14:02:00+05:30,565.2000122070312,565.4500122070312,565.1500244140625,565.4000244140625,565.4000244140625,34713
2023-11-20 14:03:00+05:30,565.2000122070312,565.4000244140625,565.1500244140625,565.2999877929688,565.2999877929688,16998
2023-11-20 14:04:00+05:30,565.2999877929688,565.3499755859375,565.2000122070312,565.2999877929688,565.2999877929688,19784
2023-11-20 14:05:00+05:30,565.3499755859375,565.3499755859375,565.1500244140625,565.2000122070312,565.2000122070312,29151
2023-11-20 14:06:00+05:30,565.0999755859375,565.0999755859375,564.5,564.75,564.75,59037
2023-11-20 14:07:00+05:30,564.75,565.0499877929688,564.5999755859375,565.0499877929688,565.0499877929688,28890
2023-11-20 14:08:00+05:30,564.9000244140625,565.0999755859375,564.7000122070312,564.75,564.75,13963
2023-11-20 14:09:00+05:30,564.7999877929688,565.2000122070312,564.7000122070312,565.1500244140625,565.1500244140625,17280
2023-11-20 14:10:00+05:30,565.0499877929688,565.2000122070312,564.9000244140625,565.0999755859375,565.0999755859375,19753
2023-11-20 14:11:00+05:30,565.0999755859375,565.2000122070312,564.9000244140625,564.9500122070312,564.9500122070312,16021
2023-11-20 14:12:00+05:30,564.9500122070312,565.2000122070312,564.75,564.7999877929688,564.7999877929688,15600
2023-11-20 14:13:00+05:30,564.9000244140625,564.9000244140625,564.7000122070312,564.75,564.75,14525
2023-11-20 14:14:00+05:30,564.7000122070312,564.8499755859375,564.6500244140625,564.6500244140625,564.6500244140625,13304
2023-11-20 14:15:00+05:30,564.6500244140625,564.7999877929688,564.5999755859375,564.5999755859375,564.5999755859375,16150
2023-11-20 14:16:00+05:30,564.5999755859375,564.75,564.5999755859375,564.6500244140625,564.6500244140625,19176
2023-11-20 14:17:00+05:30,564.75,564.9000244140625,564.5999755859375,564.9000244140625,564.9000244140625,30229
2023-11-20 14:18:00+05:30,564.9500122070312,564.9500122070312,564.6500244140625,564.6500244140625,564.6500244140625,12671
2023-11-20 14:19:00+05:30,564.5999755859375,564.7000122070312,564.5,564.5499877929688,564.5499877929688,19165
2023-11-20 14:20:00+05:30,564.5999755859375,564.7000122070312,564.5,564.5499877929688,564.5499877929688,18156
2023-11-20 14:21:00+05:30,564.5499877929688,564.6500244140625,564.4000244140625,564.5,564.5,18402
2023-11-20 14:22:00+05:30,564.5,564.7000122070312,564.4500122070312,564.5,564.5,22937
2023-11-20 14:23:00+05:30,564.5,564.7999877929688,564.4500122070312,564.75,564.75,20513
2023-11-20 14:24:00+05:30,564.7999877929688,565.2000122070312,564.75,565.0999755859375,565.0999755859375,35033
2023-11-20 14:25:00+05:30,565.0499877929688,565.3499755859375,565.0499877929688,565.0999755859375,565.0999755859375,15064
2023-11-20 14:26:00+05:30,565.0999755859375,565.2999877929688,564.9000244140625,565.0,565.0,16344
2023-11-20 14:27:00+05:30,565.0,565.0999755859375,564.9000244140625,565.0,565.0,16474
2023-11-20 14:28:00+05:30,564.9500122070312,565.1500244140625,564.9500122070312,565.0999755859375,565.0999755859375,16945
2023-11-20 14:29:00+05:30,565.0499877929688,565.1500244140625,565.0,565.0,565.0,14374
2023-11-20 14:30:00+05:30,565.0,565.2000122070312,564.9500122070312,565.0499877929688,565.0499877929688,21351
2023-11-20 14:31:00+05:30,565.0,565.0999755859375,564.9500122070312,565.0,565.0,22390
2023-11-20 14:32:00+05:30,565.0999755859375,565.1500244140625,564.9000244140625,565.0499877929688,565.0499877929688,24322
2023-11-20 14:33:00+05:30,565.0999755859375,565.0999755859375,565.0,565.0499877929688,565.0499877929688,13687
2023-11-20 14:34:00+05:30,565.0499877929688,565.0999755859375,564.7999877929688,564.9500122070312,564.9500122070312,23836
2023-11-20 14:35:00+05:30,564.7999877929688,565.0999755859375,564.75,565.0,565.0,32272
2023-11-20 14:36:00+05:30,565.0999755859375,565.1500244140625,564.7999877929688,564.8499755859375,564.8499755859375,15042
2023-11-20 14:37:00+05:30,564.75,564.8499755859375,564.75,564.7999877929688,564.7999877929688,13229
2023-11-20 14:38:00+05:30,564.75,565.0499877929688,564.7000122070312,565.0499877929688,565.0499877929688,31385
2023-11-20 14:39:00+05:30,565.1500244140625,565.2000122070312,564.9500122070312,565.0499877929688,565.0499877929688,18106
2023-11-20 14:40:00+05:30,565.0499877929688,565.2999877929688,564.9000244140625,565.0499877929688,565.0499877929688,33141
2023-11-20 14:41:00+05:30,565.0499877929688,565.2000122070312,564.7000122070312,564.8499755859375,564.8499755859375,82959
2023-11-20 14:42:00+05:30,564.8499755859375,564.9000244140625,564.4000244140625,564.4000244140625,564.4000244140625,58148
2023-11-20 14:43:00+05:30,564.4000244140625,564.9000244140625,564.2999877929688,564.5499877929688,564.5499877929688,60718
2023-11-20 14:44:00+05:30,564.3499755859375,564.5499877929688,564.1500244140625,564.2999877929688,564.2999877929688,66021
2023-11-20 14:45:00+05:30,564.4500122070312,564.7000122070312,564.1500244140625,564.2000122070312,564.2000122070312,79564
2023-11-20 14:46:00+05:30,564.2000122070312,564.4000244140625,564.0499877929688,564.0499877929688,564.0499877929688,82905
2023-11-20 14:47:00+05:30,564.0499877929688,564.4500122070312,564.0499877929688,564.2999877929688,564.2999877929688,81134
2023-11-20 14:48:00+05:30,564.1500244140625,564.3499755859375,564.0,564.2000122070312,564.2000122070312,62069
2023-11-20 14:49:00+05:30,564.2000122070312,564.6500244140625,564.1500244140625,564.5,564.5,85367
2023-11-20 14:50:00+05:30,564.2999877929688,564.5,564.0,564.0499877929688,564.0499877929688,68297
2023-11-20 14:51:00+05:30,564.0499877929688,564.5,564.0499877929688,564.0999755859375,564.0999755859375,56785
2023-11-20 14:52:00+05:30,564.0999755859375,564.2000122070312,564.0,564.0499877929688,564.0499877929688,55524
2023-11-20 14:53:00+05:30,564.0499877929688,564.2000122070312,564.0,564.0999755859375,564.0999755859375,54919
2023-11-20 14:54:00+05:30,564.0999755859375,564.1500244140625,564.0,564.0999755859375,564.0999755859375,58705
2023-11-20 14:55:00+05:30,564.0999755859375,564.2000122070312,564.0,564.0,564.0,65924
2023-11-20 14:56:00+05:30,563.9000244140625,564.0,563.7999877929688,563.8499755859375,563.8499755859375,74917
2023-11-20 14:57:00+05:30,563.8499755859375,564.0,563.7999877929688,563.8499755859375,563.8499755859375,50468
2023-11-20 14:58:00+05:30,564.0499877929688,564.0499877929688,563.7999877929688,563.9000244140625,563.9000244140625,72371
2023-11-20 14:59:00+05:30,564.0,564.0,563.7999877929688,563.9500122070312,563.9500122070312,22607
2023-11-20 15:00:00+05:30,564.0999755859375,564.25,563.9000244140625,564.1500244140625,564.1500244140625,59002
2023-11-20 15:01:00+05:30,564.1500244140625,564.2999877929688,564.0,564.1500244140625,564.1500244140625,24561
2023-11-20 15:02:00+05:30,564.0999755859375,564.1500244140625,563.9000244140625,564.0999755859375,564.0999755859375,31266
2023-11-20 15:03:00+05:30,564.0,564.0,563.6500244140625,563.7999877929688,563.7999877929688,59375
2023-11-20 15:04:00+05:30,563.7000122070312,564.2000122070312,563.7000122070312,564.0499877929688,564.0499877929688,62107
2023-11-20 15:05:00+05:30,564.0499877929688,564.2000122070312,564.0,564.0999755859375,564.0999755859375,22606
2023-11-20 15:06:00+05:30,564.0499877929688,564.1500244140625,564.0,564.0499877929688,564.0499877929688,20428
2023-11-20 15:07:00+05:30,564.0,564.1500244140625,564.0,564.0499877929688,564.0499877929688,21050
2023-11-20 15:08:00+05:30,564.0499877929688,564.0999755859375,564.0,564.0,564.0,35496
2023-11-20 15:09:00+05:30,563.9500122070312,564.1500244140625,563.9000244140625,564.0499877929688,564.0499877929688,32476
2023-11-20 15:10:00+05:30,564.2000122070312,564.2000122070312,563.8499755859375,563.9500122070312,563.9500122070312,38113
2023-11-20 15:11:00+05:30,563.9500122070312,564.1500244140625,563.9000244140625,563.9000244140625,563.9000244140625,55890
2023-11-20 15:12:00+05:30,563.9000244140625,564.0,563.7999877929688,563.9000244140625,563.9000244140625,40373
2023-11-20 15:13:00+05:30,563.8499755859375,564.0999755859375,563.75,564.0999755859375,564.0999755859375,51160
2023-11-20 15:14:00+05:30,564.0,564.0999755859375,563.7999877929688,563.8499755859375,563.8499755859375,55934
2023-11-20 15:15:00+05:30,563.7999877929688,563.7999877929688,563.5,563.7999877929688,563.7999877929688,62730
2023-11-20 15:16:00+05:30,563.7999877929688,564.0499877929688,563.7000122070312,564.0499877929688,564.0499877929688,98237
2023-11-20 15:17:00+05:30,563.9500122070312,563.9500122070312,563.5,563.5,563.5,62264
2023-11-20 15:18:00+05:30,563.4500122070312,563.5499877929688,563.2999877929688,563.5,563.5,88552
2023-11-20 15:19:00+05:30,563.3499755859375,563.5999755859375,563.3499755859375,563.4500122070312,563.4500122070312,31060
2023-11-20 15:20:00+05:30,563.4500122070312,563.5499877929688,563.25,563.4000244140625,563.4000244140625,92701
2023-11-20 15:21:00+05:30,563.25,563.5999755859375,563.25,563.5,563.5,56480
2023-11-20 15:22:00+05:30,563.4500122070312,563.6500244140625,563.2999877929688,563.5999755859375,563.5999755859375,46009
2023-11-20 15:23:00+05:30,563.5999755859375,563.5999755859375,563.5,563.5499877929688,563.5499877929688,32975
2023-11-20 15:24:00+05:30,563.5499877929688,563.9500122070312,563.5,563.6500244140625,563.6500244140625,52866
2023-11-20 15:25:00+05:30,563.6500244140625,563.7999877929688,563.5499877929688,563.5499877929688,563.5499877929688,51378
2023-11-20 15:26:00+05:30,563.5,563.7000122070312,563.5,563.5,563.5,42747
2023-11-20 15:27:00+05:30,563.7000122070312,563.75,563.5,563.5499877929688,563.5499877929688,53681
2023-11-20 15:28:00+05:30,563.5499877929688,563.6500244140625,563.4000244140625,563.5499877929688,563.5499877929688,54133
2023-11-20 15:29:00+05:30,563.75,563.75,563.75,563.75,563.75,0
2023-11-21 09:15:00+05:30,565.5499877929688,566.5499877929688,565.5499877929688,565.6500244140625,565.6500244140625,152618
2023-11-21 09:16:00+05:30,565.6500244140625,566.25,565.6500244140625,565.8499755859375,565.8499755859375,73790
2023-11-21 09:17:00+05:30,565.8499755859375,566.0,565.75,565.8499755859375,565.8499755859375,29172
2023-11-21 09:18:00+05:30,565.9500122070312,565.9500122070312,565.75,565.7999877929688,565.7999877929688,24773
2023-11-21 09:19:00+05:30,565.9000244140625,566.5,565.8499755859375,566.5,566.5,90056
2023-11-21 09:20:00+05:30,566.5499877929688,566.6500244140625,566.2000122070312,566.2999877929688,566.2999877929688,45083
2023-11-21 09:21:00+05:30,566.0999755859375,566.4000244140625,565.75,565.9000244140625,565.9000244140625,41840
2023-11-21 09:22:00+05:30,565.9000244140625,566.25,565.75,566.1500244140625,566.1500244140625,15559
2023-11-21 09:23:00+05:30,566.2000122070312,566.2000122070312,566.0499877929688,566.2000122070312,566.2000122070312,21314
2023-11-21 09:24:00+05:30,566.2000122070312,566.2000122070312,565.75,565.75,565.75,74914
2023-11-21 09:25:00+05:30,565.7000122070312,565.9000244140625,565.5999755859375,565.7000122070312,565.7000122070312,29131
2023-11-21 09:26:00+05:30,565.5999755859375,565.7999877929688,565.25,565.25,565.25,37075
2023-11-21 09:27:00+05:30,565.2999877929688,565.4000244140625,565.2000122070312,565.2999877929688,565.2999877929688,35759
2023-11-21 09:28:00+05:30,565.25,565.2999877929688,565.25,565.25,565.25,8853
2023-11-21 09:29:00+05:30,565.4500122070312,565.7999877929688,565.4500122070312,565.5499877929688,565.5499877929688,53347
2023-11-21 09:30:00+05:30,565.5,565.5,565.2000122070312,565.25,565.25,48545
2023-11-21 09:31:00+05:30,565.25,565.6500244140625,565.2000122070312,565.5499877929688,565.5499877929688,16556
2023-11-21 09:32:00+05:30,565.5999755859375,565.6500244140625,565.2000122070312,565.5499877929688,565.5499877929688,25211
2023-11-21 09:33:00+05:30,565.5499877929688,565.75,565.4000244140625,565.5,565.5,19376
2023-11-21 09:34:00+05:30,565.5,565.6500244140625,565.3499755859375,565.4500122070312,565.4500122070312,16698
2023-11-21 09:35:00+05:30,565.4000244140625,565.5999755859375,565.0,565.25,565.25,65962
2023-11-21 09:36:00+05:30,565.2000122070312,565.5,565.0999755859375,565.25,565.25,20014
2023-11-21 09:37:00+05:30,565.2999877929688,565.4500122070312,565.2000122070312,565.3499755859375,565.3499755859375,14281
2023-11-21 09:38:00+05:30,565.2999877929688,565.4500122070312,565.2000122070312,565.4000244140625,565.4000244140625,9530
2023-11-21 09:39:00+05:30,565.2000122070312,565.5,565.2000122070312,565.4500122070312,565.4500122070312,12848
2023-11-21 09:40:00+05:30,565.5,565.5,565.3499755859375,565.4500122070312,565.4500122070312,22151
2023-11-21 09:41:00+05:30,565.3499755859375,565.4500122070312,565.0999755859375,565.1500244140625,565.1500244140625,41585
2023-11-21 09:42:00+05:30,565.1500244140625,565.2999877929688,565.0499877929688,565.2999877929688,565.2999877929688,16105
2023-11-21 09:43:00+05:30,565.25,565.3499755859375,565.0999755859375,565.2999877929688,565.2999877929688,6979
2023-11-21 09:44:00+05:30,565.25,565.5,565.0999755859375,565.5,565.5,26558
2023-11-21 09:45:00+05:30,565.3499755859375,565.5,565.25,565.4500122070312,565.4500122070312,9092
2023-11-21 09:46:00+05:30,565.4500122070312,565.5,565.1500244140625,565.5,565.5,11533
2023-11-21 09:47:00+05:30,565.4500122070312,565.4500122070312,565.0499877929688,565.0499877929688,565.0499877929688,19868
2023-11-21 09:48:00+05:30,565.0999755859375,565.4000244140625,565.0499877929688,565.2999877929688,565.2999877929688,8255
2023-11-21 09:49:00+05:30,565.2999877929688,565.4000244140625,565.25,565.25,565.25,8157
2023-11-21 09:50:00+05:30,565.25,565.4000244140625,565.0999755859375,565.25,565.25,12845
2023-11-21 09:51:00+05:30,565.1500244140625,565.3499755859375,565.0499877929688,565.3499755859375,565.3499755859375,17574
2023-11-21 09:52:00+05:30,565.2999877929688,565.2999877929688,565.0,565.0999755859375,565.0999755859375,10828
2023-11-21 09:53:00+05:30,565.0499877929688,565.25,565.0,565.0999755859375,565.0999755859375,16993
2023-11-21 09:54:00+05:30,565.0,565.25,565.0,565.1500244140625,565.1500244140625,48527
2023-11-21 09:55:00+05:30,565.1500244140625,565.2000122070312,565.0,565.0499877929688,565.0499877929688,17255
2023-11-21 09:56:00+05:30,565.1500244140625,565.1500244140625,565.0,565.0,565.0,31876
2023-11-21 09:57:00+05:30,565.0999755859375,565.1500244140625,565.0,565.0,565.0,7264
2023-11-21 09:58:00+05:30,565.0499877929688,565.1500244140625,565.0,565.0,565.0,9989
2023-11-21 09:59:00+05:30,565.0499877929688,565.0499877929688,565.0,565.0499877929688,565.0499877929688,11453
2023-11-21 10:00:00+05:30,565.0499877929688,565.0499877929688,565.0,565.0499877929688,565.0499877929688,9398
2023-11-21 10:01:00+05:30,565.0,565.2000122070312,565.0,565.0999755859375,565.0999755859375,24022
2023-11-21 10:02:00+05:30,565.0999755859375,565.2000122070312,565.0,565.2000122070312,565.2000122070312,8825
2023-11-21 10:03:00+05:30,565.2000122070312,565.2000122070312,565.0,565.2000122070312,565.2000122070312,27237
2023-11-21 10:04:00+05:30,565.25,565.25,565.0,565.0,565.0,25420
2023-11-21 10:05:00+05:30,565.25,565.25,565.0,565.0999755859375,565.0999755859375,13736
2023-11-21 10:06:00+05:30,565.0999755859375,565.0999755859375,565.0,565.0499877929688,565.0499877929688,25283
2023-11-21 10:07:00+05:30,565.0,565.0499877929688,564.9500122070312,565.0,565.0,27193
2023-11-21 10:08:00+05:30,565.0,565.0499877929688,565.0,565.0499877929688,565.0499877929688,17706
2023-11-21 10:09:00+05:30,565.0499877929688,565.0499877929688,564.9500122070312,565.0,565.0,36707
2023-11-21 10:10:00+05:30,565.0,565.0499877929688,565.0,565.0,565.0,7360
2023-11-21 10:11:00+05:30,565.0,565.0499877929688,564.9500122070312,565.0,565.0,9364
2023-11-21 10:12:00+05:30,565.0499877929688,565.0499877929688,564.9500122070312,565.0,565.0,7327
2023-11-21 10:13:00+05:30,565.0499877929688,565.1500244140625,565.0,565.0499877929688,565.0499877929688,8841
2023-11-21 10:14:00+05:30,565.0499877929688,565.0499877929688,564.8499755859375,564.9000244140625,564.9000244140625,88337
2023-11-21 10:15:00+05:30,564.9000244140625,565.0499877929688,564.9000244140625,565.0499877929688,565.0499877929688,19787
2023-11-21 10:16:00+05:30,564.9500122070312,565.0499877929688,564.9500122070312,565.0499877929688,565.0499877929688,16737
2023-11-21 10:17:00+05:30,565.0499877929688,565.0499877929688,564.8499755859375,565.0,565.0,68962
2023-11-21 10:18:00+05:30,565.0499877929688,565.5,565.0499877929688,565.4000244140625,565.4000244140625,31110
2023-11-21 10:19:00+05:30,565.5,566.0,565.4000244140625,565.9000244140625,565.9000244140625,22459
2023-11-21 10:20:00+05:30,565.9500122070312,566.0,565.7000122070312,565.8499755859375,565.8499755859375,33651
2023-11-21 10:21:00+05:30,565.75,565.8499755859375,565.5999755859375,565.6500244140625,565.6500244140625,17403
2023-11-21 10:22:00+05:30,565.5,565.6500244140625,565.4000244140625,565.4000244140625,565.4000244140625,12387
2023-11-21 10:23:00+05:30,565.4000244140625,565.5,565.3499755859375,565.4000244140625,565.4000244140625,9089
2023-11-21 10:24:00+05:30,565.4000244140625,565.5,565.25,565.5,565.5,19272
2023-11-21 10:25:00+05:30,565.2999877929688,565.4000244140625,565.0999755859375,565.25,565.25,16826
2023-11-21 10:26:00+05:30,565.25,565.2999877929688,565.0,565.2999877929688,565.2999877929688,14450
2023-11-21 10:27:00+05:30,565.2999877929688,565.4500122070312,565.0,565.0499877929688,565.0499877929688,10780
2023-11-21 10:28:00+05:30,565.0,565.0999755859375,565.0,565.0,565.0,11290
2023-11-21 10:29:00+05:30,565.0499877929688,565.3499755859375,565.0,565.25,565.25,20288
2023-11-21 10:30:00+05:30,565.0999755859375,565.4000244140625,565.0,565.0499877929688,565.0499877929688,30833
2023-11-21 10:31:00+05:30,565.0499877929688,565.2999877929688,565.0,565.2999877929688,565.2999877929688,12538
2023-11-21 10:32:00+05:30,565.2999877929688,565.2999877929688,565.0,565.0,565.0,9090
2023-11-21 10:33:00+05:30,565.0499877929688,565.0499877929688,564.9500122070312,564.9500122070312,564.9500122070312,14674
2023-11-21 10:34:00+05:30,564.9000244140625,565.0499877929688,564.7999877929688,564.7999877929688,564.7999877929688,20099
2023-11-21 10:35:00+05:30,564.7999877929688,564.7999877929688,564.5499877929688,564.5499877929688,564.5499877929688,17271
2023-11-21 10:36:00+05:30,564.5499877929688,564.7000122070312,564.4500122070312,564.5499877929688,564.5499877929688,28184
2023-11-21 10:37:00+05:30,564.5499877929688,564.75,564.5,564.6500244140625,564.6500244140625,14636
2023-11-21 10:38:00+05:30,564.5999755859375,564.75,564.5499877929688,564.5499877929688,564.5499877929688,10331
2023-11-21 10:39:00+05:30,564.5,564.9500122070312,564.5,564.7000122070312,564.7000122070312,11803
2023-11-21 10:40:00+05:30,564.7000122070312,564.9000244140625,564.6500244140625,564.8499755859375,564.8499755859375,3177
2023-11-21 10:41:00+05:30,564.6500244140625,564.7000122070312,564.5999755859375,564.5999755859375,564.5999755859375,32852
2023-11-21 10:42:00+05:30,564.7000122070312,564.7000122070312,564.4000244140625,564.4000244140625,564.4000244140625,25977
2023-11-21 10:43:00+05:30,564.4000244140625,564.4500122070312,564.25,564.3499755859375,564.3499755859375,14342
2023-11-21 10:44:00+05:30,564.3499755859375,564.4000244140625,564.0999755859375,564.1500244140625,564.1500244140625,20294
2023-11-21 10:45:00+05:30,564.1500244140625,564.3499755859375,564.0999755859375,564.0999755859375,564.0999755859375,24525
2023-11-21 10:46:00+05:30,564.0999755859375,564.2000122070312,563.9000244140625,563.9000244140625,563.9000244140625,61026
2023-11-21 10:47:00+05:30,563.9000244140625,564.0499877929688,563.75,563.7999877929688,563.7999877929688,16189
2023-11-21 10:48:00+05:30,563.8499755859375,564.0499877929688,563.75,563.75,563.75,21837
2023-11-21 10:49:00+05:30,563.7999877929688,563.9000244140625,563.6500244140625,563.7999877929688,563.7999877929688,35965
2023-11-21 10:50:00+05:30,563.7999877929688,564.0999755859375,563.75,563.7999877929688,563.7999877929688,14415
2023-11-21 10:51:00+05:30,563.7999877929688,563.9000244140625,563.75,563.7999877929688,563.7999877929688,13312
2023-11-21 10:52:00+05:30,563.7999877929688,563.9000244140625,563.7000122070312,563.75,563.75,14342
2023-11-21 10:53:00+05:30,563.7000122070312,563.9000244140625,563.6500244140625,563.75,563.75,16317
2023-11-21 10:54:00+05:30,563.6500244140625,563.7999877929688,563.6500244140625,563.7000122070312,563.7000122070312,14981
2023-11-21 10:55:00+05:30,563.6500244140625,564.0,563.5999755859375,564.0,564.0,17480
2023-11-21 10:56:00+05:30,564.0,564.2000122070312,563.75,564.0,564.0,17160
2023-11-21 10:57:00+05:30,564.0,564.2999877929688,563.9500122070312,564.1500244140625,564.1500244140625,15471
2023-11-21 10:58:00+05:30,564.25,564.2999877929688,563.6500244140625,563.7000122070312,563.7000122070312,72449
2023-11-21 10:59:00+05:30,563.7000122070312,563.7000122070312,563.1500244140625,563.5,563.5,230931
2023-11-21 11:00:00+05:30,563.5,563.6500244140625,563.4000244140625,563.5999755859375,563.5999755859375,17943
2023-11-21 11:01:00+05:30,563.5499877929688,563.8499755859375,563.5499877929688,563.6500244140625,563.6500244140625,22819
2023-11-21 11:02:00+05:30,563.75,564.1500244140625,563.6500244140625,564.1500244140625,564.1500244140625,33879
2023-11-21 11:03:00+05:30,564.0,564.2000122070312,564.0,564.0,564.0,25888
2023-11-21 11:04:00+05:30,564.0999755859375,564.0999755859375,563.9000244140625,563.9000244140625,563.9000244140625,20978
2023-11-21 11:05:00+05:30,563.9000244140625,563.9500122070312,563.5999755859375,563.75,563.75,20305
2023-11-21 11:06:00+05:30,563.6500244140625,563.75,563.5999755859375,563.75,563.75,15423
2023-11-21 11:07:00+05:30,563.75,564.0499877929688,563.7000122070312,563.7000122070312,563.7000122070312,45988
2023-11-21 11:08:00+05:30,563.8499755859375,563.8499755859375,563.7000122070312,563.7999877929688,563.7999877929688,17005
2023-11-21 11:09:00+05:30,563.7999877929688,563.7999877929688,563.5999755859375,563.7000122070312,563.7000122070312,17416
2023-11-21 11:10:00+05:30,563.5999755859375,563.75,563.5,563.5999755859375,563.5999755859375,13620
2023-11-21 11:11:00+05:30,563.7000122070312,563.7000122070312,563.5,563.7000122070312,563.7000122070312,25093
2023-11-21 11:12:00+05:30,563.6500244140625,563.6500244140625,563.5499877929688,563.6500244140625,563.6500244140625,15522
2023-11-21 11:13:00+05:30,563.7000122070312,563.7999877929688,563.5,563.5999755859375,563.5999755859375,18356
2023-11-21 11:14:00+05:30,563.7000122070312,563.75,563.5999755859375,563.7000122070312,563.7000122070312,14485
2023-11-21 11:15:00+05:30,563.75,563.8499755859375,563.5999755859375,563.8499755859375,563.8499755859375,24430
2023-11-21 11:16:00+05:30,563.7000122070312,563.8499755859375,563.5999755859375,563.7999877929688,563.7999877929688,10610
2023-11-21 11:17:00+05:30,563.5999755859375,563.8499755859375,563.5999755859375,563.6500244140625,563.6500244140625,10832
2023-11-21 11:18:00+05:30,563.7000122070312,564.0,563.6500244140625,563.8499755859375,563.8499755859375,18471
2023-11-21 11:19:00+05:30,563.9000244140625,564.0,563.6500244140625,563.7999877929688,563.7999877929688,37855
2023-11-21 11:20:00+05:30,563.8499755859375,563.9500122070312,563.6500244140625,563.75,563.75,18631
2023-11-21 11:21:00+05:30,563.75,564.1500244140625,563.75,563.9500122070312,563.9500122070312,17487
2023-11-21 11:22:00+05:30,564.0,564.0,563.7000122070312,563.7999877929688,563.7999877929688,19467
2023-11-21 11:23:00+05:30,563.7999877929688,564.0499877929688,563.75,564.0499877929688,564.0499877929688,22523
2023-11-21 11:24:00+05:30,564.0499877929688,564.0499877929688,563.9000244140625,563.9500122070312,563.9500122070312,16153
2023-11-21 11:25:00+05:30,563.9000244140625,564.0,563.75,563.9500122070312,563.9500122070312,20438
2023-11-21 11:26:00+05:30,563.8499755859375,564.0499877929688,563.7999877929688,564.0499877929688,564.0499877929688,28030
2023-11-21 11:27:00+05:30,564.0,564.0499877929688,563.7999877929688,563.9500122070312,563.9500122070312,18749
2023-11-21 11:28:00+05:30,563.9500122070312,564.0,563.7999877929688,563.8499755859375,563.8499755859375,12259
2023-11-21 11:29:00+05:30,563.8499755859375,563.9500122070312,563.7000122070312,563.7999877929688,563.7999877929688,11284
2023-11-21 11:30:00+05:30,563.7999877929688,564.0,563.7000122070312,563.8499755859375,563.8499755859375,20584
2023-11-21 11:31:00+05:30,563.9000244140625,564.0,563.7999877929688,563.9500122070312,563.9500122070312,15012
2023-11-21 11:32:00+05:30,563.8499755859375,564.0,563.7999877929688,563.9000244140625,563.9000244140625,9376
2023-11-21 11:33:00+05:30,563.9000244140625,564.0,563.7999877929688,563.9000244140625,563.9000244140625,14803
2023-11-21 11:34:00+05:30,563.9000244140625,564.5,563.9000244140625,564.2999877929688,564.2999877929688,50669
2023-11-21 11:35:00+05:30,564.2999877929688,564.3499755859375,564.0499877929688,564.25,564.25,24256
2023-11-21 11:36:00+05:30,564.2999877929688,564.3499755859375,564.0999755859375,564.2999877929688,564.2999877929688,30611
2023-11-21 11:37:00+05:30,564.2999877929688,564.7999877929688,564.2000122070312,564.6500244140625,564.6500244140625,45746
2023-11-21 11:38:00+05:30,564.5499877929688,564.75,564.5,564.5499877929688,564.5499877929688,22977
2023-11-21 11:39:00+05:30,564.6500244140625,564.8499755859375,564.5499877929688,564.6500244140625,564.6500244140625,26521
2023-11-21 11:40:00+05:30,564.6500244140625,564.8499755859375,564.4500122070312,564.6500244140625,564.6500244140625,55978
2023-11-21 11:41:00+05:30,564.6500244140625,564.8499755859375,564.4500122070312,564.5999755859375,564.5999755859375,39734
2023-11-21 11:42:00+05:30,564.4500122070312,564.7000122070312,564.3499755859375,564.5,564.5,26565
2023-11-21 11:43:00+05:30,564.5,564.7000122070312,564.4500122070312,564.5,564.5,7436
2023-11-21 11:44:00+05:30,564.5999755859375,564.5999755859375,564.4500122070312,564.5,564.5,32550
2023-11-21 11:45:00+05:30,564.4500122070312,564.7000122070312,564.4000244140625,564.5999755859375,564.5999755859375,23295
2023-11-21 11:46:00+05:30,564.5999755859375,564.7999877929688,564.5,564.5999755859375,564.5999755859375,15697
2023-11-21 11:47:00+05:30,564.5999755859375,564.9000244140625,564.5,564.9000244140625,564.9000244140625,30697
2023-11-21 11:48:00+05:30,564.8499755859375,565.0,564.7999877929688,565.0,565.0,50305
2023-11-21 11:49:00+05:30,565.0,565.0,564.75,564.9000244140625,564.9000244140625,14734
2023-11-21 11:50:00+05:30,564.9500122070312,564.9500122070312,564.7999877929688,564.8499755859375,564.8499755859375,14110
2023-11-21 11:51:00+05:30,564.7999877929688,564.9500122070312,564.7999877929688,564.7999877929688,564.7999877929688,14152
2023-11-21 11:52:00+05:30,564.9500122070312,565.0,564.7999877929688,565.0,565.0,21348
2023-11-21 11:53:00+05:30,565.0,565.2000122070312,564.8499755859375,565.2000122070312,565.2000122070312,32342
2023-11-21 11:54:00+05:30,565.2000122070312,565.4500122070312,565.1500244140625,565.2999877929688,565.2999877929688,33876
2023-11-21 11:55:00+05:30,565.2999877929688,565.4500122070312,565.1500244140625,565.25,565.25,22902
2023-11-21 11:56:00+05:30,565.2999877929688,565.3499755859375,565.2000122070312,565.25,565.25,26525
2023-11-21 11:57:00+05:30,565.2000122070312,565.4000244140625,565.1500244140625,565.2999877929688,565.2999877929688,24057
2023-11-21 11:58:00+05:30,565.25,565.4000244140625,565.2000122070312,565.2999877929688,565.2999877929688,23342
2023-11-21 11:59:00+05:30,565.2999877929688,565.4500122070312,565.25,565.25,565.25,26684
2023-11-21 12:00:00+05:30,565.4000244140625,565.4500122070312,565.2000122070312,565.25,565.25,12511
2023-11-21 12:01:00+05:30,565.2000122070312,565.25,565.0,565.2000122070312,565.2000122070312,18605
2023-11-21 12:02:00+05:30,565.0999755859375,565.2000122070312,564.8499755859375,564.8499755859375,564.8499755859375,16850
2023-11-21 12:03:00+05:30,564.9500122070312,565.1500244140625,564.9000244140625,564.9000244140625,564.9000244140625,20738
2023-11-21 12:04:00+05:30,565.1500244140625,565.1500244140625,564.7999877929688,564.8499755859375,564.8499755859375,36338
2023-11-21 12:05:00+05:30,564.7999877929688,565.0,564.7999877929688,564.9500122070312,564.9500122070312,11869
2023-11-21 12:06:00+05:30,564.9500122070312,564.9500122070312,564.7999877929688,564.9500122070312,564.9500122070312,12591
2023-11-21 12:07:00+05:30,564.9500122070312,565.0,564.8499755859375,564.9000244140625,564.9000244140625,18006
2023-11-21 12:08:00+05:30,564.8499755859375,564.9500122070312,564.7999877929688,564.7999877929688,564.7999877929688,15664
2023-11-21 12:09:00+05:30,564.7999877929688,564.9000244140625,564.75,564.75,564.75,18896
2023-11-21 12:10:00+05:30,564.7999877929688,564.9000244140625,564.7000122070312,564.7000122070312,564.7000122070312,18629
2023-11-21 12:11:00+05:30,564.7999877929688,564.7999877929688,564.7000122070312,564.75,564.75,2616
2023-11-21 12:12:00+05:30,564.75,564.7999877929688,564.5999755859375,564.7000122070312,564.7000122070312,19275
2023-11-21 12:13:00+05:30,564.7000122070312,564.7000122070312,564.7000122070312,564.7000122070312,564.7000122070312,221
2023-11-21 12:14:00+05:30,564.7999877929688,564.9500122070312,564.7999877929688,564.9000244140625,564.9000244140625,45731
2023-11-21 12:15:00+05:30,564.8499755859375,564.8499755859375,564.75,564.75,564.75,5767
2023-11-21 12:16:00+05:30,564.8499755859375,564.8499755859375,564.6500244140625,564.75,564.75,34644
2023-11-21 12:17:00+05:30,564.75,564.7999877929688,564.5499877929688,564.6500244140625,564.6500244140625,17627
2023-11-21 12:18:00+05:30,564.5499877929688,564.75,564.5,564.6500244140625,564.6500244140625,34152
2023-11-21 12:19:00+05:30,564.5999755859375,564.7000122070312,564.5,564.5999755859375,564.5999755859375,26368
2023-11-21 12:20:00+05:30,564.6500244140625,564.75,564.5,564.5999755859375,564.5999755859375,26797
2023-11-21 12:21:00+05:30,564.5999755859375,564.75,564.5,564.6500244140625,564.6500244140625,34412
2023-11-21 12:22:00+05:30,564.6500244140625,564.8499755859375,564.5999755859375,564.7999877929688,564.7999877929688,27987
2023-11-21 12:23:00+05:30,564.7999877929688,565.0999755859375,564.7000122070312,564.8499755859375,564.8499755859375,41970
2023-11-21 12:24:00+05:30,564.7999877929688,565.0,564.6500244140625,564.7000122070312,564.7000122070312,26362
2023-11-21 12:25:00+05:30,564.75,564.9500122070312,564.6500244140625,564.75,564.75,53372
2023-11-21 12:26:00+05:30,564.75,564.7999877929688,564.5499877929688,564.75,564.75,23716
2023-11-21 12:27:00+05:30,564.5999755859375,564.75,564.5,564.75,564.75,18991
2023-11-21 12:28:00+05:30,564.7000122070312,564.8499755859375,564.5,564.75,564.75,28224
2023-11-21 12:29:00+05:30,564.7000122070312,564.7000122070312,564.5,564.5499877929688,564.5499877929688,10717
2023-11-21 12:30:00+05:30,564.5999755859375,564.75,564.5,564.5999755859375,564.5999755859375,14018
2023-11-21 12:31:00+05:30,564.5999755859375,564.75,564.4500122070312,564.4500122070312,564.4500122070312,39425
2023-11-21 12:32:00+05:30,564.4000244140625,564.5,564.2000122070312,564.25,564.25,35721
2023-11-21 12:33:00+05:30,564.25,564.4500122070312,564.0999755859375,564.4500122070312,564.4500122070312,53517
2023-11-21 12:34:00+05:30,564.5,564.5,564.0999755859375,564.0999755859375,564.0999755859375,24353
2023-11-21 12:35:00+05:30,564.1500244140625,564.4000244140625,563.9500122070312,564.0,564.0,114559
2023-11-21 12:36:00+05:30,564.0,564.0999755859375,563.9500122070312,564.0499877929688,564.0499877929688,37652
2023-11-21 12:37:00+05:30,564.0999755859375,564.0999755859375,564.0,564.0,564.0,18936
2023-11-21 12:38:00+05:30,564.0499877929688,564.0999755859375,563.9000244140625,564.0,564.0,37636
2023-11-21 12:39:00+05:30,564.0,564.0999755859375,563.9000244140625,564.0,564.0,27486
2023-11-21 12:40:00+05:30,564.0,564.0999755859375,563.9000244140625,564.0,564.0,24279
2023-11-21 12:41:00+05:30,564.0,564.0,563.9000244140625,563.9000244140625,563.9000244140625,15038
2023-11-21 12:42:00+05:30,564.0,564.1500244140625,563.9000244140625,563.9000244140625,563.9000244140625,21556
2023-11-21 12:43:00+05:30,564.0,564.0,563.8499755859375,563.9000244140625,563.9000244140625,23277
2023-11-21 12:44:00+05:30,563.9000244140625,564.0,563.8499755859375,563.8499755859375,563.8499755859375,15226
2023-11-21 12:45:00+05:30,563.9000244140625,564.0,563.75,563.9000244140625,563.9000244140625,38444
2023-11-21 12:46:00+05:30,563.9000244140625,564.0,563.7999877929688,563.7999877929688,563.7999877929688,14269
2023-11-21 12:47:00+05:30,563.8499755859375,564.0,563.7999877929688,563.8499755859375,563.8499755859375,15661
2023-11-21 12:48:00+05:30,563.8499755859375,563.9500122070312,563.75,563.7999877929688,563.7999877929688,22759
2023-11-21 12:49:00+05:30,563.8499755859375,563.9000244140625,563.75,563.7999877929688,563.7999877929688,17828
2023-11-21 12:50:00+05:30,563.7999877929688,563.8499755859375,563.7000122070312,563.75,563.75,38893
2023-11-21 12:51:00+05:30,563.7999877929688,564.0,563.7000122070312,563.7999877929688,563.7999877929688,30996
2023-11-21 12:52:00+05:30,563.75,563.9000244140625,563.7000122070312,563.9000244140625,563.9000244140625,42475
2023-11-21 12:53:00+05:30,563.9000244140625,564.0499877929688,563.7000122070312,563.9000244140625,563.9000244140625,23921
2023-11-21 12:54:00+05:30,563.9500122070312,564.0,563.7999877929688,563.9000244140625,563.9000244140625,24851
2023-11-21 12:55:00+05:30,563.8499755859375,563.9500122070312,563.7000122070312,563.75,563.75,101243
2023-11-21 12:56:00+05:30,563.75,563.9000244140625,563.6500244140625,563.7999877929688,563.7999877929688,26231
2023-11-21 12:57:00+05:30,563.7999877929688,563.9500122070312,563.7000122070312,563.75,563.75,27420
2023-11-21 12:58:00+05:30,563.75,563.8499755859375,563.6500244140625,563.8499755859375,563.8499755859375,32794
2023-11-21 12:59:00+05:30,563.8499755859375,563.8499755859375,563.5499877929688,563.7000122070312,563.7000122070312,30383
2023-11-21 13:00:00+05:30,563.6500244140625,563.8499755859375,563.5499877929688,563.5999755859375,563.5999755859375,41394
2023-11-21 13:01:00+05:30,563.7999877929688,563.9000244140625,563.5499877929688,563.7000122070312,563.7000122070312,33814
2023-11-21 13:02:00+05:30,563.6500244140625,563.75,563.5,563.6500244140625,563.6500244140625,33051
2023-11-21 13:03:00+05:30,563.5999755859375,563.75,563.4500122070312,563.5499877929688,563.5499877929688,66516
2023-11-21 13:04:00+05:30,563.5499877929688,563.7999877929688,563.4500122070312,563.5999755859375,563.5999755859375,30084
2023-11-21 13:05:00+05:30,563.6500244140625,563.8499755859375,563.5,563.5999755859375,563.5999755859375,32059
2023-11-21 13:06:00+05:30,563.5499877929688,563.75,563.4000244140625,563.5,563.5,73607
2023-11-21 13:07:00+05:30,563.5,563.7000122070312,563.4000244140625,563.4000244140625,563.4000244140625,23721
2023-11-21 13:08:00+05:30,563.4500122070312,563.4500122070312,562.4500122070312,562.75,562.75,225834
2023-11-21 13:09:00+05:30,562.75,562.75,562.0,562.4500122070312,562.4500122070312,106540
2023-11-21 13:10:00+05:30,562.6500244140625,562.9000244140625,562.3499755859375,562.6500244140625,562.6500244140625,64391
2023-11-21 13:11:00+05:30,562.75,562.8499755859375,562.4000244140625,562.5,562.5,41805
2023-11-21 13:12:00+05:30,562.5,562.7999877929688,562.3499755859375,562.5499877929688,562.5499877929688,75274
2023-11-21 13:13:00+05:30,562.5,562.5499877929688,562.25,562.5,562.5,40018
2023-11-21 13:14:00+05:30,562.5,562.75,562.2999877929688,562.5,562.5,48185
2023-11-21 13:15:00+05:30,562.5999755859375,562.7000122070312,562.4500122070312,562.5,562.5,21531
2023-11-21 13:16:00+05:30,562.5,562.7000122070312,562.4500122070312,562.5999755859375,562.5999755859375,28286
2023-11-21 13:17:00+05:30,562.6500244140625,562.7000122070312,562.5,562.5999755859375,562.5999755859375,27327
2023-11-21 13:18:00+05:30,562.5999755859375,562.7000122070312,562.4500122070312,562.5999755859375,562.5999755859375,29073
2023-11-21 13:19:00+05:30,562.6500244140625,562.7000122070312,562.5499877929688,562.7000122070312,562.7000122070312,24147
2023-11-21 13:20:00+05:30,562.9500122070312,562.9500122070312,562.7999877929688,562.7999877929688,562.7999877929688,48556
2023-11-21 13:21:00+05:30,562.9500122070312,563.0,562.75,563.0,563.0,27948
2023-11-21 13:22:00+05:30,563.0499877929688,563.0499877929688,562.8499755859375,563.0499877929688,563.0499877929688,64786
2023-11-21 13:23:00+05:30,562.9000244140625,563.0999755859375,562.9000244140625,563.0,563.0,28480
2023-11-21 13:24:00+05:30,562.75,563.0499877929688,562.75,562.7999877929688,562.7999877929688,61494
2023-11-21 13:26:00+05:30,562.75,562.9500122070312,562.75,562.7999877929688,562.7999877929688,74598
2023-11-21 13:27:00+05:30,562.9500122070312,562.9500122070312,562.7000122070312,562.8499755859375,562.8499755859375,33227
2023-11-21 13:28:00+05:30,562.9000244140625,562.9500122070312,562.7000122070312,562.9000244140625,562.9000244140625,17766
2023-11-21 13:29:00+05:30,562.8499755859375,563.1500244140625,562.8499755859375,563.0999755859375,563.0999755859375,35211
2023-11-21 13:30:00+05:30,563.0499877929688,563.0499877929688,562.7999877929688,562.7999877929688,562.7999877929688,22768
2023-11-21 13:31:00+05:30,563.0499877929688,563.0999755859375,562.75,562.8499755859375,562.8499755859375,21057
2023-11-21 13:32:00+05:30,562.9500122070312,563.1500244140625,562.9000244140625,563.0,563.0,20773
2023-11-21 13:33:00+05:30,563.1500244140625,563.1500244140625,562.9000244140625,563.1500244140625,563.1500244140625,29703
2023-11-21 13:34:00+05:30,563.0,563.25,562.9000244140625,563.2000122070312,563.2000122070312,45706
2023-11-21 13:35:00+05:30,563.1500244140625,563.2000122070312,563.0,563.0999755859375,563.0999755859375,23470
2023-11-21 13:36:00+05:30,563.0999755859375,563.1500244140625,562.9000244140625,562.9500122070312,562.9500122070312,16506
2023-11-21 13:37:00+05:30,563.0,563.2000122070312,562.9500122070312,563.0,563.0,26503
2023-11-21 13:38:00+05:30,563.0,563.0499877929688,562.9500122070312,563.0,563.0,17798
2023-11-21 13:39:00+05:30,562.9500122070312,562.9500122070312,562.9000244140625,562.9000244140625,562.9000244140625,15825
2023-11-21 13:40:00+05:30,563.0,563.0499877929688,562.8499755859375,562.9000244140625,562.9000244140625,24864
2023-11-21 13:41:00+05:30,563.0999755859375,563.1500244140625,562.9000244140625,563.0499877929688,563.0499877929688,24297
2023-11-21 13:42:00+05:30,563.0499877929688,563.1500244140625,562.8499755859375,562.8499755859375,562.8499755859375,28430
2023-11-21 13:43:00+05:30,562.9000244140625,563.0,562.75,563.0,563.0,22229
2023-11-21 13:44:00+05:30,563.0,563.0,562.7000122070312,562.7999877929688,562.7999877929688,27578
2023-11-21 13:45:00+05:30,562.7999877929688,562.8499755859375,562.6500244140625,562.7000122070312,562.7000122070312,18421
2023-11-21 13:46:00+05:30,562.75,562.75,562.5999755859375,562.7000122070312,562.7000122070312,22230
2023-11-21 13:47:00+05:30,562.7000122070312,562.8499755859375,562.5499877929688,562.7000122070312,562.7000122070312,35981
2023-11-21 13:48:00+05:30,562.6500244140625,562.8499755859375,562.5999755859375,562.5999755859375,562.5999755859375,15512
2023-11-21 13:49:00+05:30,562.7000122070312,562.7999877929688,562.5999755859375,562.7000122070312,562.7000122070312,18554
2023-11-21 13:50:00+05:30,562.7000122070312,562.7000122070312,562.5,562.5,562.5,75681
2023-11-21 13:51:00+05:30,562.5,562.75,562.4500122070312,562.4500122070312,562.4500122070312,40712
2023-11-21 13:52:00+05:30,562.5,562.5,562.3499755859375,562.4000244140625,562.4000244140625,24049
2023-11-21 13:53:00+05:30,562.3499755859375,562.5,562.2999877929688,562.4500122070312,562.4500122070312,18525
2023-11-21 13:54:00+05:30,562.4500122070312,562.4500122070312,562.2999877929688,562.2999877929688,562.2999877929688,16471
2023-11-21 13:55:00+05:30,562.3499755859375,562.5,562.2999877929688,562.5,562.5,16956
2023-11-21 13:56:00+05:30,562.5,562.5,562.25,562.2999877929688,562.2999877929688,17985
2023-11-21 13:57:00+05:30,562.2999877929688,562.4000244140625,562.25,562.3499755859375,562.3499755859375,18927
2023-11-21 13:58:00+05:30,562.25,562.2999877929688,562.1500244140625,562.2000122070312,562.2000122070312,22866
2023-11-21 13:59:00+05:30,562.2000122070312,562.4500122070312,562.1500244140625,562.2999877929688,562.2999877929688,30077
2023-11-21 14:00:00+05:30,562.2999877929688,562.4500122070312,562.25,562.4500122070312,562.4500122070312,19215
2023-11-21 14:01:00+05:30,562.2999877929688,562.4500122070312,562.2999877929688,562.2999877929688,562.2999877929688,24975
2023-11-21 14:02:00+05:30,562.4000244140625,562.4500122070312,562.2999877929688,562.3499755859375,562.3499755859375,26323
2023-11-21 14:03:00+05:30,562.5,562.5,562.2999877929688,562.3499755859375,562.3499755859375,17523
2023-11-21 14:04:00+05:30,562.3499755859375,562.4500122070312,562.25,562.2999877929688,562.2999877929688,32741
2023-11-21 14:05:00+05:30,562.2000122070312,562.4000244140625,562.1500244140625,562.25,562.25,22051
2023-11-21 14:06:00+05:30,562.1500244140625,562.4000244140625,562.1500244140625,562.4000244140625,562.4000244140625,27602
2023-11-21 14:07:00+05:30,562.4000244140625,562.4000244140625,562.0999755859375,562.1500244140625,562.1500244140625,17867
2023-11-21 14:08:00+05:30,562.1500244140625,562.5,562.0999755859375,562.3499755859375,562.3499755859375,24980
2023-11-21 14:09:00+05:30,562.3499755859375,562.3499755859375,562.0999755859375,562.25,562.25,19719
2023-11-21 14:10:00+05:30,562.25,562.2999877929688,562.1500244140625,562.2999877929688,562.2999877929688,16992
2023-11-21 14:11:00+05:30,562.2999877929688,562.4500122070312,562.0999755859375,562.2999877929688,562.2999877929688,36933
2023-11-21 14:12:00+05:30,562.2000122070312,562.4500122070312,562.2000122070312,562.4000244140625,562.4000244140625,19117
2023-11-21 14:13:00+05:30,562.4000244140625,562.4500122070312,562.25,562.2999877929688,562.2999877929688,12590
2023-11-21 14:14:00+05:30,562.2999877929688,562.3499755859375,562.2000122070312,562.3499755859375,562.3499755859375,13373
2023-11-21 14:15:00+05:30,562.3499755859375,562.3499755859375,562.0,562.0499877929688,562.0499877929688,44734
2023-11-21 14:16:00+05:30,562.0999755859375,562.25,562.0,562.1500244140625,562.1500244140625,12053
2023-11-21 14:17:00+05:30,562.2000122070312,562.3499755859375,562.1500244140625,562.3499755859375,562.3499755859375,21403
2023-11-21 14:18:00+05:30,562.3499755859375,562.4500122070312,562.2000122070312,562.2999877929688,562.2999877929688,21513
2023-11-21 14:19:00+05:30,562.3499755859375,562.5,562.2000122070312,562.2999877929688,562.2999877929688,16915
2023-11-21 14:20:00+05:30,562.4500122070312,562.7000122070312,562.25,562.2999877929688,562.2999877929688,53351
2023-11-21 14:21:00+05:30,562.4500122070312,562.8499755859375,562.2999877929688,562.75,562.75,48788
2023-11-21 14:22:00+05:30,562.9000244140625,562.9500122070312,562.5999755859375,562.75,562.75,31583
2023-11-21 14:23:00+05:30,562.75,562.9000244140625,562.5999755859375,562.8499755859375,562.8499755859375,22611
2023-11-21 14:24:00+05:30,562.8499755859375,562.9500122070312,562.5999755859375,562.9000244140625,562.9000244140625,29705
2023-11-21 14:25:00+05:30,562.9500122070312,563.0,562.7000122070312,563.0,563.0,26992
2023-11-21 14:26:00+05:30,562.9500122070312,563.0999755859375,562.75,562.9000244140625,562.9000244140625,30024
2023-11-21 14:27:00+05:30,562.9000244140625,563.0999755859375,562.7000122070312,562.8499755859375,562.8499755859375,25678
2023-11-21 14:28:00+05:30,563.0,563.0499877929688,562.7999877929688,562.9500122070312,562.9500122070312,18510
2023-11-21 14:29:00+05:30,562.9500122070312,563.0,562.7999877929688,562.8499755859375,562.8499755859375,15093
2023-11-21 14:30:00+05:30,562.7999877929688,563.0,562.75,562.75,562.75,29770
2023-11-21 14:31:00+05:30,562.9500122070312,563.0,562.7000122070312,562.8499755859375,562.8499755859375,20946
2023-11-21 14:32:00+05:30,562.75,563.0,562.6500244140625,562.75,562.75,19193
2023-11-21 14:33:00+05:30,562.75,562.9000244140625,562.5999755859375,562.5999755859375,562.5999755859375,31002
2023-11-21 14:34:00+05:30,562.5999755859375,562.9000244140625,562.5499877929688,562.7000122070312,562.7000122070312,33851
2023-11-21 14:35:00+05:30,562.7000122070312,562.9000244140625,562.5499877929688,562.8499755859375,562.8499755859375,31260
2023-11-21 14:36:00+05:30,562.8499755859375,562.9500122070312,562.5499877929688,562.9000244140625,562.9000244140625,42829
2023-11-21 14:37:00+05:30,562.9000244140625,562.9000244140625,562.5999755859375,562.7999877929688,562.7999877929688,26529
2023-11-21 14:38:00+05:30,562.7999877929688,562.8499755859375,562.5499877929688,562.5999755859375,562.5999755859375,55553
2023-11-21 14:39:00+05:30,562.6500244140625,562.7000122070312,562.3499755859375,562.6500244140625,562.6500244140625,62841
2023-11-21 14:40:00+05:30,562.6500244140625,562.7999877929688,562.4000244140625,562.5999755859375,562.5999755859375,65399
2023-11-21 14:41:00+05:30,562.5499877929688,562.8499755859375,562.4500122070312,562.8499755859375,562.8499755859375,51847
2023-11-21 14:42:00+05:30,562.6500244140625,562.7999877929688,562.2999877929688,562.5,562.5,50742
2023-11-21 14:43:00+05:30,562.5499877929688,562.5499877929688,562.0999755859375,562.2999877929688,562.2999877929688,55246
2023-11-21 14:44:00+05:30,562.2999877929688,562.4000244140625,561.8499755859375,562.0499877929688,562.0499877929688,138322
2023-11-21 14:45:00+05:30,562.0,562.0499877929688,561.75,561.8499755859375,561.8499755859375,71030
2023-11-21 14:46:00+05:30,561.7999877929688,562.0,561.5499877929688,561.7000122070312,561.7000122070312,104270
2023-11-21 14:47:00+05:30,561.7000122070312,561.7000122070312,561.25,561.2999877929688,561.2999877929688,104365
2023-11-21 14:48:00+05:30,561.4000244140625,561.4000244140625,561.0999755859375,561.25,561.25,111715
2023-11-21 14:49:00+05:30,561.25,561.4000244140625,561.2000122070312,561.4000244140625,561.4000244140625,108660
2023-11-21 14:50:00+05:30,561.25,561.7999877929688,561.2000122070312,561.5,561.5,103016
2023-11-21 14:51:00+05:30,561.5,561.5999755859375,561.2999877929688,561.5999755859375,561.5999755859375,55157
2023-11-21 14:52:00+05:30,561.5999755859375,561.75,561.2999877929688,561.5,561.5,79926
2023-11-21 14:53:00+05:30,561.5,561.7000122070312,561.4000244140625,561.5999755859375,561.5999755859375,68337
2023-11-21 14:54:00+05:30,561.5,561.7000122070312,561.3499755859375,561.5,561.5,87164
2023-11-21 14:55:00+05:30,561.4500122070312,561.7000122070312,561.3499755859375,561.5999755859375,561.5999755859375,57440
2023-11-21 14:56:00+05:30,561.7000122070312,561.7999877929688,561.25,561.5499877929688,561.5499877929688,75430
2023-11-21 14:57:00+05:30,561.4000244140625,561.6500244140625,561.2000122070312,561.4500122070312,561.4500122070312,100332
2023-11-21 14:58:00+05:30,561.4500122070312,561.7000122070312,561.25,561.7000122070312,561.7000122070312,56894
2023-11-21 14:59:00+05:30,561.4000244140625,561.7000122070312,561.2999877929688,561.3499755859375,561.3499755859375,62436
2023-11-21 15:00:00+05:30,561.3499755859375,561.75,561.3499755859375,561.5999755859375,561.5999755859375,112590
2023-11-21 15:01:00+05:30,561.5999755859375,561.9000244140625,561.4500122070312,561.5999755859375,561.5999755859375,84201
2023-11-21 15:02:00+05:30,561.5999755859375,561.7999877929688,561.5,561.7000122070312,561.7000122070312,107712
2023-11-21 15:03:00+05:30,561.7000122070312,561.7999877929688,561.6500244140625,561.75,561.75,75331
2023-11-21 15:04:00+05:30,561.75,561.75,561.5499877929688,561.7000122070312,561.7000122070312,94590
2023-11-21 15:05:00+05:30,561.7000122070312,561.8499755859375,561.5,561.5999755859375,561.5999755859375,98978
2023-11-21 15:06:00+05:30,561.5999755859375,561.8499755859375,561.5,561.5499877929688,561.5499877929688,76924
2023-11-21 15:08:00+05:30,561.5999755859375,561.75,561.5,561.5499877929688,561.5499877929688,226413
2023-11-21 15:09:00+05:30,561.6500244140625,562.0,561.5,562.0,562.0,109787
2023-11-21 15:10:00+05:30,562.0,562.0499877929688,561.6500244140625,561.9000244140625,561.9000244140625,146904
2023-11-21 15:11:00+05:30,561.8499755859375,562.0,561.75,561.9500122070312,561.9500122070312,77244
2023-11-21 15:12:00+05:30,561.9500122070312,562.0,561.7000122070312,561.7999877929688,561.7999877929688,85233
2023-11-21 15:13:00+05:30,561.7999877929688,561.7999877929688,561.5,561.75,561.75,123825
2023-11-21 15:14:00+05:30,561.75,561.8499755859375,561.5,561.5999755859375,561.5999755859375,130434
2023-11-21 15:15:00+05:30,561.5499877929688,561.7000122070312,561.4500122070312,561.6500244140625,561.6500244140625,149607
2023-11-21 15:16:00+05:30,561.6500244140625,561.7000122070312,561.3499755859375,561.4000244140625,561.4000244140625,164526
2023-11-21 15:17:00+05:30,561.3499755859375,561.5,561.3499755859375,561.5,561.5,155222
2023-11-21 15:18:00+05:30,561.5,561.5,561.2000122070312,561.3499755859375,561.3499755859375,150508
2023-11-21 15:19:00+05:30,561.5499877929688,561.6500244140625,561.3499755859375,561.4000244140625,561.4000244140625,101261
2023-11-21 15:20:00+05:30,561.4500122070312,561.7000122070312,561.0,561.25,561.25,290681
2023-11-21 15:21:00+05:30,561.0999755859375,561.5,561.0499877929688,561.2000122070312,561.2000122070312,124026
2023-11-21 15:22:00+05:30,561.1500244140625,561.2999877929688,561.0499877929688,561.2999877929688,561.2999877929688,72572
2023-11-21 15:23:00+05:30,561.2999877929688,561.5,561.0999755859375,561.4500122070312,561.4500122070312,79793
2023-11-21 15:24:00+05:30,561.4000244140625,561.4500122070312,561.0999755859375,561.2000122070312,561.2000122070312,142586
2023-11-21 15:25:00+05:30,561.2000122070312,561.4000244140625,561.2000122070312,561.3499755859375,561.3499755859375,63828
2023-11-21 15:26:00+05:30,561.3499755859375,561.4000244140625,561.25,561.4000244140625,561.4000244140625,72881
2023-11-21 15:27:00+05:30,561.4000244140625,561.5,561.25,561.3499755859375,561.3499755859375,75509
2023-11-21 15:28:00+05:30,561.3499755859375,561.4000244140625,561.2000122070312,561.25,561.25,95920
2023-11-21 15:29:00+05:30,561.25,561.4000244140625,561.0,561.4000244140625,561.4000244140625,122605
2023-11-22 09:15:00+05:30,562.9000244140625,563.0999755859375,561.5499877929688,562.4000244140625,562.4000244140625,0
2023-11-22 09:16:00+05:30,562.4000244140625,562.4000244140625,561.5999755859375,562.0,562.0,104933
2023-11-22 09:17:00+05:30,561.8499755859375,562.2999877929688,561.75,562.1500244140625,562.1500244140625,107365
2023-11-22 09:18:00+05:30,562.0,562.4000244140625,562.0,562.4000244140625,562.4000244140625,61961
2023-11-22 09:19:00+05:30,562.4000244140625,562.75,562.25,562.7000122070312,562.7000122070312,100662
2023-11-22 09:20:00+05:30,562.7000122070312,562.9000244140625,562.25,562.25,562.25,71850
2023-11-22 09:21:00+05:30,562.2999877929688,562.6500244140625,562.1500244140625,562.5,562.5,28791
2023-11-22 09:22:00+05:30,562.5,562.5999755859375,562.25,562.5,562.5,41875
2023-11-22 09:23:00+05:30,562.3499755859375,562.5,562.0,562.1500244140625,562.1500244140625,68886
2023-11-22 09:24:00+05:30,562.0,562.4000244140625,562.0,562.0499877929688,562.0499877929688,53422
2023-11-22 09:25:00+05:30,562.0999755859375,562.5,562.0999755859375,562.4500122070312,562.4500122070312,39171
2023-11-22 09:26:00+05:30,562.3499755859375,562.9000244140625,562.25,562.6500244140625,562.6500244140625,23898
2023-11-22 09:27:00+05:30,562.75,562.9000244140625,562.5,562.5,562.5,36120
2023-11-22 09:28:00+05:30,562.5999755859375,562.75,562.25,562.25,562.25,38228
2023-11-22 09:29:00+05:30,562.1500244140625,562.5,561.7999877929688,561.8499755859375,561.8499755859375,67472
2023-11-22 09:30:00+05:30,561.9000244140625,562.2999877929688,561.9000244140625,562.0499877929688,562.0499877929688,51006
2023-11-22 09:31:00+05:30,562.0499877929688,562.5,561.7999877929688,562.3499755859375,562.3499755859375,42358
2023-11-22 09:32:00+05:30,562.3499755859375,562.5999755859375,562.0999755859375,562.4000244140625,562.4000244140625,37698
2023-11-22 09:33:00+05:30,562.3499755859375,562.6500244140625,562.2000122070312,562.6500244140625,562.6500244140625,24602
2023-11-22 09:34:00+05:30,562.5999755859375,562.6500244140625,562.4500122070312,562.5,562.5,39983
2023-11-22 09:35:00+05:30,562.5,562.5,562.25,562.4000244140625,562.4000244140625,29046
2023-11-22 09:36:00+05:30,562.4000244140625,562.7999877929688,562.2999877929688,562.5999755859375,562.5999755859375,57835
2023-11-22 09:37:00+05:30,562.5499877929688,562.7000122070312,562.3499755859375,562.4000244140625,562.4000244140625,52197
2023-11-22 09:38:00+05:30,562.6500244140625,562.7000122070312,562.3499755859375,562.4000244140625,562.4000244140625,53023
2023-11-22 09:39:00+05:30,562.6500244140625,562.7000122070312,562.4000244140625,562.6500244140625,562.6500244140625,36780
2023-11-22 09:40:00+05:30,562.7000122070312,563.0,562.4500122070312,562.9000244140625,562.9000244140625,58985
2023-11-22 09:41:00+05:30,562.9000244140625,562.9000244140625,562.5999755859375,562.7999877929688,562.7999877929688,23337
2023-11-22 09:42:00+05:30,562.5999755859375,562.8499755859375,562.5,562.5999755859375,562.5999755859375,48070
2023-11-22 09:43:00+05:30,562.5999755859375,562.9000244140625,562.5,562.5999755859375,562.5999755859375,24732
2023-11-22 09:44:00+05:30,562.7000122070312,562.9500122070312,562.5999755859375,562.5999755859375,562.5999755859375,83317
2023-11-22 09:45:00+05:30,562.5999755859375,562.9000244140625,562.5,562.8499755859375,562.8499755859375,39651
2023-11-22 09:46:00+05:30,562.8499755859375,562.9500122070312,562.5999755859375,562.75,562.75,18158
2023-11-22 09:47:00+05:30,562.9000244140625,563.0,562.75,562.8499755859375,562.8499755859375,13785
2023-11-22 09:48:00+05:30,562.9500122070312,563.4000244140625,562.8499755859375,563.3499755859375,563.3499755859375,71316
2023-11-22 09:49:00+05:30,563.2999877929688,563.75,563.25,563.4500122070312,563.4500122070312,62293
2023-11-22 09:50:00+05:30,563.4000244140625,563.7000122070312,563.3499755859375,563.5999755859375,563.5999755859375,31797
2023-11-22 09:51:00+05:30,563.7000122070312,563.9000244140625,563.5499877929688,563.9000244140625,563.9000244140625,35284
2023-11-22 09:52:00+05:30,563.7000122070312,564.1500244140625,563.7000122070312,563.7999877929688,563.7999877929688,73273
2023-11-22 09:53:00+05:30,563.7999877929688,564.4500122070312,563.75,564.0999755859375,564.0999755859375,62878
2023-11-22 09:54:00+05:30,564.2999877929688,564.2999877929688,563.9500122070312,564.25,564.25,68549
2023-11-22 09:55:00+05:30,564.0499877929688,564.2000122070312,563.9000244140625,563.9000244140625,563.9000244140625,46541
2023-11-22 09:56:00+05:30,564.0,564.0499877929688,563.7999877929688,564.0,564.0,37707
2023-11-22 09:57:00+05:30,563.8499755859375,564.0499877929688,563.7000122070312,563.75,563.75,23718
2023-11-22 09:58:00+05:30,563.7000122070312,563.7999877929688,563.5,563.5499877929688,563.5499877929688,33875
2023-11-22 09:59:00+05:30,563.5499877929688,563.75,563.3499755859375,563.5,563.5,34457
2023-11-22 10:00:00+05:30,563.5499877929688,563.7000122070312,563.25,563.4500122070312,563.4500122070312,39341
2023-11-22 10:01:00+05:30,563.25,563.5499877929688,563.25,563.3499755859375,563.3499755859375,18750
2023-11-22 10:02:00+05:30,563.4500122070312,563.7000122070312,563.2999877929688,563.6500244140625,563.6500244140625,18933
2023-11-22 10:03:00+05:30,563.5,563.7000122070312,563.4500122070312,563.6500244140625,563.6500244140625,14011
2023-11-22 10:04:00+05:30,563.6500244140625,563.7000122070312,563.4000244140625,563.4500122070312,563.4500122070312,10897
2023-11-22 10:05:00+05:30,563.4000244140625,563.4500122070312,563.2999877929688,563.2999877929688,563.2999877929688,8050
2023-11-22 10:06:00+05:30,563.3499755859375,563.5,563.2999877929688,563.3499755859375,563.3499755859375,14189
2023-11-22 10:07:00+05:30,563.4500122070312,563.4500122070312,563.25,563.4000244140625,563.4000244140625,8279
2023-11-22 10:08:00+05:30,563.3499755859375,563.4000244140625,563.2999877929688,563.3499755859375,563.3499755859375,8307
2023-11-22 10:09:00+05:30,563.2999877929688,563.3499755859375,563.2000122070312,563.2000122070312,563.2000122070312,8956
2023-11-22 10:10:00+05:30,563.1500244140625,563.5499877929688,563.1500244140625,563.5,563.5,17424
2023-11-22 10:11:00+05:30,563.5,563.5999755859375,563.4500122070312,563.4500122070312,563.4500122070312,10793
2023-11-22 10:12:00+05:30,563.5,563.5,563.4000244140625,563.4000244140625,563.4000244140625,8025
2023-11-22 10:13:00+05:30,563.4000244140625,563.4500122070312,563.4000244140625,563.4000244140625,563.4000244140625,7062
2023-11-22 10:14:00+05:30,563.4000244140625,563.4500122070312,563.4000244140625,563.4500122070312,563.4500122070312,7003
2023-11-22 10:15:00+05:30,563.4000244140625,563.4000244140625,563.25,563.25,563.25,9272
2023-11-22 10:16:00+05:30,563.25,563.2999877929688,563.0499877929688,563.0999755859375,563.0999755859375,24486
2023-11-22 10:17:00+05:30,563.0999755859375,563.0999755859375,563.0,563.0,563.0,22629
2023-11-22 10:18:00+05:30,563.0499877929688,563.2999877929688,563.0,563.25,563.25,15716
2023-11-22 10:19:00+05:30,563.2999877929688,563.3499755859375,563.2000122070312,563.2999877929688,563.2999877929688,13177
2023-11-22 10:20:00+05:30,563.2999877929688,563.2999877929688,563.0999755859375,563.0999755859375,563.0999755859375,18042
2023-11-22 10:21:00+05:30,563.0499877929688,563.25,562.6500244140625,562.7999877929688,562.7999877929688,45153
2023-11-22 10:22:00+05:30,562.7000122070312,563.0,562.4000244140625,562.75,562.75,78466
2023-11-22 10:23:00+05:30,562.75,562.75,562.4500122070312,562.4500122070312,562.4500122070312,19906
2023-11-22 10:24:00+05:30,562.5,562.5,561.7999877929688,562.0999755859375,562.0999755859375,112350
2023-11-22 10:25:00+05:30,562.0999755859375,562.5,561.9000244140625,562.5,562.5,23200
2023-11-22 10:26:00+05:30,562.5,562.5,562.0,562.2000122070312,562.2000122070312,24581
2023-11-22 10:27:00+05:30,562.2000122070312,562.4500122070312,562.0999755859375,562.0999755859375,562.0999755859375,26163
2023-11-22 10:28:00+05:30,562.2999877929688,562.3499755859375,562.0999755859375,562.2000122070312,562.2000122070312,20987
2023-11-22 10:29:00+05:30,562.25,562.3499755859375,562.0499877929688,562.1500244140625,562.1500244140625,19545
2023-11-22 10:30:00+05:30,562.0999755859375,562.25,561.25,561.2999877929688,561.2999877929688,121933
2023-11-22 10:31:00+05:30,561.5,561.75,561.2999877929688,561.5,561.5,60946
2023-11-22 10:32:00+05:30,561.5499877929688,562.0,561.5,562.0,562.0,29339
2023-11-22 10:33:00+05:30,561.9000244140625,562.0499877929688,561.75,562.0,562.0,24524
2023-11-22 10:34:00+05:30,562.0,562.0,561.75,561.9000244140625,561.9000244140625,15835
2023-11-22 10:35:00+05:30,561.9000244140625,562.2000122070312,561.8499755859375,561.9500122070312,561.9500122070312,33762
2023-11-22 10:36:00+05:30,561.9000244140625,562.1500244140625,561.8499755859375,561.8499755859375,561.8499755859375,17070
2023-11-22 10:37:00+05:30,561.9000244140625,562.0999755859375,561.8499755859375,562.0499877929688,562.0499877929688,9189
2023-11-22 10:38:00+05:30,561.9500122070312,562.0499877929688,561.9500122070312,562.0,562.0,8925
2023-11-22 10:39:00+05:30,562.0,562.1500244140625,562.0,562.0999755859375,562.0999755859375,8659
2023-11-22 10:40:00+05:30,562.1500244140625,562.25,561.9500122070312,562.0,562.0,13606
2023-11-22 10:41:00+05:30,561.9500122070312,562.0,561.9000244140625,561.9000244140625,561.9000244140625,12395
2023-11-22 10:42:00+05:30,561.9500122070312,562.0,561.9000244140625,561.9500122070312,561.9500122070312,3774
2023-11-22 10:43:00+05:30,562.0,562.2000122070312,561.9000244140625,562.2000122070312,562.2000122070312,14640
2023-11-22 10:44:00+05:30,562.0999755859375,562.2999877929688,562.0499877929688,562.0499877929688,562.0499877929688,3614
2023-11-22 10:45:00+05:30,562.1500244140625,562.1500244140625,562.0499877929688,562.0999755859375,562.0999755859375,4871
2023-11-22 10:46:00+05:30,562.0499877929688,562.2000122070312,562.0,562.0999755859375,562.0999755859375,10224
2023-11-22 10:47:00+05:30,562.0999755859375,562.0999755859375,561.9500122070312,562.0499877929688,562.0499877929688,9060
2023-11-22 10:48:00+05:30,562.0,562.2000122070312,562.0,562.1500244140625,562.1500244140625,7121
2023-11-22 10:49:00+05:30,562.1500244140625,562.4500122070312,562.0499877929688,562.4500122070312,562.4500122070312,18742
2023-11-22 10:50:00+05:30,562.5,562.6500244140625,562.4500122070312,562.5499877929688,562.5499877929688,12649
2023-11-22 10:51:00+05:30,562.6500244140625,562.6500244140625,562.3499755859375,562.4500122070312,562.4500122070312,7749
2023-11-22 10:52:00+05:30,562.4500122070312,562.4500122070312,562.2999877929688,562.2999877929688,562.2999877929688,8300
2023-11-22 10:53:00+05:30,562.2999877929688,562.3499755859375,562.1500244140625,562.2999877929688,562.2999877929688,12735
2023-11-22 10:54:00+05:30,562.2999877929688,562.4000244140625,562.2000122070312,562.2000122070312,562.2000122070312,4624
2023-11-22 10:55:00+05:30,562.2000122070312,562.3499755859375,562.2000122070312,562.25,562.25,6057
2023-11-22 10:56:00+05:30,562.2000122070312,562.3499755859375,562.2000122070312,562.25,562.25,8289
2023-11-22 10:57:00+05:30,562.2000122070312,562.4500122070312,562.2000122070312,562.2000122070312,562.2000122070312,8316
2023-11-22 10:58:00+05:30,562.2999877929688,562.2999877929688,561.9000244140625,561.9500122070312,561.9500122070312,39269
2023-11-22 10:59:00+05:30,561.9500122070312,562.0,561.8499755859375,561.9500122070312,561.9500122070312,9042
2023-11-22 11:00:00+05:30,561.9500122070312,562.0999755859375,561.9000244140625,561.9500122070312,561.9500122070312,7460
2023-11-22 11:01:00+05:30,562.0499877929688,562.4000244140625,562.0,562.0499877929688,562.0499877929688,8095
2023-11-22 11:02:00+05:30,562.0999755859375,562.0999755859375,562.0,562.0499877929688,562.0499877929688,5300
2023-11-22 11:03:00+05:30,562.0499877929688,562.3499755859375,562.0,562.2999877929688,562.2999877929688,10878
2023-11-22 11:04:00+05:30,562.25,562.25,562.0499877929688,562.2000122070312,562.2000122070312,7727
2023-11-22 11:05:00+05:30,562.2000122070312,562.3499755859375,562.0499877929688,562.25,562.25,5037
2023-11-22 11:06:00+05:30,562.2999877929688,562.4000244140625,562.2000122070312,562.4000244140625,562.4000244140625,4466
2023-11-22 11:07:00+05:30,562.3499755859375,562.5,562.2999877929688,562.3499755859375,562.3499755859375,11168
2023-11-22 11:08:00+05:30,562.3499755859375,562.3499755859375,562.25,562.2999877929688,562.2999877929688,16085
2023-11-22 11:09:00+05:30,562.2999877929688,562.2999877929688,562.0,562.0499877929688,562.0499877929688,18096
2023-11-22 11:10:00+05:30,562.0,562.2999877929688,562.0,562.1500244140625,562.1500244140625,7802
2023-11-22 11:11:00+05:30,562.1500244140625,562.4000244140625,562.0999755859375,562.1500244140625,562.1500244140625,5565
2023-11-22 11:12:00+05:30,562.1500244140625,562.2000122070312,562.0499877929688,562.0999755859375,562.0999755859375,8510
2023-11-22 11:13:00+05:30,562.0499877929688,562.0999755859375,562.0499877929688,562.0999755859375,562.0999755859375,3751
2023-11-22 11:14:00+05:30,562.0499877929688,562.2000122070312,562.0,562.1500244140625,562.1500244140625,20737
2023-11-22 11:15:00+05:30,562.1500244140625,562.2999877929688,562.0499877929688,562.0999755859375,562.0999755859375,10282
2023-11-22 11:16:00+05:30,562.1500244140625,562.1500244140625,562.0,562.0999755859375,562.0999755859375,10590
2023-11-22 11:17:00+05:30,562.0999755859375,562.2999877929688,562.0,562.1500244140625,562.1500244140625,7518
2023-11-22 11:18:00+05:30,562.0999755859375,562.2999877929688,562.0999755859375,562.2000122070312,562.2000122070312,6077
2023-11-22 11:19:00+05:30,562.2000122070312,562.2999877929688,562.0999755859375,562.1500244140625,562.1500244140625,9159
2023-11-22 11:20:00+05:30,562.0999755859375,562.25,562.0999755859375,562.25,562.25,5591
2023-11-22 11:21:00+05:30,562.25,562.2999877929688,562.0999755859375,562.2000122070312,562.2000122070312,3346
2023-11-22 11:22:00+05:30,562.2000122070312,562.2999877929688,562.1500244140625,562.2000122070312,562.2000122070312,6941
2023-11-22 11:23:00+05:30,562.1500244140625,562.25,562.0999755859375,562.0999755859375,562.0999755859375,10966
2023-11-22 11:24:00+05:30,562.0999755859375,562.25,562.0999755859375,562.1500244140625,562.1500244140625,5396
2023-11-22 11:25:00+05:30,562.1500244140625,562.2000122070312,562.0999755859375,562.0999755859375,562.0999755859375,4338
2023-11-22 11:26:00+05:30,562.1500244140625,562.2999877929688,562.0999755859375,562.1500244140625,562.1500244140625,5138
2023-11-22 11:27:00+05:30,562.1500244140625,562.2999877929688,562.0999755859375,562.0999755859375,562.0999755859375,6211
2023-11-22 11:28:00+05:30,562.1500244140625,562.25,562.0499877929688,562.1500244140625,562.1500244140625,9385
2023-11-22 11:29:00+05:30,562.1500244140625,562.3499755859375,562.0499877929688,562.3499755859375,562.3499755859375,12175
2023-11-22 11:30:00+05:30,562.25,562.3499755859375,562.2000122070312,562.3499755859375,562.3499755859375,4914
2023-11-22 11:31:00+05:30,562.25,562.5,562.25,562.25,562.25,32915
2023-11-22 11:32:00+05:30,562.25,562.4500122070312,562.25,562.2999877929688,562.2999877929688,11012
2023-11-22 11:33:00+05:30,562.4000244140625,562.4500122070312,562.2000122070312,562.2000122070312,562.2000122070312,11227
2023-11-22 11:34:00+05:30,562.2000122070312,562.4000244140625,562.1500244140625,562.25,562.25,6160
2023-11-22 11:35:00+05:30,562.25,562.4000244140625,562.1500244140625,562.25,562.25,8326
2023-11-22 11:36:00+05:30,562.2000122070312,562.4000244140625,562.2000122070312,562.3499755859375,562.3499755859375,10250
2023-11-22 11:37:00+05:30,562.3499755859375,562.3499755859375,562.2999877929688,562.2999877929688,562.2999877929688,6805
2023-11-22 11:38:00+05:30,562.2999877929688,562.4500122070312,562.2000122070312,562.2000122070312,562.2000122070312,8368
2023-11-22 11:39:00+05:30,562.2999877929688,562.4500122070312,562.2000122070312,562.4000244140625,562.4000244140625,12614
2023-11-22 11:40:00+05:30,562.4000244140625,562.4500122070312,562.2000122070312,562.2000122070312,562.2000122070312,9626
2023-11-22 11:41:00+05:30,562.25,562.2999877929688,562.0499877929688,562.0999755859375,562.0999755859375,13355
2023-11-22 11:42:00+05:30,562.0499877929688,562.0999755859375,561.7999877929688,561.9000244140625,561.9000244140625,51610
2023-11-22 11:43:00+05:30,561.9500122070312,562.1500244140625,561.8499755859375,561.9500122070312,561.9500122070312,11407
2023-11-22 11:44:00+05:30,561.9500122070312,562.1500244140625,561.9000244140625,561.9000244140625,561.9000244140625,14415
2023-11-22 11:45:00+05:30,561.9500122070312,562.0999755859375,561.5999755859375,561.75,561.75,45206
2023-11-22 11:46:00+05:30,561.75,561.75,560.8499755859375,560.9000244140625,560.9000244140625,151469
2023-11-22 11:47:00+05:30,560.9000244140625,561.0999755859375,560.7000122070312,561.0999755859375,561.0999755859375,83034
2023-11-22 11:48:00+05:30,561.0499877929688,561.0499877929688,560.5999755859375,560.75,560.75,83228
2023-11-22 11:49:00+05:30,560.8499755859375,560.8499755859375,560.4000244140625,560.4000244140625,560.4000244140625,82517
2023-11-22 11:50:00+05:30,560.5,560.7999877929688,560.2999877929688,560.5499877929688,560.5499877929688,65751
2023-11-22 11:51:00+05:30,560.5999755859375,560.7000122070312,560.3499755859375,560.5,560.5,43637
2023-11-22 11:52:00+05:30,560.5999755859375,560.6500244140625,560.2000122070312,560.25,560.25,62240
2023-11-22 11:53:00+05:30,560.2000122070312,560.5499877929688,560.0499877929688,560.0999755859375,560.0999755859375,184523
2023-11-22 11:54:00+05:30,560.2999877929688,560.2999877929688,560.0,560.1500244140625,560.1500244140625,31256
2023-11-22 11:55:00+05:30,560.0,560.25,560.0,560.0,560.0,36047
2023-11-22 11:56:00+05:30,560.0499877929688,560.4000244140625,560.0,560.2999877929688,560.2999877929688,13013
2023-11-22 11:57:00+05:30,560.25,560.4500122070312,560.25,560.4000244140625,560.4000244140625,10223
2023-11-22 11:58:00+05:30,560.4000244140625,560.5999755859375,560.3499755859375,560.5,560.5,17868
2023-11-22 11:59:00+05:30,560.5,560.9000244140625,560.4000244140625,560.7000122070312,560.7000122070312,15512
2023-11-22 12:00:00+05:30,560.7000122070312,560.9500122070312,560.6500244140625,560.75,560.75,8667
2023-11-22 12:01:00+05:30,560.7999877929688,560.7999877929688,560.6500244140625,560.7000122070312,560.7000122070312,6423
2023-11-22 12:02:00+05:30,560.6500244140625,560.8499755859375,560.6500244140625,560.7999877929688,560.7999877929688,10112
2023-11-22 12:03:00+05:30,560.7999877929688,560.9000244140625,560.7000122070312,560.75,560.75,7591
2023-11-22 12:04:00+05:30,560.7000122070312,560.8499755859375,560.7000122070312,560.75,560.75,4654
2023-11-22 12:05:00+05:30,560.7999877929688,560.9000244140625,560.7000122070312,560.8499755859375,560.8499755859375,14473
2023-11-22 12:06:00+05:30,560.8499755859375,561.0,560.8499755859375,560.8499755859375,560.8499755859375,18873
2023-11-22 12:07:00+05:30,560.8499755859375,561.1500244140625,560.8499755859375,561.1500244140625,561.1500244140625,21147
2023-11-22 12:08:00+05:30,561.0,561.0999755859375,560.8499755859375,561.0499877929688,561.0499877929688,12764
2023-11-22 12:09:00+05:30,561.0499877929688,561.0499877929688,560.8499755859375,561.0,561.0,10192
2023-11-22 12:10:00+05:30,561.0,561.0499877929688,560.75,560.7999877929688,560.7999877929688,23403
2023-11-22 12:11:00+05:30,560.7999877929688,560.9500122070312,560.7000122070312,560.7000122070312,560.7000122070312,6562
2023-11-22 12:12:00+05:30,560.7000122070312,560.7000122070312,560.5,560.5,560.5,12267
2023-11-22 12:13:00+05:30,560.5,560.5999755859375,560.4000244140625,560.5,560.5,11885
2023-11-22 12:14:00+05:30,560.4500122070312,560.5,559.9500122070312,559.9500122070312,559.9500122070312,107717
2023-11-22 12:15:00+05:30,559.8499755859375,560.2000122070312,559.8499755859375,560.0499877929688,560.0499877929688,42125
2023-11-22 12:16:00+05:30,560.0499877929688,560.25,559.9000244140625,560.0499877929688,560.0499877929688,17445
2023-11-22 12:17:00+05:30,559.9000244140625,560.2000122070312,559.9000244140625,560.0,560.0,12241
2023-11-22 12:18:00+05:30,560.0,560.0999755859375,559.8499755859375,560.0,560.0,10898
2023-11-22 12:19:00+05:30,559.9000244140625,560.0999755859375,559.0,559.0999755859375,559.0999755859375,68831
2023-11-22 12:20:00+05:30,559.0499877929688,559.0999755859375,558.7999877929688,558.7999877929688,558.7999877929688,44584
2023-11-22 12:21:00+05:30,558.9000244140625,559.2000122070312,558.7999877929688,559.2000122070312,559.2000122070312,26446
2023-11-22 12:22:00+05:30,559.2000122070312,559.3499755859375,558.7000122070312,559.0,559.0,38009
2023-11-22 12:23:00+05:30,559.0499877929688,559.1500244140625,558.0499877929688,558.0499877929688,558.0499877929688,66968
2023-11-22 12:24:00+05:30,558.25,558.25,557.2999877929688,557.5499877929688,557.5499877929688,121339
2023-11-22 12:25:00+05:30,557.5,557.5,557.0499877929688,557.4500122070312,557.4500122070312,62415
2023-11-22 12:26:00+05:30,557.3499755859375,557.5999755859375,557.0,557.1500244140625,557.1500244140625,53374
2023-11-22 12:27:00+05:30,557.2000122070312,557.6500244140625,557.0499877929688,557.4000244140625,557.4000244140625,79094
2023-11-22 12:28:00+05:30,557.25,557.4500122070312,557.0999755859375,557.2000122070312,557.2000122070312,34003
2023-11-22 12:29:00+05:30,557.0,557.4000244140625,557.0,557.1500244140625,557.1500244140625,98967
2023-11-22 12:30:00+05:30,557.2000122070312,557.4000244140625,556.75,557.0,557.0,102213
2023-11-22 12:31:00+05:30,557.0,557.4500122070312,556.9000244140625,557.1500244140625,557.1500244140625,100258
2023-11-22 12:32:00+05:30,557.2000122070312,557.5999755859375,556.8499755859375,556.9000244140625,556.9000244140625,39745
2023-11-22 12:33:00+05:30,557.0,557.4500122070312,556.9000244140625,557.2999877929688,557.2999877929688,35793
2023-11-22 12:34:00+05:30,557.2999877929688,557.4000244140625,557.0499877929688,557.25,557.25,33241
2023-11-22 12:35:00+05:30,557.3499755859375,557.4000244140625,556.75,557.0499877929688,557.0499877929688,63497
2023-11-22 12:36:00+05:30,557.0499877929688,557.25,556.75,556.9500122070312,556.9500122070312,32334
2023-11-22 12:37:00+05:30,557.0,557.2000122070312,556.9500122070312,557.0,557.0,34380
2023-11-22 12:38:00+05:30,557.0,557.3499755859375,556.9000244140625,557.25,557.25,38789
2023-11-22 12:39:00+05:30,557.25,557.3499755859375,557.0499877929688,557.1500244140625,557.1500244140625,18366
2023-11-22 12:40:00+05:30,557.1500244140625,557.25,557.0,557.0499877929688,557.0499877929688,16671
2023-11-22 12:41:00+05:30,557.0999755859375,557.4500122070312,557.0499877929688,557.2000122070312,557.2000122070312,17282
2023-11-22 12:42:00+05:30,557.25,557.5999755859375,557.0499877929688,557.5,557.5,20026
2023-11-22 12:43:00+05:30,557.5499877929688,557.5499877929688,557.2000122070312,557.2999877929688,557.2999877929688,20390
2023-11-22 12:44:00+05:30,557.2999877929688,557.4500122070312,557.0999755859375,557.4000244140625,557.4000244140625,21638
2023-11-22 12:45:00+05:30,557.4000244140625,557.4000244140625,556.9500122070312,556.9500122070312,556.9500122070312,37347
2023-11-22 12:46:00+05:30,557.0,557.2999877929688,556.9000244140625,557.0499877929688,557.0499877929688,21315
2023-11-22 12:47:00+05:30,557.0499877929688,557.4000244140625,557.0499877929688,557.3499755859375,557.3499755859375,6707
2023-11-22 12:48:00+05:30,557.2000122070312,557.4000244140625,557.0999755859375,557.25,557.25,12814
2023-11-22 12:49:00+05:30,557.1500244140625,557.5,557.1500244140625,557.25,557.25,34463
2023-11-22 12:50:00+05:30,557.25,557.5999755859375,557.25,557.5999755859375,557.5999755859375,16125
2023-11-22 12:51:00+05:30,557.5,557.75,557.25,557.3499755859375,557.3499755859375,26283
2023-11-22 12:52:00+05:30,557.2999877929688,557.5,557.25,557.4500122070312,557.4500122070312,10492
2023-11-22 12:53:00+05:30,557.2999877929688,557.4500122070312,557.25,557.4000244140625,557.4000244140625,12462
2023-11-22 12:54:00+05:30,557.4000244140625,557.4000244140625,557.25,557.3499755859375,557.3499755859375,10122
2023-11-22 12:55:00+05:30,557.3499755859375,557.4000244140625,557.0,557.0,557.0,51338
2023-11-22 12:56:00+05:30,557.0499877929688,557.25,556.9500122070312,557.2000122070312,557.2000122070312,85383
2023-11-22 12:57:00+05:30,557.1500244140625,557.2000122070312,556.9000244140625,556.9500122070312,556.9500122070312,23707
2023-11-22 12:58:00+05:30,556.9000244140625,557.0499877929688,556.0,556.4500122070312,556.4500122070312,133578
2023-11-22 12:59:00+05:30,556.3499755859375,557.0499877929688,556.2999877929688,557.0,557.0,30597
2023-11-22 13:00:00+05:30,556.9500122070312,557.0999755859375,556.7999877929688,556.9000244140625,556.9000244140625,12858
2023-11-22 13:01:00+05:30,557.0,557.0499877929688,556.8499755859375,556.9000244140625,556.9000244140625,14208
2023-11-22 13:02:00+05:30,556.9000244140625,556.9000244140625,556.7000122070312,556.75,556.75,30065
2023-11-22 13:03:00+05:30,556.75,556.9000244140625,556.7000122070312,556.75,556.75,36577
2023-11-22 13:04:00+05:30,556.7000122070312,556.9000244140625,556.5499877929688,556.7000122070312,556.7000122070312,28121
2023-11-22 13:05:00+05:30,556.8499755859375,557.0499877929688,556.7000122070312,556.8499755859375,556.8499755859375,30011
2023-11-22 13:06:00+05:30,556.9500122070312,557.0999755859375,556.8499755859375,557.0499877929688,557.0499877929688,57291
2023-11-22 13:07:00+05:30,557.0,557.1500244140625,556.7999877929688,556.7999877929688,556.7999877929688,84089
2023-11-22 13:08:00+05:30,557.0,557.0999755859375,556.7999877929688,556.8499755859375,556.8499755859375,53316
2023-11-22 13:09:00+05:30,556.7999877929688,557.0499877929688,556.7999877929688,556.9500122070312,556.9500122070312,47390
2023-11-22 13:10:00+05:30,556.9500122070312,557.0499877929688,556.7999877929688,557.0,557.0,22214
2023-11-22 13:11:00+05:30,557.0,557.0999755859375,556.8499755859375,557.0499877929688,557.0499877929688,20223
2023-11-22 13:12:00+05:30,557.0,557.0999755859375,556.9000244140625,556.9500122070312,556.9500122070312,22441
2023-11-22 13:13:00+05:30,556.9500122070312,557.0,556.8499755859375,556.9000244140625,556.9000244140625,48885
2023-11-22 13:14:00+05:30,556.9000244140625,557.0499877929688,556.9000244140625,556.9500122070312,556.9500122070312,31734
2023-11-22 13:15:00+05:30,556.9500122070312,557.0999755859375,556.9000244140625,557.0499877929688,557.0499877929688,37237
2023-11-22 13:16:00+05:30,557.0499877929688,557.0999755859375,556.9000244140625,557.0499877929688,557.0499877929688,49761
2023-11-22 13:17:00+05:30,557.0499877929688,557.0499877929688,556.9000244140625,557.0,557.0,14387
2023-11-22 13:18:00+05:30,557.0,557.0,556.9000244140625,556.9000244140625,556.9000244140625,15315
2023-11-22 13:19:00+05:30,556.9000244140625,557.0,556.8499755859375,557.0,557.0,13391
2023-11-22 13:20:00+05:30,556.9500122070312,557.0,556.8499755859375,556.9000244140625,556.9000244140625,10943
2023-11-22 13:21:00+05:30,556.9000244140625,557.0499877929688,556.8499755859375,557.0,557.0,23149
2023-11-22 13:22:00+05:30,557.0,557.0499877929688,556.9000244140625,557.0,557.0,29223
2023-11-22 13:23:00+05:30,556.9500122070312,557.1500244140625,556.9000244140625,556.9000244140625,556.9000244140625,49085
2023-11-22 13:24:00+05:30,557.0499877929688,557.2000122070312,556.9000244140625,557.2000122070312,557.2000122070312,21617
2023-11-22 13:25:00+05:30,557.2000122070312,557.2000122070312,556.8499755859375,556.9000244140625,556.9000244140625,134510
2023-11-22 13:26:00+05:30,557.0499877929688,557.25,556.8499755859375,557.1500244140625,557.1500244140625,47571
2023-11-22 13:27:00+05:30,557.1500244140625,557.25,557.0,557.0,557.0,9343
2023-11-22 13:28:00+05:30,557.0,557.2999877929688,557.0,557.2000122070312,557.2000122070312,5760
2023-11-22 13:29:00+05:30,557.25,557.2999877929688,557.0499877929688,557.0499877929688,557.0499877929688,12063
2023-11-22 13:30:00+05:30,557.0999755859375,557.2000122070312,557.0,557.0999755859375,557.0999755859375,19474
2023-11-22 13:31:00+05:30,557.0999755859375,557.2000122070312,557.0,557.0,557.0,10871
2023-11-22 13:32:00+05:30,557.0,557.1500244140625,556.9500122070312,557.0999755859375,557.0999755859375,39184
2023-11-22 13:33:00+05:30,557.0999755859375,557.1500244140625,557.0,557.0999755859375,557.0999755859375,18618
2023-11-22 13:34:00+05:30,557.0999755859375,557.1500244140625,557.0499877929688,557.0499877929688,557.0499877929688,13838
2023-11-22 13:35:00+05:30,557.0999755859375,557.0999755859375,557.0,557.0,557.0,25371
2023-11-22 13:36:00+05:30,557.0999755859375,557.3499755859375,556.9500122070312,557.0999755859375,557.0999755859375,107281
2023-11-22 13:37:00+05:30,557.25,557.4500122070312,557.0499877929688,557.1500244140625,557.1500244140625,170483
2023-11-22 13:38:00+05:30,557.0999755859375,557.2999877929688,557.0,557.2000122070312,557.2000122070312,30830
2023-11-22 13:39:00+05:30,557.0999755859375,557.25,556.9500122070312,557.0999755859375,557.0999755859375,41408
2023-11-22 13:40:00+05:30,557.0999755859375,557.2000122070312,557.0499877929688,557.1500244140625,557.1500244140625,76022
2023-11-22 13:41:00+05:30,557.1500244140625,557.1500244140625,556.7999877929688,556.9500122070312,556.9500122070312,45445
2023-11-22 13:42:00+05:30,556.9000244140625,556.9500122070312,556.7999877929688,556.9500122070312,556.9500122070312,17238
2023-11-22 13:43:00+05:30,556.8499755859375,556.9500122070312,556.2999877929688,556.4000244140625,556.4000244140625,43352
2023-11-22 13:44:00+05:30,556.4000244140625,556.4000244140625,556.1500244140625,556.3499755859375,556.3499755859375,35865
2023-11-22 13:45:00+05:30,556.3499755859375,556.4000244140625,556.2000122070312,556.3499755859375,556.3499755859375,51144
2023-11-22 13:46:00+05:30,556.2999877929688,556.4500122070312,556.2000122070312,556.3499755859375,556.3499755859375,36264
2023-11-22 13:47:00+05:30,556.3499755859375,556.5,556.25,556.4000244140625,556.4000244140625,16777
2023-11-22 13:48:00+05:30,556.4500122070312,556.6500244140625,556.4500122070312,556.5,556.5,18437
2023-11-22 13:49:00+05:30,556.6500244140625,556.75,556.5,556.5499877929688,556.5499877929688,28836
2023-11-22 13:50:00+05:30,556.5499877929688,556.75,556.5,556.5499877929688,556.5499877929688,11988
2023-11-22 13:51:00+05:30,556.5,556.7000122070312,556.5,556.7000122070312,556.7000122070312,14814
2023-11-22 13:52:00+05:30,556.7000122070312,556.75,556.5,556.6500244140625,556.6500244140625,14829
2023-11-22 13:53:00+05:30,556.6500244140625,556.6500244140625,556.2000122070312,556.2000122070312,556.2000122070312,31596
2023-11-22 13:54:00+05:30,556.2000122070312,556.4000244140625,556.0499877929688,556.0999755859375,556.0999755859375,43089
2023-11-22 13:55:00+05:30,556.1500244140625,556.25,556.0499877929688,556.1500244140625,556.1500244140625,23430
2023-11-22 13:56:00+05:30,556.1500244140625,556.4000244140625,556.1500244140625,556.4000244140625,556.4000244140625,36287
2023-11-22 13:57:00+05:30,556.4000244140625,556.5,556.3499755859375,556.4500122070312,556.4500122070312,30634
2023-11-22 13:58:00+05:30,556.3499755859375,556.5,556.1500244140625,556.4000244140625,556.4000244140625,96562
2023-11-22 13:59:00+05:30,556.2000122070312,556.4000244140625,556.1500244140625,556.3499755859375,556.3499755859375,20270
2023-11-22 14:00:00+05:30,556.1500244140625,556.4000244140625,555.9500122070312,556.1500244140625,556.1500244140625,148921
2023-11-22 14:01:00+05:30,556.1500244140625,556.2000122070312,555.9500122070312,556.1500244140625,556.1500244140625,51651
2023-11-22 14:02:00+05:30,556.0999755859375,556.2000122070312,556.0499877929688,556.0999755859375,556.0999755859375,20979
2023-11-22 14:03:00+05:30,556.1500244140625,556.4000244140625,556.0999755859375,556.3499755859375,556.3499755859375,60054
2023-11-22 14:04:00+05:30,556.2999877929688,556.5,556.2999877929688,556.4000244140625,556.4000244140625,19858
2023-11-22 14:05:00+05:30,556.2999877929688,556.5,556.25,556.4000244140625,556.4000244140625,5062
2023-11-22 14:06:00+05:30,556.3499755859375,556.4500122070312,556.25,556.3499755859375,556.3499755859375,16787
2023-11-22 14:07:00+05:30,556.3499755859375,556.3499755859375,556.0,556.0499877929688,556.0499877929688,23777
2023-11-22 14:08:00+05:30,556.0499877929688,556.1500244140625,555.8499755859375,555.8499755859375,555.8499755859375,50178
2023-11-22 14:09:00+05:30,556.0,556.25,555.9000244140625,556.0499877929688,556.0499877929688,26153
2023-11-22 14:10:00+05:30,556.0499877929688,556.1500244140625,555.9000244140625,556.0,556.0,15938
2023-11-22 14:11:00+05:30,556.0,556.0499877929688,555.9000244140625,556.0499877929688,556.0499877929688,10974
2023-11-22 14:12:00+05:30,556.0499877929688,556.0999755859375,555.9000244140625,556.0,556.0,13470
2023-11-22 14:13:00+05:30,555.9500122070312,556.0,555.7000122070312,555.7999877929688,555.7999877929688,52731
2023-11-22 14:14:00+05:30,555.7999877929688,555.8499755859375,555.5,555.5499877929688,555.5499877929688,49095
2023-11-22 14:15:00+05:30,555.6500244140625,555.7000122070312,555.2000122070312,555.2999877929688,555.2999877929688,112887
2023-11-22 14:16:00+05:30,555.3499755859375,555.5999755859375,555.2999877929688,555.4000244140625,555.4000244140625,64278
2023-11-22 14:17:00+05:30,555.4000244140625,555.7000122070312,555.2999877929688,555.4000244140625,555.4000244140625,163309
2023-11-22 14:18:00+05:30,555.4000244140625,555.75,555.3499755859375,555.6500244140625,555.6500244140625,143215
2023-11-22 14:19:00+05:30,555.6500244140625,555.9500122070312,555.5499877929688,555.9500122070312,555.9500122070312,16754
2023-11-22 14:20:00+05:30,555.8499755859375,555.9500122070312,555.5499877929688,555.7999877929688,555.7999877929688,76204
2023-11-22 14:21:00+05:30,555.5499877929688,555.7999877929688,555.5,555.7999877929688,555.7999877929688,70248
2023-11-22 14:22:00+05:30,555.7999877929688,555.7999877929688,555.3499755859375,555.5,555.5,82226
2023-11-22 14:23:00+05:30,555.5,555.5,555.3499755859375,555.5,555.5,81441
2023-11-22 14:24:00+05:30,555.4000244140625,555.9000244140625,555.4000244140625,555.9000244140625,555.9000244140625,64261
2023-11-22 14:25:00+05:30,555.9000244140625,556.0,555.7999877929688,555.9500122070312,555.9500122070312,50804
2023-11-22 14:26:00+05:30,555.9500122070312,556.0,555.5,555.7000122070312,555.7000122070312,94858
2023-11-22 14:27:00+05:30,555.7000122070312,555.75,555.3499755859375,555.5499877929688,555.5499877929688,135871
2023-11-22 14:28:00+05:30,555.6500244140625,556.4500122070312,555.6500244140625,556.4000244140625,556.4000244140625,158433
2023-11-22 14:29:00+05:30,556.25,556.9500122070312,556.25,556.7999877929688,556.7999877929688,99738
2023-11-22 14:30:00+05:30,556.7999877929688,557.0,556.7000122070312,556.8499755859375,556.8499755859375,44470
2023-11-22 14:31:00+05:30,556.9500122070312,557.7999877929688,556.9000244140625,557.2999877929688,557.2999877929688,93117
2023-11-22 14:32:00+05:30,557.25,557.4000244140625,556.7999877929688,556.9500122070312,556.9500122070312,70344
2023-11-22 14:33:00+05:30,557.1500244140625,557.2000122070312,556.9000244140625,557.1500244140625,557.1500244140625,46525
2023-11-22 14:34:00+05:30,557.1500244140625,557.2000122070312,556.9000244140625,557.1500244140625,557.1500244140625,47969
2023-11-22 14:35:00+05:30,557.0499877929688,557.2000122070312,557.0499877929688,557.2000122070312,557.2000122070312,20113
2023-11-22 14:36:00+05:30,557.1500244140625,557.2999877929688,557.0,557.2000122070312,557.2000122070312,72644
2023-11-22 14:37:00+05:30,557.2000122070312,557.5,557.0999755859375,557.1500244140625,557.1500244140625,99178
2023-11-22 14:38:00+05:30,557.1500244140625,557.4000244140625,557.0499877929688,557.3499755859375,557.3499755859375,34867
2023-11-22 14:39:00+05:30,557.4000244140625,557.5499877929688,557.2999877929688,557.5,557.5,34839
2023-11-22 14:40:00+05:30,557.5,557.5,557.0999755859375,557.3499755859375,557.3499755859375,100743
2023-11-22 14:41:00+05:30,557.2999877929688,557.5,557.2000122070312,557.5,557.5,14166
2023-11-22 14:42:00+05:30,557.4500122070312,557.6500244140625,557.3499755859375,557.5999755859375,557.5999755859375,44142
2023-11-22 14:43:00+05:30,557.6500244140625,557.7000122070312,557.5,557.7000122070312,557.7000122070312,14252
2023-11-22 14:44:00+05:30,557.7000122070312,557.75,557.5999755859375,557.5999755859375,557.5999755859375,26084
2023-11-22 14:45:00+05:30,557.75,557.7999877929688,557.6500244140625,557.6500244140625,557.6500244140625,45191
2023-11-22 14:46:00+05:30,557.7000122070312,557.9000244140625,557.6500244140625,557.9000244140625,557.9000244140625,49713
2023-11-22 14:47:00+05:30,557.7999877929688,557.9000244140625,557.75,557.9000244140625,557.9000244140625,19767
2023-11-22 14:48:00+05:30,557.9000244140625,558.0,557.7999877929688,558.0,558.0,49641
2023-11-22 14:49:00+05:30,557.9500122070312,558.0,557.7999877929688,558.0,558.0,12322
2023-11-22 14:50:00+05:30,557.7999877929688,558.0,557.6500244140625,557.9000244140625,557.9000244140625,44553
2023-11-22 14:51:00+05:30,557.9500122070312,558.2999877929688,557.7999877929688,558.0,558.0,105676
2023-11-22 14:52:00+05:30,558.0999755859375,558.2000122070312,557.8499755859375,557.9500122070312,557.9500122070312,52039
2023-11-22 14:53:00+05:30,558.0,558.0999755859375,557.6500244140625,557.7000122070312,557.7000122070312,54778
2023-11-22 14:54:00+05:30,557.8499755859375,557.9500122070312,557.3499755859375,557.4500122070312,557.4500122070312,33215
2023-11-22 14:55:00+05:30,557.4500122070312,557.7000122070312,557.4000244140625,557.5999755859375,557.5999755859375,33727
2023-11-22 14:56:00+05:30,557.6500244140625,557.75,557.5,557.5999755859375,557.5999755859375,34280
2023-11-22 14:57:00+05:30,557.6500244140625,557.8499755859375,557.5499877929688,557.7000122070312,557.7000122070312,30715
2023-11-22 14:58:00+05:30,557.8499755859375,557.9500122070312,557.75,557.9500122070312,557.9500122070312,41081
2023-11-22 14:59:00+05:30,557.9500122070312,558.0999755859375,557.75,557.9500122070312,557.9500122070312,99662
2023-11-22 15:00:00+05:30,558.0,558.2999877929688,558.0,558.2000122070312,558.2000122070312,98074
2023-11-22 15:01:00+05:30,558.2000122070312,558.5499877929688,558.0499877929688,558.5499877929688,558.5499877929688,82567
2023-11-22 15:02:00+05:30,558.4000244140625,558.5999755859375,558.1500244140625,558.2999877929688,558.2999877929688,109190
2023-11-22 15:03:00+05:30,558.4000244140625,558.5,558.1500244140625,558.5,558.5,48362
2023-11-22 15:04:00+05:30,558.5,558.7000122070312,558.2999877929688,558.5,558.5,66724
2023-11-22 15:05:00+05:30,558.4500122070312,558.6500244140625,558.2999877929688,558.5499877929688,558.5499877929688,72607
2023-11-22 15:06:00+05:30,558.7000122070312,558.8499755859375,558.5499877929688,558.75,558.75,48114
2023-11-22 15:07:00+05:30,558.75,558.8499755859375,558.6500244140625,558.75,558.75,55196
2023-11-22 15:08:00+05:30,558.7999877929688,558.8499755859375,558.5999755859375,558.7999877929688,558.7999877929688,47503
2023-11-22 15:09:00+05:30,558.8499755859375,558.8499755859375,558.5,558.75,558.75,65452
2023-11-22 15:10:00+05:30,558.9000244140625,558.9000244140625,558.75,558.8499755859375,558.8499755859375,61759
2023-11-22 15:11:00+05:30,558.9000244140625,558.9500122070312,558.8499755859375,558.9500122070312,558.9500122070312,46455
2023-11-22 15:12:00+05:30,558.9500122070312,559.0,558.8499755859375,559.0,559.0,53070
2023-11-22 15:13:00+05:30,558.8499755859375,559.0999755859375,558.8499755859375,558.8499755859375,558.8499755859375,91107
2023-11-22 15:14:00+05:30,559.0,559.0499877929688,558.7000122070312,558.9500122070312,558.9500122070312,63040
2023-11-22 15:15:00+05:30,559.0,559.0499877929688,558.5999755859375,559.0499877929688,559.0499877929688,90009
2023-11-22 15:16:00+05:30,559.0999755859375,559.0999755859375,559.0,559.0499877929688,559.0499877929688,121470
2023-11-22 15:17:00+05:30,559.0499877929688,559.0499877929688,558.9000244140625,559.0499877929688,559.0499877929688,86848
2023-11-22 15:18:00+05:30,559.0999755859375,559.0999755859375,558.75,559.0499877929688,559.0499877929688,104958
2023-11-22 15:19:00+05:30,559.0999755859375,559.2999877929688,559.0,559.2000122070312,559.2000122070312,87280
2023-11-22 15:20:00+05:30,559.1500244140625,559.3499755859375,559.0,559.1500244140625,559.1500244140625,117632
2023-11-22 15:21:00+05:30,559.2000122070312,559.5,559.0,559.5,559.5,77577
2023-11-22 15:22:00+05:30,559.5,559.5,559.0499877929688,559.4000244140625,559.4000244140625,56711
2023-11-22 15:23:00+05:30,559.4000244140625,559.6500244140625,559.2999877929688,559.2999877929688,559.2999877929688,64086
2023-11-22 15:24:00+05:30,559.5,559.7999877929688,559.25,559.75,559.75,89690
2023-11-22 15:25:00+05:30,559.75,559.7999877929688,559.6500244140625,559.7999877929688,559.7999877929688,52400
2023-11-22 15:26:00+05:30,559.75,559.9000244140625,559.7000122070312,559.8499755859375,559.8499755859375,53206
2023-11-22 15:27:00+05:30,559.8499755859375,559.9000244140625,559.25,559.4500122070312,559.4500122070312,62713
2023-11-22 15:28:00+05:30,559.2999877929688,559.7999877929688,559.0499877929688,559.5,559.5,71326
2023-11-22 15:29:00+05:30,559.7999877929688,559.7999877929688,559.2999877929688,559.6500244140625,559.6500244140625,27440
2023-11-23 09:15:00+05:30,561.1500244140625,561.25,560.5,561.2000122070312,561.2000122070312,0
2023-11-23 09:16:00+05:30,561.2000122070312,561.7999877929688,561.0,561.25,561.25,63887
2023-11-23 09:17:00+05:30,561.0499877929688,561.5,561.0499877929688,561.2000122070312,561.2000122070312,40519
2023-11-23 09:18:00+05:30,561.3499755859375,561.4500122070312,560.6500244140625,560.8499755859375,560.8499755859375,42718
2023-11-23 09:19:00+05:30,560.7000122070312,561.0999755859375,560.5999755859375,560.7000122070312,560.7000122070312,27648
2023-11-23 09:20:00+05:30,560.7000122070312,560.75,559.4500122070312,559.9000244140625,559.9000244140625,71627
2023-11-23 09:21:00+05:30,559.8499755859375,561.0,559.75,561.0,561.0,31765
2023-11-23 09:22:00+05:30,561.0,561.4500122070312,560.7999877929688,561.2999877929688,561.2999877929688,18889
2023-11-23 09:23:00+05:30,561.4000244140625,561.4000244140625,561.0,561.2000122070312,561.2000122070312,27215
2023-11-23 09:24:00+05:30,561.25,561.75,561.0999755859375,561.75,561.75,39331
2023-11-23 09:25:00+05:30,561.5499877929688,561.9000244140625,560.7000122070312,561.0499877929688,561.0499877929688,41097
2023-11-23 09:26:00+05:30,561.1500244140625,561.5,561.0,561.4500122070312,561.4500122070312,16205
2023-11-23 09:27:00+05:30,561.4500122070312,561.5,560.75,561.0,561.0,53507
2023-11-23 09:28:00+05:30,561.0,561.2999877929688,560.9000244140625,561.2000122070312,561.2000122070312,17588
2023-11-23 09:29:00+05:30,561.1500244140625,561.2999877929688,560.9500122070312,561.0,561.0,22690
2023-11-23 09:30:00+05:30,561.0999755859375,561.2000122070312,560.75,560.9500122070312,560.9500122070312,27928
2023-11-23 09:31:00+05:30,560.9500122070312,561.5499877929688,560.7999877929688,561.4500122070312,561.4500122070312,47508
2023-11-23 09:32:00+05:30,561.5,561.5,561.0499877929688,561.4500122070312,561.4500122070312,14810
2023-11-23 09:33:00+05:30,561.1500244140625,561.5,561.1500244140625,561.4500122070312,561.4500122070312,19074
2023-11-23 09:34:00+05:30,561.5,561.9500122070312,561.3499755859375,561.7999877929688,561.7999877929688,23414
2023-11-23 09:35:00+05:30,561.75,561.9500122070312,561.5499877929688,561.9000244140625,561.9000244140625,19438
2023-11-23 09:36:00+05:30,561.7999877929688,561.9000244140625,561.5499877929688,561.75,561.75,13666
2023-11-23 09:37:00+05:30,561.5499877929688,561.75,561.3499755859375,561.75,561.75,15618
2023-11-23 09:38:00+05:30,561.7000122070312,561.7999877929688,561.4000244140625,561.5,561.5,10171
2023-11-23 09:39:00+05:30,561.5,561.7000122070312,561.3499755859375,561.5999755859375,561.5999755859375,18593
2023-11-23 09:40:00+05:30,561.5,561.5999755859375,561.3499755859375,561.3499755859375,561.3499755859375,13139
2023-11-23 09:41:00+05:30,561.2999877929688,561.4000244140625,561.0,561.0,561.0,26201
2023-11-23 09:42:00+05:30,561.0,561.2000122070312,561.0,561.0999755859375,561.0999755859375,17651
2023-11-23 09:43:00+05:30,561.0999755859375,561.4000244140625,561.0,561.25,561.25,13040
2023-11-23 09:44:00+05:30,561.25,561.4500122070312,561.0999755859375,561.3499755859375,561.3499755859375,12691
2023-11-23 09:45:00+05:30,561.3499755859375,561.5,561.2000122070312,561.25,561.25,8437
2023-11-23 09:46:00+05:30,561.2999877929688,561.4500122070312,561.0499877929688,561.25,561.25,22000
2023-11-23 09:47:00+05:30,561.25,561.25,560.75,560.9500122070312,560.9500122070312,34967
2023-11-23 09:48:00+05:30,561.0,561.1500244140625,560.75,560.9000244140625,560.9000244140625,13974
2023-11-23 09:49:00+05:30,561.0,561.0,560.9000244140625,560.9000244140625,560.9000244140625,6053
2023-11-23 09:50:00+05:30,560.9000244140625,561.0,560.9000244140625,560.9000244140625,560.9000244140625,6186
2023-11-23 09:51:00+05:30,560.9000244140625,560.9500122070312,560.9000244140625,560.9000244140625,560.9000244140625,8801
2023-11-23 09:52:00+05:30,561.0,561.0,560.7999877929688,560.9500122070312,560.9500122070312,6937
2023-11-23 09:53:00+05:30,560.9500122070312,561.7000122070312,560.9500122070312,561.6500244140625,561.6500244140625,37739
2023-11-23 09:54:00+05:30,561.7000122070312,561.7999877929688,561.5999755859375,561.75,561.75,15895
2023-11-23 09:55:00+05:30,561.7000122070312,561.7999877929688,561.2999877929688,561.5999755859375,561.5999755859375,7069
2023-11-23 09:56:00+05:30,561.5999755859375,561.5999755859375,561.3499755859375,561.5999755859375,561.5999755859375,4568
2023-11-23 09:57:00+05:30,561.5,562.9000244140625,561.4500122070312,562.8499755859375,562.8499755859375,94073
2023-11-23 09:58:00+05:30,562.8499755859375,563.0,562.5999755859375,562.75,562.75,52891
2023-11-23 09:59:00+05:30,562.9000244140625,562.9000244140625,562.3499755859375,562.6500244140625,562.6500244140625,22776
2023-11-23 10:00:00+05:30,562.6500244140625,562.75,562.4000244140625,562.75,562.75,17104
2023-11-23 10:01:00+05:30,562.7000122070312,563.5,562.7000122070312,563.4500122070312,563.4500122070312,50519
2023-11-23 10:02:00+05:30,563.4500122070312,563.4500122070312,563.0,563.3499755859375,563.3499755859375,17505
2023-11-23 10:03:00+05:30,563.2999877929688,563.3499755859375,563.0,563.0499877929688,563.0499877929688,15074
2023-11-23 10:04:00+05:30,563.0499877929688,563.3499755859375,563.0499877929688,563.0999755859375,563.0999755859375,15060
2023-11-23 10:05:00+05:30,563.25,563.3499755859375,563.0499877929688,563.0999755859375,563.0999755859375,8355
2023-11-23 10:06:00+05:30,563.0999755859375,563.3499755859375,563.0499877929688,563.2000122070312,563.2000122070312,26529
2023-11-23 10:07:00+05:30,563.0999755859375,563.0999755859375,562.9000244140625,563.0,563.0,18388
2023-11-23 10:08:00+05:30,563.0,563.4000244140625,563.0,563.2999877929688,563.2999877929688,17552
2023-11-23 10:09:00+05:30,563.2999877929688,563.3499755859375,563.0499877929688,563.25,563.25,12743
2023-11-23 10:10:00+05:30,563.25,563.3499755859375,563.0999755859375,563.25,563.25,8101
2023-11-23 10:11:00+05:30,563.2000122070312,563.2999877929688,562.7999877929688,562.9500122070312,562.9500122070312,27414
2023-11-23 10:12:00+05:30,562.9500122070312,563.1500244140625,562.8499755859375,562.9000244140625,562.9000244140625,13513
2023-11-23 10:13:00+05:30,563.0,563.0999755859375,562.7000122070312,562.9000244140625,562.9000244140625,28189
2023-11-23 10:14:00+05:30,562.9000244140625,563.0999755859375,562.8499755859375,563.0499877929688,563.0499877929688,6063
2023-11-23 10:15:00+05:30,562.9500122070312,563.1500244140625,562.9500122070312,563.0999755859375,563.0999755859375,11341
2023-11-23 10:16:00+05:30,563.0999755859375,563.1500244140625,563.0999755859375,563.1500244140625,563.1500244140625,5645
2023-11-23 10:17:00+05:30,563.0999755859375,563.25,562.9000244140625,563.0999755859375,563.0999755859375,22304
2023-11-23 10:18:00+05:30,562.9500122070312,563.0499877929688,562.5,562.9000244140625,562.9000244140625,23415
2023-11-23 10:19:00+05:30,562.9000244140625,562.9000244140625,562.3499755859375,562.5,562.5,20303
2023-11-23 10:20:00+05:30,562.4500122070312,562.7000122070312,562.3499755859375,562.7000122070312,562.7000122070312,5125
2023-11-23 10:21:00+05:30,562.6500244140625,562.8499755859375,562.5999755859375,562.6500244140625,562.6500244140625,8098
2023-11-23 10:22:00+05:30,562.75,562.9000244140625,562.5,562.7999877929688,562.7999877929688,20012
2023-11-23 10:23:00+05:30,562.7999877929688,562.7999877929688,562.5,562.6500244140625,562.6500244140625,5904
2023-11-23 10:24:00+05:30,562.5499877929688,562.7000122070312,562.5,562.6500244140625,562.6500244140625,11209
2023-11-23 10:25:00+05:30,562.6500244140625,562.7000122070312,562.4000244140625,562.4000244140625,562.4000244140625,9061
2023-11-23 10:26:00+05:30,562.4500122070312,562.7999877929688,562.2999877929688,562.75,562.75,11415
2023-11-23 10:27:00+05:30,562.5499877929688,562.7999877929688,562.5499877929688,562.7999877929688,562.7999877929688,6399
2023-11-23 10:28:00+05:30,562.6500244140625,562.8499755859375,562.5499877929688,562.5499877929688,562.5499877929688,9877
2023-11-23 10:29:00+05:30,562.5499877929688,563.0499877929688,562.5499877929688,562.6500244140625,562.6500244140625,18303
2023-11-23 10:30:00+05:30,562.6500244140625,563.0,562.5499877929688,562.6500244140625,562.6500244140625,11396
2023-11-23 10:31:00+05:30,562.7999877929688,562.8499755859375,562.5,562.75,562.75,10348
2023-11-23 10:32:00+05:30,562.5,562.9000244140625,562.4000244140625,562.6500244140625,562.6500244140625,7325
2023-11-23 10:33:00+05:30,562.4000244140625,562.6500244140625,562.2999877929688,562.3499755859375,562.3499755859375,10904
2023-11-23 10:34:00+05:30,562.3499755859375,562.5,562.2000122070312,562.2999877929688,562.2999877929688,19986
2023-11-23 10:35:00+05:30,562.2000122070312,562.5999755859375,562.1500244140625,562.2999877929688,562.2999877929688,11472
2023-11-23 10:36:00+05:30,562.2999877929688,562.4500122070312,562.25,562.2999877929688,562.2999877929688,18644
2023-11-23 10:37:00+05:30,562.2999877929688,562.4000244140625,562.0999755859375,562.0999755859375,562.0999755859375,12429
2023-11-23 10:38:00+05:30,562.1500244140625,562.4500122070312,562.0999755859375,562.3499755859375,562.3499755859375,40744
2023-11-23 10:39:00+05:30,562.2000122070312,562.4000244140625,562.0999755859375,562.1500244140625,562.1500244140625,7817
2023-11-23 10:40:00+05:30,562.0999755859375,562.1500244140625,562.0999755859375,562.0999755859375,562.0999755859375,4346
2023-11-23 10:41:00+05:30,562.0999755859375,562.2999877929688,562.0999755859375,562.1500244140625,562.1500244140625,9261
2023-11-23 10:42:00+05:30,562.1500244140625,562.2000122070312,561.7999877929688,561.8499755859375,561.8499755859375,37481
2023-11-23 10:43:00+05:30,561.9500122070312,561.9500122070312,561.6500244140625,561.7999877929688,561.7999877929688,11540
2023-11-23 10:44:00+05:30,561.7999877929688,562.0,561.6500244140625,562.0,562.0,7031
2023-11-23 10:45:00+05:30,561.9000244140625,562.4000244140625,561.9000244140625,562.2999877929688,562.2999877929688,10360
2023-11-23 10:46:00+05:30,562.4000244140625,562.4000244140625,562.2000122070312,562.2000122070312,562.2000122070312,1994
2023-11-23 10:47:00+05:30,562.1500244140625,562.4000244140625,562.0,562.2000122070312,562.2000122070312,19836
2023-11-23 10:48:00+05:30,562.0499877929688,562.25,562.0,562.0,562.0,4570
2023-11-23 10:49:00+05:30,562.0499877929688,562.2000122070312,562.0,562.0999755859375,562.0999755859375,16736
2023-11-23 10:50:00+05:30,562.0999755859375,562.25,562.0,562.25,562.25,13703
2023-11-23 10:51:00+05:30,562.0,562.4500122070312,562.0,562.1500244140625,562.1500244140625,11232
2023-11-23 10:52:00+05:30,562.1500244140625,562.2999877929688,562.0,562.0999755859375,562.0999755859375,6701
2023-11-23 10:53:00+05:30,562.0999755859375,562.2999877929688,562.0,562.2000122070312,562.2000122070312,6484
2023-11-23 10:54:00+05:30,562.0499877929688,562.2999877929688,562.0,562.0499877929688,562.0499877929688,8456
2023-11-23 10:55:00+05:30,562.0499877929688,562.4000244140625,562.0,562.0999755859375,562.0999755859375,6714
2023-11-23 10:56:00+05:30,562.0999755859375,562.4500122070312,562.0,562.2000122070312,562.2000122070312,9183
2023-11-23 10:57:00+05:30,562.0,562.2999877929688,562.0,562.0999755859375,562.0999755859375,11907
2023-11-23 10:58:00+05:30,562.0999755859375,562.2999877929688,562.0,562.0999755859375,562.0999755859375,6643
2023-11-23 10:59:00+05:30,562.0999755859375,562.25,561.5499877929688,561.5499877929688,561.5499877929688,45947
2023-11-23 11:00:00+05:30,561.5499877929688,562.0,561.5499877929688,561.9000244140625,561.9000244140625,8646
2023-11-23 11:01:00+05:30,562.0,562.0,561.7000122070312,561.7999877929688,561.7999877929688,3575
2023-11-23 11:02:00+05:30,561.7999877929688,561.9500122070312,561.5999755859375,561.9500122070312,561.9500122070312,8030
2023-11-23 11:03:00+05:30,561.75,562.0,561.5999755859375,561.7000122070312,561.7000122070312,5651
2023-11-23 11:04:00+05:30,561.6500244140625,561.75,561.5499877929688,561.5499877929688,561.5499877929688,6757
2023-11-23 11:05:00+05:30,561.75,561.75,561.5499877929688,561.5499877929688,561.5499877929688,7343
2023-11-23 11:06:00+05:30,561.5999755859375,561.75,561.5499877929688,561.75,561.75,3897
2023-11-23 11:07:00+05:30,561.75,561.75,561.5999755859375,561.75,561.75,5139
2023-11-23 11:08:00+05:30,561.6500244140625,561.9000244140625,561.6500244140625,561.7999877929688,561.7999877929688,3970
2023-11-23 11:09:00+05:30,561.7999877929688,561.9000244140625,561.5,561.5499877929688,561.5499877929688,8180
2023-11-23 11:10:00+05:30,561.5499877929688,561.6500244140625,561.0499877929688,561.0499877929688,561.0499877929688,79687
2023-11-23 11:11:00+05:30,561.0499877929688,561.2000122070312,560.9000244140625,561.0,561.0,49569
2023-11-23 11:12:00+05:30,561.1500244140625,561.1500244140625,560.7999877929688,561.0,561.0,38903
2023-11-23 11:13:00+05:30,561.0,561.1500244140625,561.0,561.0,561.0,7560
2023-11-23 11:14:00+05:30,561.0,561.1500244140625,561.0,561.1500244140625,561.1500244140625,10690
2023-11-23 11:15:00+05:30,561.1500244140625,561.25,561.0999755859375,561.1500244140625,561.1500244140625,9206
2023-11-23 11:16:00+05:30,561.1500244140625,561.2000122070312,561.0499877929688,561.1500244140625,561.1500244140625,3849
2023-11-23 11:17:00+05:30,561.0999755859375,561.2000122070312,561.0499877929688,561.1500244140625,561.1500244140625,3060
2023-11-23 11:18:00+05:30,561.0999755859375,561.2000122070312,561.0999755859375,561.1500244140625,561.1500244140625,7685
2023-11-23 11:19:00+05:30,561.1500244140625,561.6500244140625,561.1500244140625,561.2999877929688,561.2999877929688,16089
2023-11-23 11:20:00+05:30,561.2999877929688,561.5999755859375,561.2999877929688,561.3499755859375,561.3499755859375,9909
2023-11-23 11:21:00+05:30,561.4000244140625,561.5,561.1500244140625,561.3499755859375,561.3499755859375,11456
2023-11-23 11:22:00+05:30,561.3499755859375,561.3499755859375,561.0499877929688,561.0499877929688,561.0499877929688,12227
2023-11-23 11:23:00+05:30,561.0499877929688,561.4000244140625,561.0499877929688,561.4000244140625,561.4000244140625,5606
2023-11-23 11:24:00+05:30,561.1500244140625,561.4000244140625,561.0999755859375,561.2000122070312,561.2000122070312,6661
2023-11-23 11:25:00+05:30,561.1500244140625,561.3499755859375,561.0999755859375,561.0999755859375,561.0999755859375,6284
2023-11-23 11:26:00+05:30,561.0999755859375,561.25,561.0499877929688,561.0999755859375,561.0999755859375,7220
2023-11-23 11:27:00+05:30,561.0499877929688,561.2999877929688,561.0499877929688,561.25,561.25,3224
2023-11-23 11:28:00+05:30,561.3499755859375,561.3499755859375,561.0999755859375,561.1500244140625,561.1500244140625,4641
2023-11-23 11:29:00+05:30,561.1500244140625,561.4500122070312,561.0499877929688,561.4000244140625,561.4000244140625,6584
2023-11-23 11:30:00+05:30,561.4500122070312,561.5,561.25,561.3499755859375,561.3499755859375,4830
2023-11-23 11:31:00+05:30,561.3499755859375,561.5,561.25,561.3499755859375,561.3499755859375,9436
2023-11-23 11:32:00+05:30,561.25,561.4000244140625,561.2000122070312,561.2000122070312,561.2000122070312,7243
2023-11-23 11:33:00+05:30,561.3499755859375,561.3499755859375,561.0499877929688,561.0499877929688,561.0499877929688,8202
2023-11-23 11:34:00+05:30,561.1500244140625,561.25,561.0499877929688,561.25,561.25,4967
2023-11-23 11:35:00+05:30,561.25,561.25,561.0,561.2000122070312,561.2000122070312,8735
2023-11-23 11:36:00+05:30,561.2000122070312,561.2999877929688,561.0499877929688,561.2000122070312,561.2000122070312,10615
2023-11-23 11:37:00+05:30,561.2000122070312,561.3499755859375,561.0499877929688,561.2999877929688,561.2999877929688,3678
2023-11-23 11:38:00+05:30,561.2000122070312,561.3499755859375,561.0499877929688,561.2000122070312,561.2000122070312,5360
2023-11-23 11:39:00+05:30,561.2000122070312,561.3499755859375,561.0499877929688,561.0499877929688,561.0499877929688,15719
2023-11-23 11:40:00+05:30,561.0499877929688,561.2999877929688,561.0,561.25,561.25,6716
2023-11-23 11:41:00+05:30,561.0499877929688,561.25,561.0499877929688,561.1500244140625,561.1500244140625,3872
2023-11-23 11:42:00+05:30,561.1500244140625,561.1500244140625,561.0,561.0,561.0,12193
2023-11-23 11:43:00+05:30,561.0,561.0499877929688,561.0,561.0,561.0,14283
2023-11-23 11:44:00+05:30,561.0,561.0499877929688,560.9500122070312,560.9500122070312,560.9500122070312,11551
2023-11-23 11:45:00+05:30,560.9500122070312,561.0,560.75,560.9000244140625,560.9000244140625,11256
2023-11-23 11:46:00+05:30,560.9000244140625,561.0999755859375,560.9000244140625,560.9500122070312,560.9500122070312,8194
2023-11-23 11:47:00+05:30,560.9500122070312,561.1500244140625,560.9000244140625,561.0499877929688,561.0499877929688,5437
2023-11-23 11:48:00+05:30,561.0,561.1500244140625,560.9000244140625,560.9000244140625,560.9000244140625,5194
2023-11-23 11:49:00+05:30,560.9000244140625,561.0999755859375,560.7000122070312,560.8499755859375,560.8499755859375,20968
2023-11-23 11:50:00+05:30,560.7000122070312,561.0499877929688,560.5499877929688,560.7999877929688,560.7999877929688,16665
2023-11-23 11:51:00+05:30,560.7000122070312,560.9000244140625,560.5499877929688,560.9000244140625,560.9000244140625,9618
2023-11-23 11:52:00+05:30,560.8499755859375,560.9000244140625,560.7000122070312,560.8499755859375,560.8499755859375,6952
2023-11-23 11:53:00+05:30,560.7000122070312,560.9500122070312,560.5999755859375,560.9500122070312,560.9500122070312,8144
2023-11-23 11:54:00+05:30,560.9500122070312,560.9500122070312,560.5999755859375,560.8499755859375,560.8499755859375,10659
2023-11-23 11:55:00+05:30,560.9000244140625,560.9000244140625,560.6500244140625,560.8499755859375,560.8499755859375,8249
2023-11-23 11:56:00+05:30,560.6500244140625,560.9000244140625,560.5999755859375,560.6500244140625,560.6500244140625,5774
2023-11-23 11:57:00+05:30,560.6500244140625,560.8499755859375,560.5999755859375,560.6500244140625,560.6500244140625,8538
2023-11-23 11:58:00+05:30,560.8499755859375,560.8499755859375,560.5999755859375,560.6500244140625,560.6500244140625,7790
2023-11-23 11:59:00+05:30,560.6500244140625,560.9000244140625,560.5,560.5,560.5,13339
2023-11-23 12:00:00+05:30,560.5,560.8499755859375,560.4500122070312,560.5,560.5,33756
2023-11-23 12:01:00+05:30,560.5499877929688,560.7000122070312,560.4000244140625,560.7000122070312,560.7000122070312,9224
2023-11-23 12:02:00+05:30,560.6500244140625,560.8499755859375,560.4500122070312,560.4500122070312,560.4500122070312,4819
2023-11-23 12:03:00+05:30,560.4500122070312,560.75,560.4500122070312,560.5499877929688,560.5499877929688,8695
2023-11-23 12:04:00+05:30,560.4500122070312,560.7000122070312,560.4500122070312,560.5499877929688,560.5499877929688,4391
2023-11-23 12:05:00+05:30,560.5499877929688,560.7999877929688,560.5,560.5,560.5,6542
2023-11-23 12:06:00+05:30,560.5999755859375,560.75,560.4500122070312,560.4500122070312,560.4500122070312,12873
2023-11-23 12:07:00+05:30,560.4500122070312,560.5999755859375,560.4500122070312,560.5,560.5,885
2023-11-23 12:08:00+05:30,560.6500244140625,560.7999877929688,560.5499877929688,560.7999877929688,560.7999877929688,8955
2023-11-23 12:09:00+05:30,560.5499877929688,560.7999877929688,560.5499877929688,560.6500244140625,560.6500244140625,924
2023-11-23 12:10:00+05:30,560.6500244140625,560.7999877929688,560.6500244140625,560.6500244140625,560.6500244140625,20558
2023-11-23 12:11:00+05:30,560.6500244140625,560.75,560.5499877929688,560.5499877929688,560.5499877929688,5809
2023-11-23 12:12:00+05:30,560.6500244140625,560.7000122070312,560.2000122070312,560.2000122070312,560.2000122070312,28830
2023-11-23 12:13:00+05:30,560.2000122070312,560.5,560.2000122070312,560.2999877929688,560.2999877929688,4156
2023-11-23 12:14:00+05:30,560.25,560.4500122070312,560.1500244140625,560.2999877929688,560.2999877929688,11170
2023-11-23 12:15:00+05:30,560.2999877929688,560.4500122070312,560.1500244140625,560.4500122070312,560.4500122070312,6190
2023-11-23 12:16:00+05:30,560.4500122070312,560.4500122070312,560.2000122070312,560.4500122070312,560.4500122070312,6435
2023-11-23 12:17:00+05:30,560.4500122070312,560.5,560.2000122070312,560.2000122070312,560.2000122070312,8053
2023-11-23 12:18:00+05:30,560.2000122070312,560.25,560.0499877929688,560.0999755859375,560.0999755859375,9751
2023-11-23 12:19:00+05:30,560.0999755859375,560.3499755859375,560.0499877929688,560.0999755859375,560.0999755859375,9921
2023-11-23 12:20:00+05:30,560.0999755859375,560.4000244140625,560.0499877929688,560.1500244140625,560.1500244140625,6446
2023-11-23 12:21:00+05:30,560.4000244140625,560.7999877929688,560.1500244140625,560.6500244140625,560.6500244140625,15225
2023-11-23 12:22:00+05:30,560.5499877929688,560.7999877929688,560.4000244140625,560.6500244140625,560.6500244140625,25280
2023-11-23 12:23:00+05:30,560.5999755859375,560.8499755859375,560.4500122070312,560.8499755859375,560.8499755859375,14509
2023-11-23 12:24:00+05:30,560.8499755859375,560.8499755859375,560.5,560.5,560.5,27371
2023-11-23 12:25:00+05:30,560.5999755859375,560.9500122070312,560.4500122070312,560.6500244140625,560.6500244140625,50341
2023-11-23 12:26:00+05:30,560.5999755859375,560.8499755859375,560.5999755859375,560.75,560.75,14743
2023-11-23 12:27:00+05:30,560.75,560.9500122070312,560.5,560.7000122070312,560.7000122070312,16687
2023-11-23 12:28:00+05:30,560.5499877929688,561.0,560.5499877929688,561.0,561.0,9030
2023-11-23 12:29:00+05:30,560.9500122070312,561.0,560.5999755859375,560.9500122070312,560.9500122070312,9941
2023-11-23 12:30:00+05:30,560.7999877929688,561.0,560.6500244140625,560.6500244140625,560.6500244140625,9128
2023-11-23 12:31:00+05:30,560.7000122070312,561.0999755859375,560.6500244140625,560.8499755859375,560.8499755859375,15419
2023-11-23 12:32:00+05:30,560.7999877929688,561.0499877929688,560.75,560.7999877929688,560.7999877929688,28391
2023-11-23 12:33:00+05:30,560.75,560.9500122070312,560.5499877929688,560.5499877929688,560.5499877929688,15265
2023-11-23 12:34:00+05:30,560.7000122070312,560.75,560.2000122070312,560.25,560.25,19656
2023-11-23 12:35:00+05:30,560.2000122070312,560.6500244140625,560.0499877929688,560.6500244140625,560.6500244140625,14921
2023-11-23 12:36:00+05:30,560.4000244140625,560.7000122070312,560.4000244140625,560.5999755859375,560.5999755859375,7075
2023-11-23 12:37:00+05:30,560.5999755859375,560.9500122070312,560.5999755859375,560.9000244140625,560.9000244140625,12478
2023-11-23 12:38:00+05:30,560.5999755859375,560.8499755859375,560.5499877929688,560.6500244140625,560.6500244140625,14091
2023-11-23 12:39:00+05:30,560.75,560.8499755859375,560.5,560.6500244140625,560.6500244140625,14298
2023-11-23 12:40:00+05:30,560.5999755859375,560.8499755859375,560.5499877929688,560.5499877929688,560.5499877929688,5382
2023-11-23 12:41:00+05:30,560.5,560.7000122070312,560.4500122070312,560.4500122070312,560.4500122070312,13607
2023-11-23 12:42:00+05:30,560.4500122070312,560.5999755859375,560.3499755859375,560.4500122070312,560.4500122070312,24408
2023-11-23 12:43:00+05:30,560.4500122070312,560.5,560.4000244140625,560.5,560.5,5140
2023-11-23 12:44:00+05:30,560.5,560.5,560.4000244140625,560.5,560.5,5063
2023-11-23 12:45:00+05:30,560.4000244140625,560.5,560.25,560.5,560.5,10610
2023-11-23 12:46:00+05:30,560.2999877929688,560.5,560.25,560.3499755859375,560.3499755859375,9703
2023-11-23 12:47:00+05:30,560.3499755859375,560.4000244140625,560.0999755859375,560.1500244140625,560.1500244140625,8854
2023-11-23 12:48:00+05:30,560.1500244140625,560.3499755859375,560.0999755859375,560.2000122070312,560.2000122070312,12108
2023-11-23 12:49:00+05:30,560.0999755859375,560.2999877929688,560.0,560.0499877929688,560.0499877929688,41705
2023-11-23 12:50:00+05:30,560.0499877929688,560.3499755859375,560.0499877929688,560.1500244140625,560.1500244140625,22667
2023-11-23 12:51:00+05:30,560.1500244140625,560.4000244140625,560.0999755859375,560.3499755859375,560.3499755859375,7135
2023-11-23 12:52:00+05:30,560.1500244140625,560.5,560.0999755859375,560.5,560.5,7978
2023-11-23 12:53:00+05:30,560.25,560.5499877929688,560.25,560.5499877929688,560.5499877929688,8972
2023-11-23 12:54:00+05:30,560.3499755859375,560.5999755859375,560.25,560.5999755859375,560.5999755859375,7735
2023-11-23 12:55:00+05:30,560.5999755859375,560.5999755859375,560.2000122070312,560.4000244140625,560.4000244140625,20267
2023-11-23 12:56:00+05:30,560.2000122070312,560.5999755859375,560.2000122070312,560.2999877929688,560.2999877929688,5256
2023-11-23 12:57:00+05:30,560.2999877929688,560.5999755859375,560.2999877929688,560.3499755859375,560.3499755859375,4630
2023-11-23 12:58:00+05:30,560.5,560.7000122070312,560.3499755859375,560.6500244140625,560.6500244140625,12218
2023-11-23 12:59:00+05:30,560.6500244140625,560.6500244140625,560.2999877929688,560.4500122070312,560.4500122070312,14340
2023-11-23 13:00:00+05:30,560.4500122070312,560.4500122070312,560.2999877929688,560.3499755859375,560.3499755859375,6842
2023-11-23 13:01:00+05:30,560.3499755859375,560.4500122070312,560.25,560.2999877929688,560.2999877929688,7328
2023-11-23 13:02:00+05:30,560.4500122070312,560.5,560.0499877929688,560.3499755859375,560.3499755859375,31898
2023-11-23 13:03:00+05:30,560.0999755859375,560.4500122070312,560.0999755859375,560.4000244140625,560.4000244140625,10895
2023-11-23 13:04:00+05:30,560.4000244140625,560.4000244140625,560.1500244140625,560.2000122070312,560.2000122070312,5910
2023-11-23 13:05:00+05:30,560.2000122070312,560.4500122070312,560.1500244140625,560.1500244140625,560.1500244140625,5878
2023-11-23 13:06:00+05:30,560.1500244140625,560.4500122070312,560.1500244140625,560.2999877929688,560.2999877929688,5491
2023-11-23 13:07:00+05:30,560.4500122070312,560.4500122070312,560.25,560.3499755859375,560.3499755859375,5837
2023-11-23 13:08:00+05:30,560.25,560.4000244140625,560.2000122070312,560.2999877929688,560.2999877929688,5043
2023-11-23 13:09:00+05:30,560.2999877929688,560.2999877929688,560.1500244140625,560.1500244140625,560.1500244140625,10854
2023-11-23 13:10:00+05:30,560.1500244140625,560.2000122070312,560.0,560.1500244140625,560.1500244140625,16728
2023-11-23 13:11:00+05:30,560.1500244140625,560.2000122070312,560.0499877929688,560.0999755859375,560.0999755859375,7963
2023-11-23 13:12:00+05:30,560.0499877929688,560.2000122070312,560.0,560.0499877929688,560.0499877929688,12640
2023-11-23 13:13:00+05:30,560.0499877929688,560.2000122070312,560.0,560.0,560.0,5749
2023-11-23 13:14:00+05:30,560.0999755859375,560.2000122070312,560.0499877929688,560.0499877929688,560.0499877929688,5453
2023-11-23 13:15:00+05:30,560.0,560.0,559.9000244140625,560.0,560.0,84511
2023-11-23 13:16:00+05:30,559.9000244140625,560.0999755859375,559.9000244140625,560.0,560.0,6873
2023-11-23 13:17:00+05:30,560.0,560.2000122070312,559.9500122070312,560.0,560.0,8425
2023-11-23 13:18:00+05:30,560.1500244140625,560.25,559.9500122070312,560.25,560.25,13326
2023-11-23 13:19:00+05:30,560.2999877929688,560.2999877929688,560.0499877929688,560.1500244140625,560.1500244140625,5116
2023-11-23 13:20:00+05:30,560.0499877929688,560.2999877929688,560.0,560.0499877929688,560.0499877929688,9830
2023-11-23 13:21:00+05:30,560.0499877929688,560.2999877929688,560.0499877929688,560.0999755859375,560.0999755859375,4998
2023-11-23 13:22:00+05:30,560.0999755859375,560.3499755859375,560.0499877929688,560.0999755859375,560.0999755859375,6002
2023-11-23 13:23:00+05:30,560.3499755859375,560.4000244140625,560.0999755859375,560.1500244140625,560.1500244140625,5402
2023-11-23 13:24:00+05:30,560.2999877929688,560.4000244140625,560.0999755859375,560.1500244140625,560.1500244140625,7546
2023-11-23 13:25:00+05:30,560.1500244140625,560.3499755859375,560.0999755859375,560.1500244140625,560.1500244140625,5693
2023-11-23 13:26:00+05:30,560.1500244140625,560.4000244140625,560.1500244140625,560.1500244140625,560.1500244140625,5066
2023-11-23 13:27:00+05:30,560.1500244140625,560.4000244140625,560.1500244140625,560.2000122070312,560.2000122070312,9431
2023-11-23 13:28:00+05:30,560.2000122070312,560.4000244140625,560.1500244140625,560.4000244140625,560.4000244140625,7275
2023-11-23 13:29:00+05:30,560.4000244140625,560.4000244140625,560.1500244140625,560.4000244140625,560.4000244140625,8078
2023-11-23 13:30:00+05:30,560.3499755859375,560.4000244140625,560.0999755859375,560.1500244140625,560.1500244140625,11709
2023-11-23 13:31:00+05:30,560.1500244140625,560.4000244140625,560.1500244140625,560.3499755859375,560.3499755859375,9539
2023-11-23 13:32:00+05:30,560.4500122070312,560.5,560.1500244140625,560.25,560.25,11507
2023-11-23 13:33:00+05:30,560.1500244140625,560.3499755859375,560.0999755859375,560.2000122070312,560.2000122070312,12440
2023-11-23 13:34:00+05:30,560.2000122070312,560.2999877929688,560.0999755859375,560.2999877929688,560.2999877929688,4397
2023-11-23 13:35:00+05:30,560.2999877929688,560.2999877929688,560.0499877929688,560.0499877929688,560.0499877929688,7493
2023-11-23 13:36:00+05:30,560.0499877929688,560.25,560.0499877929688,560.0499877929688,560.0499877929688,3768
2023-11-23 13:37:00+05:30,560.0499877929688,560.2999877929688,560.0499877929688,560.1500244140625,560.1500244140625,3719
2023-11-23 13:38:00+05:30,560.2999877929688,560.2999877929688,560.0999755859375,560.1500244140625,560.1500244140625,6194
2023-11-23 13:39:00+05:30,560.0999755859375,560.25,560.0499877929688,560.0999755859375,560.0999755859375,5554
2023-11-23 13:40:00+05:30,560.0999755859375,560.2999877929688,560.0,560.0,560.0,11963
2023-11-23 13:41:00+05:30,560.0,560.25,560.0,560.0499877929688,560.0499877929688,11597
2023-11-23 13:42:00+05:30,560.0499877929688,560.2999877929688,560.0499877929688,560.0499877929688,560.0499877929688,5986
2023-11-23 13:43:00+05:30,560.0499877929688,560.4500122070312,560.0499877929688,560.4000244140625,560.4000244140625,10280
2023-11-23 13:44:00+05:30,560.2999877929688,560.4000244140625,560.1500244140625,560.2000122070312,560.2000122070312,8622
2023-11-23 13:45:00+05:30,560.1500244140625,560.6500244140625,560.1500244140625,560.5999755859375,560.5999755859375,21964
2023-11-23 13:46:00+05:30,560.75,561.0,560.4500122070312,560.7999877929688,560.7999877929688,110914
2023-11-23 13:47:00+05:30,560.75,560.8499755859375,560.5,560.5999755859375,560.5999755859375,9304
2023-11-23 13:48:00+05:30,560.5999755859375,560.9000244140625,560.5999755859375,560.75,560.75,8567
2023-11-23 13:49:00+05:30,560.5999755859375,560.8499755859375,560.5499877929688,560.5499877929688,560.5499877929688,6704
2023-11-23 13:50:00+05:30,560.5499877929688,560.7999877929688,560.5,560.75,560.75,11106
2023-11-23 13:51:00+05:30,560.75,560.7999877929688,560.5499877929688,560.5999755859375,560.5999755859375,6653
2023-11-23 13:52:00+05:30,560.5999755859375,560.9000244140625,560.5499877929688,560.75,560.75,14232
2023-11-23 13:53:00+05:30,560.75,560.7999877929688,560.5,560.75,560.75,9168
2023-11-23 13:54:00+05:30,560.5,560.7999877929688,560.5,560.7999877929688,560.7999877929688,31335
2023-11-23 13:55:00+05:30,560.7999877929688,560.8499755859375,560.5499877929688,560.5499877929688,560.5499877929688,8457
2023-11-23 13:56:00+05:30,560.5,560.75,560.5,560.7000122070312,560.7000122070312,5695
2023-11-23 13:57:00+05:30,560.7000122070312,560.75,560.7000122070312,560.7000122070312,560.7000122070312,8852
2023-11-23 13:58:00+05:30,560.75,560.7999877929688,560.7000122070312,560.7000122070312,560.7000122070312,7528
2023-11-23 13:59:00+05:30,560.7000122070312,561.25,560.5499877929688,561.0,561.0,52430
2023-11-23 14:00:00+05:30,561.0,561.3499755859375,560.9500122070312,561.0,561.0,37498
2023-11-23 14:01:00+05:30,560.9500122070312,561.0,560.5999755859375,560.6500244140625,560.6500244140625,14958
2023-11-23 14:02:00+05:30,560.8499755859375,560.8499755859375,560.5499877929688,560.5999755859375,560.5999755859375,14625
2023-11-23 14:03:00+05:30,560.6500244140625,560.6500244140625,560.2000122070312,560.3499755859375,560.3499755859375,27072
2023-11-23 14:04:00+05:30,560.3499755859375,560.5499877929688,560.2999877929688,560.2999877929688,560.2999877929688,5647
2023-11-23 14:05:00+05:30,560.2999877929688,560.5499877929688,560.2999877929688,560.4500122070312,560.4500122070312,5935
2023-11-23 14:06:00+05:30,560.2999877929688,560.5,560.2000122070312,560.2000122070312,560.2000122070312,9141
2023-11-23 14:07:00+05:30,560.4500122070312,560.4500122070312,560.1500244140625,560.25,560.25,8388
2023-11-23 14:08:00+05:30,560.2000122070312,560.4000244140625,560.2000122070312,560.3499755859375,560.3499755859375,8417
2023-11-23 14:09:00+05:30,560.3499755859375,560.4500122070312,560.2000122070312,560.2999877929688,560.2999877929688,12376
2023-11-23 14:10:00+05:30,560.4500122070312,560.4500122070312,559.9000244140625,560.0999755859375,560.0999755859375,79149
2023-11-23 14:11:00+05:30,560.0499877929688,560.2000122070312,560.0,560.1500244140625,560.1500244140625,4822
2023-11-23 14:12:00+05:30,560.0,560.2000122070312,560.0,560.0999755859375,560.0999755859375,5471
2023-11-23 14:13:00+05:30,560.0499877929688,560.0999755859375,559.9000244140625,559.9000244140625,559.9000244140625,16479
2023-11-23 14:14:00+05:30,559.9500122070312,560.0,559.5,559.5999755859375,559.5999755859375,32643
2023-11-23 14:15:00+05:30,559.5499877929688,559.7000122070312,559.25,559.5,559.5,31702
2023-11-23 14:16:00+05:30,559.25,559.5,559.2000122070312,559.5,559.5,13432
2023-11-23 14:17:00+05:30,559.25,559.5,559.0499877929688,559.1500244140625,559.1500244140625,25668
2023-11-23 14:18:00+05:30,559.1500244140625,559.6500244140625,559.0999755859375,559.4000244140625,559.4000244140625,19374
2023-11-23 14:19:00+05:30,559.4500122070312,559.6500244140625,559.4000244140625,559.5499877929688,559.5499877929688,12546
2023-11-23 14:20:00+05:30,559.5499877929688,559.5999755859375,559.4000244140625,559.5499877929688,559.5499877929688,5549
2023-11-23 14:21:00+05:30,559.5499877929688,559.6500244140625,559.5499877929688,559.5499877929688,559.5499877929688,8441
2023-11-23 14:22:00+05:30,559.5,559.75,559.0999755859375,559.2999877929688,559.2999877929688,30549
2023-11-23 14:23:00+05:30,559.2999877929688,559.5499877929688,559.2000122070312,559.5,559.5,5201
2023-11-23 14:24:00+05:30,559.5,559.5999755859375,559.2999877929688,559.3499755859375,559.3499755859375,11215
2023-11-23 14:25:00+05:30,559.3499755859375,559.3499755859375,558.5,558.7000122070312,558.7000122070312,99790
2023-11-23 14:26:00+05:30,558.75,559.0,558.75,558.9500122070312,558.9500122070312,19304
2023-11-23 14:27:00+05:30,558.75,559.0,558.75,558.9000244140625,558.9000244140625,16284
2023-11-23 14:28:00+05:30,559.0,559.0,558.7999877929688,558.9500122070312,558.9500122070312,6625
2023-11-23 14:29:00+05:30,558.9000244140625,559.1500244140625,558.8499755859375,559.1500244140625,559.1500244140625,12122
2023-11-23 14:30:00+05:30,559.0,559.25,558.8499755859375,559.0499877929688,559.0499877929688,16064
2023-11-23 14:31:00+05:30,559.0499877929688,559.2999877929688,559.0499877929688,559.1500244140625,559.1500244140625,6402
2023-11-23 14:32:00+05:30,559.2000122070312,559.25,558.75,558.7999877929688,558.7999877929688,21198
2023-11-23 14:33:00+05:30,558.75,559.0,558.7000122070312,558.75,558.75,15318
2023-11-23 14:34:00+05:30,558.7999877929688,558.7999877929688,558.7000122070312,558.75,558.75,29090
2023-11-23 14:35:00+05:30,558.7000122070312,558.7999877929688,558.6500244140625,558.75,558.75,19467
2023-11-23 14:36:00+05:30,558.75,558.8499755859375,558.6500244140625,558.7999877929688,558.7999877929688,9339
2023-11-23 14:37:00+05:30,558.8499755859375,558.9000244140625,558.7000122070312,558.75,558.75,5805
2023-11-23 14:38:00+05:30,558.75,558.7999877929688,558.6500244140625,558.6500244140625,558.6500244140625,17752
2023-11-23 14:39:00+05:30,558.7999877929688,558.9000244140625,558.5,558.5999755859375,558.5999755859375,15865
2023-11-23 14:40:00+05:30,558.5999755859375,558.6500244140625,558.4000244140625,558.5499877929688,558.5499877929688,33948
2023-11-23 14:41:00+05:30,558.5999755859375,558.5999755859375,558.4000244140625,558.4500122070312,558.4500122070312,18161
2023-11-23 14:42:00+05:30,558.5999755859375,558.6500244140625,558.4000244140625,558.4500122070312,558.4500122070312,11807
2023-11-23 14:43:00+05:30,558.6500244140625,558.75,558.4000244140625,558.7000122070312,558.7000122070312,20872
2023-11-23 14:44:00+05:30,558.7000122070312,558.8499755859375,558.5499877929688,558.7999877929688,558.7999877929688,9590
2023-11-23 14:45:00+05:30,558.8499755859375,559.0,558.75,558.8499755859375,558.8499755859375,23956
2023-11-23 14:46:00+05:30,558.9500122070312,558.9500122070312,558.7999877929688,558.9000244140625,558.9000244140625,7567
2023-11-23 14:47:00+05:30,558.8499755859375,558.9500122070312,558.7000122070312,558.9000244140625,558.9000244140625,19854
2023-11-23 14:48:00+05:30,558.7000122070312,559.0,558.7000122070312,558.8499755859375,558.8499755859375,8322
2023-11-23 14:49:00+05:30,558.8499755859375,559.0999755859375,558.7999877929688,558.9500122070312,558.9500122070312,17119
2023-11-23 14:50:00+05:30,559.0999755859375,559.0999755859375,558.7000122070312,558.9500122070312,558.9500122070312,32256
2023-11-23 14:51:00+05:30,558.75,558.9500122070312,558.7000122070312,558.75,558.75,17466
2023-11-23 14:52:00+05:30,558.75,559.0,558.5,558.7999877929688,558.7999877929688,30999
2023-11-23 14:53:00+05:30,558.9500122070312,559.0,558.6500244140625,558.9000244140625,558.9000244140625,14648
2023-11-23 14:54:00+05:30,558.9000244140625,558.9500122070312,558.7000122070312,558.9500122070312,558.9500122070312,6591
2023-11-23 14:55:00+05:30,558.7999877929688,559.0999755859375,558.7999877929688,559.0499877929688,559.0499877929688,8409
2023-11-23 14:56:00+05:30,559.0,559.0999755859375,558.7999877929688,559.0,559.0,12250
2023-11-23 14:57:00+05:30,558.7999877929688,559.0,558.7999877929688,559.0,559.0,3997
2023-11-23 14:58:00+05:30,558.9500122070312,559.0,558.9000244140625,559.0,559.0,9377
2023-11-23 14:59:00+05:30,558.9000244140625,559.0499877929688,558.9000244140625,559.0,559.0,26818
2023-11-23 15:00:00+05:30,559.0499877929688,559.4000244140625,559.0,559.0999755859375,559.0999755859375,45710
2023-11-23 15:01:00+05:30,559.1500244140625,559.2999877929688,559.0499877929688,559.2999877929688,559.2999877929688,11415
2023-11-23 15:02:00+05:30,559.3499755859375,559.5499877929688,559.25,559.5499877929688,559.5499877929688,43300
2023-11-23 15:03:00+05:30,559.5,559.6500244140625,559.2999877929688,559.5,559.5,30461
2023-11-23 15:04:00+05:30,559.5,559.5999755859375,559.0499877929688,559.5999755859375,559.5999755859375,40691
2023-11-23 15:05:00+05:30,559.5,559.75,559.5,559.75,559.75,16566
2023-11-23 15:06:00+05:30,559.6500244140625,559.7999877929688,559.5999755859375,559.7999877929688,559.7999877929688,24382
2023-11-23 15:07:00+05:30,559.75,560.3499755859375,559.75,559.9500122070312,559.9500122070312,62748
2023-11-23 15:08:00+05:30,560.0999755859375,560.2000122070312,559.9500122070312,560.1500244140625,560.1500244140625,23805
2023-11-23 15:09:00+05:30,560.1500244140625,560.1500244140625,559.7000122070312,559.9500122070312,559.9500122070312,60774
2023-11-23 15:10:00+05:30,560.0,560.0999755859375,559.8499755859375,560.0999755859375,560.0999755859375,15882
2023-11-23 15:11:00+05:30,560.0499877929688,560.1500244140625,559.9500122070312,560.0999755859375,560.0999755859375,23747
2023-11-23 15:12:00+05:30,560.0999755859375,560.0999755859375,559.9000244140625,560.0,560.0,25692
2023-11-23 15:13:00+05:30,560.0,560.0,559.75,559.8499755859375,559.8499755859375,26247
2023-11-23 15:14:00+05:30,559.9500122070312,560.0999755859375,559.7999877929688,560.0499877929688,560.0499877929688,27420
2023-11-23 15:15:00+05:30,560.0,560.2000122070312,559.8499755859375,560.0999755859375,560.0999755859375,29556
2023-11-23 15:16:00+05:30,560.0499877929688,560.25,560.0,560.25,560.25,23009
2023-11-23 15:17:00+05:30,560.0,560.25,560.0,560.1500244140625,560.1500244140625,14881
2023-11-23 15:18:00+05:30,560.1500244140625,560.2000122070312,560.0,560.0999755859375,560.0999755859375,24232
2023-11-23 15:19:00+05:30,560.0,560.2000122070312,560.0,560.0999755859375,560.0999755859375,14449
2023-11-23 15:20:00+05:30,560.0999755859375,560.1500244140625,559.75,559.7999877929688,559.7999877929688,67886
2023-11-23 15:21:00+05:30,560.0499877929688,560.0999755859375,559.7999877929688,560.0499877929688,560.0499877929688,28957
2023-11-23 15:22:00+05:30,560.0999755859375,560.1500244140625,560.0499877929688,560.0999755859375,560.0999755859375,13263
2023-11-23 15:23:00+05:30,560.0999755859375,560.2000122070312,560.0499877929688,560.2000122070312,560.2000122070312,26237
2023-11-23 15:24:00+05:30,560.2000122070312,560.4000244140625,560.0999755859375,560.3499755859375,560.3499755859375,63271
2023-11-23 15:25:00+05:30,560.3499755859375,560.5,560.0999755859375,560.2999877929688,560.2999877929688,22635
2023-11-23 15:26:00+05:30,560.2000122070312,560.5,560.2000122070312,560.3499755859375,560.3499755859375,15747
2023-11-23 15:27:00+05:30,560.4000244140625,560.5,560.2999877929688,560.4000244140625,560.4000244140625,32228
2023-11-23 15:28:00+05:30,560.4500122070312,560.5,560.2999877929688,560.4000244140625,560.4000244140625,22314
2023-11-23 15:29:00+05:30,560.3499755859375,560.5499877929688,560.2000122070312,560.5,560.5,31737
2023-11-24 09:15:00+05:30,562.0,562.0,560.5499877929688,561.2000122070312,561.2000122070312,0
2023-11-24 09:16:00+05:30,561.0499877929688,561.25,560.9500122070312,561.0999755859375,561.0999755859375,45561
2023-11-24 09:17:00+05:30,561.1500244140625,561.2999877929688,560.75,561.0499877929688,561.0499877929688,42175
2023-11-24 09:18:00+05:30,561.0499877929688,561.2999877929688,560.9000244140625,561.0,561.0,34915
2023-11-24 09:19:00+05:30,560.8499755859375,561.0499877929688,560.7000122070312,560.9500122070312,560.9500122070312,38155
2023-11-24 09:20:00+05:30,561.0,561.0,560.5,560.5999755859375,560.5999755859375,47829
2023-11-24 09:21:00+05:30,560.5499877929688,561.0,560.4000244140625,560.7999877929688,560.7999877929688,41646
2023-11-24 09:22:00+05:30,560.7999877929688,560.9000244140625,560.5499877929688,560.75,560.75,19720
2023-11-24 09:23:00+05:30,560.75,560.9500122070312,560.6500244140625,560.8499755859375,560.8499755859375,21678
2023-11-24 09:24:00+05:30,560.75,561.0,560.75,560.8499755859375,560.8499755859375,19555
2023-11-24 09:25:00+05:30,560.8499755859375,561.25,560.75,561.25,561.25,55040
2023-11-24 09:26:00+05:30,561.2999877929688,561.2999877929688,560.8499755859375,560.9000244140625,560.9000244140625,36121
2023-11-24 09:27:00+05:30,561.0,561.0,560.7000122070312,560.9000244140625,560.9000244140625,38765
2023-11-24 09:28:00+05:30,560.8499755859375,560.9000244140625,560.7000122070312,560.7999877929688,560.7999877929688,31148
2023-11-24 09:29:00+05:30,560.75,560.9500122070312,560.5999755859375,560.7999877929688,560.7999877929688,15958
2023-11-24 09:30:00+05:30,560.7999877929688,561.2000122070312,560.7000122070312,561.1500244140625,561.1500244140625,18134
2023-11-24 09:31:00+05:30,561.2000122070312,561.3499755859375,560.9000244140625,561.2000122070312,561.2000122070312,18376
2023-11-24 09:32:00+05:30,561.3499755859375,561.5,561.2000122070312,561.3499755859375,561.3499755859375,36747
2023-11-24 09:33:00+05:30,561.2999877929688,561.5999755859375,561.25,561.4000244140625,561.4000244140625,31860
2023-11-24 09:34:00+05:30,561.5,561.5499877929688,561.2000122070312,561.3499755859375,561.3499755859375,27502
2023-11-24 09:35:00+05:30,561.2999877929688,561.4500122070312,561.0999755859375,561.2999877929688,561.2999877929688,28742
2023-11-24 09:36:00+05:30,561.2999877929688,561.4000244140625,560.8499755859375,561.2000122070312,561.2000122070312,25746
2023-11-24 09:37:00+05:30,561.0999755859375,561.25,561.0,561.0,561.0,19439
2023-11-24 09:38:00+05:30,561.0,561.4000244140625,561.0,561.3499755859375,561.3499755859375,16977
2023-11-24 09:39:00+05:30,561.3499755859375,561.4500122070312,561.25,561.4500122070312,561.4500122070312,6375
2023-11-24 09:40:00+05:30,561.4500122070312,561.5999755859375,561.3499755859375,561.5,561.5,22449
2023-11-24 09:41:00+05:30,561.3499755859375,561.5999755859375,561.3499755859375,561.4000244140625,561.4000244140625,12784
2023-11-24 09:42:00+05:30,561.4500122070312,561.5499877929688,561.3499755859375,561.5,561.5,5843
2023-11-24 09:43:00+05:30,561.5,561.5499877929688,561.3499755859375,561.4500122070312,561.4500122070312,9645
2023-11-24 09:44:00+05:30,561.3499755859375,561.4500122070312,561.0,561.0499877929688,561.0499877929688,15006
2023-11-24 09:45:00+05:30,561.0499877929688,561.2000122070312,560.7999877929688,561.0,561.0,24505
2023-11-24 09:46:00+05:30,560.9000244140625,561.0499877929688,560.7000122070312,560.75,560.75,21473
2023-11-24 09:47:00+05:30,560.7999877929688,560.9000244140625,560.75,560.7999877929688,560.7999877929688,5684
2023-11-24 09:48:00+05:30,560.8499755859375,561.0,560.7000122070312,560.9000244140625,560.9000244140625,9719
2023-11-24 09:49:00+05:30,560.9000244140625,560.9000244140625,560.0499877929688,560.0499877929688,560.0499877929688,58920
2023-11-24 09:50:00+05:30,560.0499877929688,560.3499755859375,559.5,560.0,560.0,92418
2023-11-24 09:51:00+05:30,559.9500122070312,560.4500122070312,559.9000244140625,560.4500122070312,560.4500122070312,25898
2023-11-24 09:52:00+05:30,560.3499755859375,560.5,560.1500244140625,560.4000244140625,560.4000244140625,23416
2023-11-24 09:53:00+05:30,560.4000244140625,560.4500122070312,560.0499877929688,560.2999877929688,560.2999877929688,28115
2023-11-24 09:54:00+05:30,560.2999877929688,560.4000244140625,560.0999755859375,560.4000244140625,560.4000244140625,22567
2023-11-24 09:55:00+05:30,560.2999877929688,560.4000244140625,560.2000122070312,560.3499755859375,560.3499755859375,17266
2023-11-24 09:56:00+05:30,560.4000244140625,561.0,560.2999877929688,560.9500122070312,560.9500122070312,25183
2023-11-24 09:57:00+05:30,561.0,561.0,560.5999755859375,560.7999877929688,560.7999877929688,9797
2023-11-24 09:58:00+05:30,560.7999877929688,560.7999877929688,560.2999877929688,560.4000244140625,560.4000244140625,29634
2023-11-24 09:59:00+05:30,560.4500122070312,560.5499877929688,560.25,560.3499755859375,560.3499755859375,20792
2023-11-24 10:00:00+05:30,560.2000122070312,560.3499755859375,559.8499755859375,560.2000122070312,560.2000122070312,76246
2023-11-24 10:01:00+05:30,560.2000122070312,560.3499755859375,560.0499877929688,560.25,560.25,26125
2023-11-24 10:02:00+05:30,560.25,560.25,560.0999755859375,560.0999755859375,560.0999755859375,7897
2023-11-24 10:03:00+05:30,560.0499877929688,560.1500244140625,560.0,560.0999755859375,560.0999755859375,21309
2023-11-24 10:04:00+05:30,560.0999755859375,560.25,560.0,560.1500244140625,560.1500244140625,33200
2023-11-24 10:05:00+05:30,560.25,560.4500122070312,560.0999755859375,560.4000244140625,560.4000244140625,35085
2023-11-24 10:06:00+05:30,560.4500122070312,560.4500122070312,560.4000244140625,560.4500122070312,560.4500122070312,6545
2023-11-24 10:07:00+05:30,560.4000244140625,560.4500122070312,560.0499877929688,560.4000244140625,560.4000244140625,21356
2023-11-24 10:08:00+05:30,560.3499755859375,560.3499755859375,559.9500122070312,559.9500122070312,559.9500122070312,28552
2023-11-24 10:09:00+05:30,560.2000122070312,560.4000244140625,559.9500122070312,560.2999877929688,560.2999877929688,16734
2023-11-24 10:10:00+05:30,560.1500244140625,560.75,560.1500244140625,560.75,560.75,12651
2023-11-24 10:11:00+05:30,560.75,560.9500122070312,560.5499877929688,560.9000244140625,560.9000244140625,10853
2023-11-24 10:12:00+05:30,560.9000244140625,561.0,560.7000122070312,560.9500122070312,560.9500122070312,12609
2023-11-24 10:13:00+05:30,560.9500122070312,561.0,560.7999877929688,560.9000244140625,560.9000244140625,18716
2023-11-24 10:14:00+05:30,560.9000244140625,560.9000244140625,560.6500244140625,560.7000122070312,560.7000122070312,10492
2023-11-24 10:15:00+05:30,560.6500244140625,560.75,560.5999755859375,560.5999755859375,560.5999755859375,5551
2023-11-24 10:16:00+05:30,560.6500244140625,560.7000122070312,560.4000244140625,560.4500122070312,560.4500122070312,20711
2023-11-24 10:17:00+05:30,560.4500122070312,560.6500244140625,560.4500122070312,560.5,560.5,7157
2023-11-24 10:18:00+05:30,560.5499877929688,560.75,560.5,560.5499877929688,560.5499877929688,12442
2023-11-24 10:19:00+05:30,560.6500244140625,560.7999877929688,560.5499877929688,560.5499877929688,560.5499877929688,11452
2023-11-24 10:20:00+05:30,560.5499877929688,560.7999877929688,560.5,560.5,560.5,13487
2023-11-24 10:21:00+05:30,560.5,560.7000122070312,560.5,560.5,560.5,7642
2023-11-24 10:22:00+05:30,560.5,560.75,560.5,560.5999755859375,560.5999755859375,5796
2023-11-24 10:23:00+05:30,560.7000122070312,560.7999877929688,560.5999755859375,560.7000122070312,560.7000122070312,9686
2023-11-24 10:24:00+05:30,560.6500244140625,560.8499755859375,560.5499877929688,560.5999755859375,560.5999755859375,13922
2023-11-24 10:25:00+05:30,560.7000122070312,560.7000122070312,560.2000122070312,560.3499755859375,560.3499755859375,34320
2023-11-24 10:26:00+05:30,560.2000122070312,560.6500244140625,560.2000122070312,560.6500244140625,560.6500244140625,8113
2023-11-24 10:27:00+05:30,560.6500244140625,560.7999877929688,560.4000244140625,560.7999877929688,560.7999877929688,12976
2023-11-24 10:28:00+05:30,560.75,560.75,560.5,560.5499877929688,560.5499877929688,3117
2023-11-24 10:29:00+05:30,560.5499877929688,560.6500244140625,560.5,560.6500244140625,560.6500244140625,3334
2023-11-24 10:30:00+05:30,560.6500244140625,560.6500244140625,560.5,560.5,560.5,7805
2023-11-24 10:31:00+05:30,560.5999755859375,560.7000122070312,560.5,560.7000122070312,560.7000122070312,3062
2023-11-24 10:32:00+05:30,560.5999755859375,560.9000244140625,560.5999755859375,560.9000244140625,560.9000244140625,15233
2023-11-24 10:33:00+05:30,560.9000244140625,560.9500122070312,560.6500244140625,560.75,560.75,26780
2023-11-24 10:34:00+05:30,560.9500122070312,560.9500122070312,560.4000244140625,560.5499877929688,560.5499877929688,12326
2023-11-24 10:35:00+05:30,560.5499877929688,560.7999877929688,560.5,560.5999755859375,560.5999755859375,3053
2023-11-24 10:36:00+05:30,560.7999877929688,560.9500122070312,560.4500122070312,560.5499877929688,560.5499877929688,31114
2023-11-24 10:37:00+05:30,560.5999755859375,560.5999755859375,560.4500122070312,560.5,560.5,14968
2023-11-24 10:38:00+05:30,560.5,560.5,560.4500122070312,560.4500122070312,560.4500122070312,5103
2023-11-24 10:39:00+05:30,560.4500122070312,560.5999755859375,560.3499755859375,560.5,560.5,14702
2023-11-24 10:40:00+05:30,560.5,560.6500244140625,560.4000244140625,560.6500244140625,560.6500244140625,1790
2023-11-24 10:41:00+05:30,560.7999877929688,560.9500122070312,560.7999877929688,560.9500122070312,560.9500122070312,9434
2023-11-24 10:43:00+05:30,561.4500122070312,561.9500122070312,561.4500122070312,561.7000122070312,561.7000122070312,101166
2023-11-24 10:44:00+05:30,561.6500244140625,562.0,561.5,561.7999877929688,561.7999877929688,22990
2023-11-24 10:45:00+05:30,561.7999877929688,561.9500122070312,561.5499877929688,561.6500244140625,561.6500244140625,19764
2023-11-24 10:46:00+05:30,561.7999877929688,561.7999877929688,561.5499877929688,561.7000122070312,561.7000122070312,10021
2023-11-24 10:47:00+05:30,561.7000122070312,561.7000122070312,561.5499877929688,561.6500244140625,561.6500244140625,9689
2023-11-24 10:48:00+05:30,561.5999755859375,561.7999877929688,561.5499877929688,561.75,561.75,11585
2023-11-24 10:49:00+05:30,561.6500244140625,561.7999877929688,561.5999755859375,561.7999877929688,561.7999877929688,5144
2023-11-24 10:50:00+05:30,561.6500244140625,561.7999877929688,561.6500244140625,561.6500244140625,561.6500244140625,7960
2023-11-24 10:51:00+05:30,561.9000244140625,562.4500122070312,561.9000244140625,562.4000244140625,562.4000244140625,69554
2023-11-24 10:52:00+05:30,562.3499755859375,562.4000244140625,561.8499755859375,561.8499755859375,561.8499755859375,21308
2023-11-24 10:53:00+05:30,561.8499755859375,562.0,561.6500244140625,561.7999877929688,561.7999877929688,11884
2023-11-24 10:54:00+05:30,561.7999877929688,561.9000244140625,561.5999755859375,561.6500244140625,561.6500244140625,4840
2023-11-24 10:55:00+05:30,561.6500244140625,561.7999877929688,561.5,561.6500244140625,561.6500244140625,10239
2023-11-24 10:56:00+05:30,561.6500244140625,561.7000122070312,561.5,561.6500244140625,561.6500244140625,4702
2023-11-24 10:57:00+05:30,561.7000122070312,561.7000122070312,561.5,561.7000122070312,561.7000122070312,5401
2023-11-24 10:58:00+05:30,561.5499877929688,561.7000122070312,561.5499877929688,561.5999755859375,561.5999755859375,3559
2023-11-24 10:59:00+05:30,561.5999755859375,561.7000122070312,561.5499877929688,561.6500244140625,561.6500244140625,3909
2023-11-24 11:00:00+05:30,561.6500244140625,561.7999877929688,561.5999755859375,561.7999877929688,561.7999877929688,6582
2023-11-24 11:01:00+05:30,561.75,561.7999877929688,561.5499877929688,561.5499877929688,561.5499877929688,9992
2023-11-24 11:02:00+05:30,561.5499877929688,561.5499877929688,561.25,561.25,561.25,9398
2023-11-24 11:03:00+05:30,561.4000244140625,561.4000244140625,561.0499877929688,561.0499877929688,561.0499877929688,5758
2023-11-24 11:04:00+05:30,561.0499877929688,561.5,561.0,561.3499755859375,561.3499755859375,9086
2023-11-24 11:05:00+05:30,561.4000244140625,561.5,561.2999877929688,561.2999877929688,561.2999877929688,4417
2023-11-24 11:06:00+05:30,561.25,561.4500122070312,561.2000122070312,561.4000244140625,561.4000244140625,4514
2023-11-24 11:07:00+05:30,561.4000244140625,561.5,561.2999877929688,561.4000244140625,561.4000244140625,4983
2023-11-24 11:08:00+05:30,561.3499755859375,561.4500122070312,561.25,561.25,561.25,4387
2023-11-24 11:09:00+05:30,561.25,561.5,561.25,561.3499755859375,561.3499755859375,4024
2023-11-24 11:10:00+05:30,561.4000244140625,561.4500122070312,561.3499755859375,561.4000244140625,561.4000244140625,3321
2023-11-24 11:11:00+05:30,561.4000244140625,561.4500122070312,561.2999877929688,561.3499755859375,561.3499755859375,5596
2023-11-24 11:12:00+05:30,561.3499755859375,561.4000244140625,561.2999877929688,561.3499755859375,561.3499755859375,5661
2023-11-24 11:13:00+05:30,561.3499755859375,561.4500122070312,561.3499755859375,561.4500122070312,561.4500122070312,4528
2023-11-24 11:14:00+05:30,561.4000244140625,561.5,561.4000244140625,561.4500122070312,561.4500122070312,5345
2023-11-24 11:15:00+05:30,561.5,561.5,561.4500122070312,561.4500122070312,561.4500122070312,6602
2023-11-24 11:16:00+05:30,561.5,561.9000244140625,561.4500122070312,561.9000244140625,561.9000244140625,16642
2023-11-24 11:17:00+05:30,561.9000244140625,561.9500122070312,561.7000122070312,561.7999877929688,561.7999877929688,10252
2023-11-24 11:18:00+05:30,561.7999877929688,561.8499755859375,561.6500244140625,561.75,561.75,16367
2023-11-24 11:19:00+05:30,561.6500244140625,561.7999877929688,561.6500244140625,561.7000122070312,561.7000122070312,3796
2023-11-24 11:20:00+05:30,561.7999877929688,561.8499755859375,561.5499877929688,561.5499877929688,561.5499877929688,5064
2023-11-24 11:21:00+05:30,561.7999877929688,561.8499755859375,561.5499877929688,561.7999877929688,561.7999877929688,9561
2023-11-24 11:22:00+05:30,561.6500244140625,561.9000244140625,561.6500244140625,561.9000244140625,561.9000244140625,8643
2023-11-24 11:23:00+05:30,561.9000244140625,561.9000244140625,561.6500244140625,561.7999877929688,561.7999877929688,4959
2023-11-24 11:24:00+05:30,561.7999877929688,561.7999877929688,561.5999755859375,561.5999755859375,561.5999755859375,8439
2023-11-24 11:25:00+05:30,561.7000122070312,561.7000122070312,561.4000244140625,561.6500244140625,561.6500244140625,12611
2023-11-24 11:26:00+05:30,561.5499877929688,561.7000122070312,561.4000244140625,561.5,561.5,5506
2023-11-24 11:27:00+05:30,561.5,561.5499877929688,561.4000244140625,561.4500122070312,561.4500122070312,4843
2023-11-24 11:28:00+05:30,561.5,561.5499877929688,561.4000244140625,561.4000244140625,561.4000244140625,4036
2023-11-24 11:29:00+05:30,561.4000244140625,561.5499877929688,561.4000244140625,561.4000244140625,561.4000244140625,5028
2023-11-24 11:30:00+05:30,561.5,561.5499877929688,561.2999877929688,561.5,561.5,7232
2023-11-24 11:31:00+05:30,561.5,561.5,561.2999877929688,561.3499755859375,561.3499755859375,4451
2023-11-24 11:32:00+05:30,561.3499755859375,561.5,561.25,561.4500122070312,561.4500122070312,10154
2023-11-24 11:33:00+05:30,561.5,561.5499877929688,561.2999877929688,561.5499877929688,561.5499877929688,11079
2023-11-24 11:34:00+05:30,561.5499877929688,561.7000122070312,561.5,561.5999755859375,561.5999755859375,4732
2023-11-24 11:35:00+05:30,561.6500244140625,561.75,561.5499877929688,561.7000122070312,561.7000122070312,6588
2023-11-24 11:36:00+05:30,561.5999755859375,561.7000122070312,561.5,561.6500244140625,561.6500244140625,3042
2023-11-24 11:37:00+05:30,561.6500244140625,561.7000122070312,561.5,561.5999755859375,561.5999755859375,4517
2023-11-24 11:38:00+05:30,561.6500244140625,561.7000122070312,561.4000244140625,561.6500244140625,561.6500244140625,9751
2023-11-24 11:39:00+05:30,561.7000122070312,561.7000122070312,561.4500122070312,561.7000122070312,561.7000122070312,6312
2023-11-24 11:40:00+05:30,561.7000122070312,561.7000122070312,561.5499877929688,561.7000122070312,561.7000122070312,3683
2023-11-24 11:41:00+05:30,561.75,561.75,561.7000122070312,561.75,561.75,5291
2023-11-24 11:42:00+05:30,561.75,561.75,561.5999755859375,561.6500244140625,561.6500244140625,8315
2023-11-24 11:43:00+05:30,561.6500244140625,561.6500244140625,561.5499877929688,561.6500244140625,561.6500244140625,2502
2023-11-24 11:44:00+05:30,561.6500244140625,561.75,561.5,561.75,561.75,7132
2023-11-24 11:45:00+05:30,561.5,561.75,561.5,561.75,561.75,8537
2023-11-24 11:46:00+05:30,561.75,561.7999877929688,561.5999755859375,561.75,561.75,9337
2023-11-24 11:47:00+05:30,561.6500244140625,561.7000122070312,561.5499877929688,561.7000122070312,561.7000122070312,988
2023-11-24 11:48:00+05:30,561.6500244140625,561.75,561.5,561.6500244140625,561.6500244140625,5017
2023-11-24 11:49:00+05:30,561.5499877929688,561.7999877929688,561.5499877929688,561.7000122070312,561.7000122070312,5987
2023-11-24 11:50:00+05:30,561.75,561.8499755859375,561.5,561.7000122070312,561.7000122070312,8654
2023-11-24 11:51:00+05:30,561.5499877929688,561.8499755859375,561.5,561.7999877929688,561.7999877929688,3689
2023-11-24 11:52:00+05:30,561.7999877929688,561.7999877929688,561.5999755859375,561.7999877929688,561.7999877929688,2127
2023-11-24 11:53:00+05:30,561.7999877929688,561.8499755859375,561.75,561.8499755859375,561.8499755859375,4320
2023-11-24 11:54:00+05:30,561.8499755859375,561.8499755859375,561.75,561.8499755859375,561.8499755859375,7787
2023-11-24 11:55:00+05:30,561.8499755859375,561.8499755859375,561.75,561.7999877929688,561.7999877929688,4769
2023-11-24 11:56:00+05:30,561.7999877929688,561.8499755859375,561.4000244140625,561.7000122070312,561.7000122070312,67203
2023-11-24 11:57:00+05:30,561.6500244140625,561.7999877929688,561.5999755859375,561.75,561.75,9662
2023-11-24 11:58:00+05:30,561.75,561.75,561.5499877929688,561.7000122070312,561.7000122070312,2567
2023-11-24 11:59:00+05:30,561.7000122070312,561.8499755859375,561.5,561.7999877929688,561.7999877929688,9726
2023-11-24 12:00:00+05:30,561.75,561.7999877929688,561.5499877929688,561.5999755859375,561.5999755859375,5562
2023-11-24 12:01:00+05:30,561.75,561.7999877929688,561.5999755859375,561.7999877929688,561.7999877929688,4459
2023-11-24 12:02:00+05:30,561.75,562.0,561.75,562.0,562.0,44223
2023-11-24 12:03:00+05:30,562.0,562.2000122070312,561.9000244140625,562.2000122070312,562.2000122070312,15801
2023-11-24 12:04:00+05:30,561.9500122070312,562.25,561.8499755859375,562.0,562.0,7900
2023-11-24 12:05:00+05:30,562.0499877929688,562.0999755859375,562.0,562.0,562.0,5553
2023-11-24 12:06:00+05:30,562.0999755859375,562.2000122070312,561.75,562.0,562.0,10424
2023-11-24 12:07:00+05:30,562.0,562.1500244140625,561.8499755859375,562.0999755859375,562.0999755859375,8250
2023-11-24 12:08:00+05:30,562.0999755859375,562.1500244140625,561.9000244140625,562.0499877929688,562.0499877929688,5303
2023-11-24 12:09:00+05:30,562.0999755859375,562.1500244140625,562.0499877929688,562.0499877929688,562.0499877929688,4877
2023-11-24 12:10:00+05:30,562.0499877929688,562.25,562.0499877929688,562.0999755859375,562.0999755859375,8277
2023-11-24 12:11:00+05:30,562.0999755859375,562.25,562.0999755859375,562.1500244140625,562.1500244140625,10158
2023-11-24 12:12:00+05:30,562.2000122070312,562.2000122070312,562.0,562.0499877929688,562.0499877929688,8216
2023-11-24 12:13:00+05:30,562.0499877929688,562.0499877929688,561.8499755859375,561.9000244140625,561.9000244140625,7045
2023-11-24 12:14:00+05:30,562.0,562.0,561.7999877929688,561.9000244140625,561.9000244140625,3057
2023-11-24 12:15:00+05:30,561.9000244140625,562.0,561.7999877929688,561.9000244140625,561.9000244140625,4631
2023-11-24 12:16:00+05:30,561.9000244140625,561.9000244140625,561.75,561.75,561.75,8466
2023-11-24 12:17:00+05:30,561.7999877929688,561.7999877929688,561.7000122070312,561.75,561.75,5493
2023-11-24 12:18:00+05:30,561.75,561.8499755859375,561.7000122070312,561.8499755859375,561.8499755859375,4852
2023-11-24 12:19:00+05:30,561.7999877929688,561.8499755859375,561.5,561.5,561.5,9618
2023-11-24 12:20:00+05:30,561.7000122070312,561.7000122070312,561.4500122070312,561.4500122070312,561.4500122070312,6099
2023-11-24 12:21:00+05:30,561.5,561.5,561.4000244140625,561.4000244140625,561.4000244140625,4665
2023-11-24 12:22:00+05:30,561.4500122070312,561.5,561.3499755859375,561.4500122070312,561.4500122070312,8698
2023-11-24 12:23:00+05:30,561.4500122070312,561.5,561.3499755859375,561.5,561.5,18404
2023-11-24 12:24:00+05:30,561.5,561.5,561.3499755859375,561.5,561.5,4467
2023-11-24 12:25:00+05:30,561.4500122070312,561.5,561.4000244140625,561.5,561.5,4233
2023-11-24 12:26:00+05:30,561.4000244140625,561.5999755859375,561.4000244140625,561.4500122070312,561.4500122070312,3384
2023-11-24 12:27:00+05:30,561.5999755859375,561.6500244140625,561.4000244140625,561.4500122070312,561.4500122070312,4177
2023-11-24 12:28:00+05:30,561.4500122070312,561.5999755859375,561.4500122070312,561.5999755859375,561.5999755859375,3020
2023-11-24 12:29:00+05:30,561.5999755859375,561.7000122070312,561.5,561.5,561.5,4925
2023-11-24 12:30:00+05:30,561.6500244140625,561.6500244140625,561.3499755859375,561.6500244140625,561.6500244140625,8019
2023-11-24 12:31:00+05:30,561.4000244140625,561.7000122070312,561.4000244140625,561.5,561.5,7331
2023-11-24 12:32:00+05:30,561.6500244140625,561.7000122070312,561.4500122070312,561.6500244140625,561.6500244140625,2862
2023-11-24 12:33:00+05:30,561.6500244140625,561.7000122070312,561.4500122070312,561.4500122070312,561.4500122070312,5217
2023-11-24 12:34:00+05:30,561.6500244140625,561.6500244140625,561.3499755859375,561.5,561.5,8836
2023-11-24 12:35:00+05:30,561.4000244140625,561.5,561.3499755859375,561.4000244140625,561.4000244140625,8145
2023-11-24 12:36:00+05:30,561.4000244140625,561.5,561.25,561.4500122070312,561.4500122070312,13146
2023-11-24 12:37:00+05:30,561.4500122070312,561.4500122070312,561.0,561.2999877929688,561.2999877929688,26234
2023-11-24 12:38:00+05:30,561.2999877929688,561.3499755859375,561.0499877929688,561.1500244140625,561.1500244140625,11198
2023-11-24 12:39:00+05:30,561.25,561.2999877929688,561.0499877929688,561.2000122070312,561.2000122070312,7465
2023-11-24 12:40:00+05:30,561.0999755859375,561.2999877929688,561.0,561.0499877929688,561.0499877929688,19064
2023-11-24 12:41:00+05:30,561.0999755859375,561.2999877929688,561.0,561.2999877929688,561.2999877929688,6693
2023-11-24 12:42:00+05:30,561.2999877929688,561.2999877929688,561.0499877929688,561.0999755859375,561.0999755859375,6525
2023-11-24 12:43:00+05:30,561.0999755859375,561.2999877929688,560.8499755859375,560.9500122070312,560.9500122070312,14800
2023-11-24 12:44:00+05:30,561.0499877929688,561.0499877929688,560.7999877929688,560.7999877929688,560.7999877929688,7582
2023-11-24 12:45:00+05:30,560.7999877929688,561.0499877929688,560.75,560.9000244140625,560.9000244140625,12745
2023-11-24 12:46:00+05:30,560.9000244140625,560.9000244140625,560.6500244140625,560.7000122070312,560.7000122070312,15595
2023-11-24 12:47:00+05:30,560.8499755859375,561.1500244140625,560.5999755859375,560.7999877929688,560.7999877929688,34692
2023-11-24 12:48:00+05:30,560.7999877929688,560.9000244140625,560.5999755859375,560.6500244140625,560.6500244140625,6439
2023-11-24 12:49:00+05:30,560.8499755859375,560.8499755859375,560.6500244140625,560.6500244140625,560.6500244140625,3920
2023-11-24 12:50:00+05:30,560.6500244140625,560.7999877929688,560.6500244140625,560.7999877929688,560.7999877929688,6885
2023-11-24 12:51:00+05:30,560.7999877929688,561.25,560.7000122070312,561.25,561.25,13162
2023-11-24 12:52:00+05:30,561.0,561.1500244140625,561.0,561.1500244140625,561.1500244140625,7305
2023-11-24 12:53:00+05:30,561.0,561.1500244140625,561.0,561.0999755859375,561.0999755859375,5418
2023-11-24 12:54:00+05:30,561.1500244140625,561.2999877929688,561.0999755859375,561.25,561.25,9143
2023-11-24 12:55:00+05:30,561.0999755859375,561.25,561.0499877929688,561.1500244140625,561.1500244140625,6699
2023-11-24 12:56:00+05:30,561.2000122070312,561.2000122070312,561.0,561.0999755859375,561.0999755859375,27796
2023-11-24 12:57:00+05:30,561.0499877929688,561.1500244140625,560.9000244140625,561.0499877929688,561.0499877929688,3605
2023-11-24 12:58:00+05:30,561.0499877929688,561.0999755859375,560.7999877929688,560.8499755859375,560.8499755859375,4361
2023-11-24 12:59:00+05:30,560.8499755859375,560.9000244140625,560.6500244140625,560.6500244140625,560.6500244140625,7123
2023-11-24 13:00:00+05:30,560.7999877929688,560.7999877929688,560.5,560.5499877929688,560.5499877929688,15593
2023-11-24 13:01:00+05:30,560.5999755859375,560.7000122070312,560.5,560.5499877929688,560.5499877929688,6676
2023-11-24 13:02:00+05:30,560.6500244140625,560.6500244140625,560.5,560.6500244140625,560.6500244140625,4619
2023-11-24 13:03:00+05:30,560.6500244140625,560.6500244140625,560.5,560.5499877929688,560.5499877929688,7180
2023-11-24 13:04:00+05:30,560.5,560.5999755859375,560.2000122070312,560.2000122070312,560.2000122070312,26161
2023-11-24 13:05:00+05:30,560.1500244140625,560.2000122070312,559.8499755859375,559.9500122070312,559.9500122070312,83003
2023-11-24 13:06:00+05:30,559.9000244140625,560.0499877929688,559.8499755859375,560.0,560.0,17113
2023-11-24 13:07:00+05:30,560.0,560.0999755859375,559.9000244140625,559.9000244140625,559.9000244140625,16381
2023-11-24 13:08:00+05:30,559.9500122070312,560.0999755859375,559.9500122070312,560.0999755859375,560.0999755859375,6228
2023-11-24 13:09:00+05:30,560.0499877929688,560.0999755859375,560.0,560.0499877929688,560.0499877929688,9448
2023-11-24 13:10:00+05:30,560.0499877929688,560.0999755859375,559.9000244140625,560.0,560.0,13473
2023-11-24 13:11:00+05:30,560.0,560.0499877929688,559.9000244140625,559.9500122070312,559.9500122070312,8895
2023-11-24 13:12:00+05:30,560.0,560.0499877929688,559.9000244140625,559.9500122070312,559.9500122070312,6864
2023-11-24 13:13:00+05:30,559.9500122070312,560.0999755859375,559.25,559.25,559.25,61178
2023-11-24 13:14:00+05:30,559.25,559.6500244140625,559.25,559.5,559.5,20015
2023-11-24 13:15:00+05:30,559.5999755859375,559.7000122070312,559.3499755859375,559.5999755859375,559.5999755859375,28450
2023-11-24 13:16:00+05:30,559.7000122070312,560.0,559.6500244140625,559.9000244140625,559.9000244140625,27073
2023-11-24 13:17:00+05:30,559.9000244140625,559.9000244140625,559.7000122070312,559.7000122070312,559.7000122070312,5185
2023-11-24 13:18:00+05:30,559.7000122070312,559.9000244140625,559.5999755859375,559.8499755859375,559.8499755859375,9713
2023-11-24 13:19:00+05:30,559.8499755859375,560.0,559.7000122070312,559.75,559.75,14888
2023-11-24 13:20:00+05:30,559.8499755859375,559.9500122070312,559.6500244140625,559.7000122070312,559.7000122070312,12253
2023-11-24 13:21:00+05:30,559.9500122070312,559.9500122070312,559.5,559.6500244140625,559.6500244140625,12941
2023-11-24 13:22:00+05:30,559.7000122070312,559.7999877929688,559.5999755859375,559.7999877929688,559.7999877929688,14692
2023-11-24 13:23:00+05:30,559.7999877929688,559.7999877929688,559.75,559.7999877929688,559.7999877929688,5003
2023-11-24 13:24:00+05:30,559.7999877929688,559.8499755859375,559.75,559.7999877929688,559.7999877929688,7837
2023-11-24 13:25:00+05:30,559.7999877929688,559.8499755859375,559.75,559.7999877929688,559.7999877929688,12435
2023-11-24 13:26:00+05:30,559.75,559.9000244140625,559.7000122070312,559.75,559.75,10486
2023-11-24 13:27:00+05:30,559.7999877929688,559.9000244140625,559.5999755859375,559.75,559.75,14274
2023-11-24 13:28:00+05:30,559.75,559.9000244140625,559.5999755859375,559.5999755859375,559.5999755859375,8044
2023-11-24 13:29:00+05:30,559.75,559.9000244140625,559.5999755859375,559.9000244140625,559.9000244140625,17538
2023-11-24 13:30:00+05:30,559.9000244140625,560.0999755859375,559.7999877929688,560.0,560.0,25356
2023-11-24 13:31:00+05:30,559.9500122070312,560.0999755859375,559.75,559.9000244140625,559.9000244140625,8317
2023-11-24 13:32:00+05:30,559.9000244140625,560.0,559.7999877929688,560.0,560.0,9701
2023-11-24 13:33:00+05:30,559.9000244140625,560.0499877929688,559.8499755859375,560.0,560.0,15656
2023-11-24 13:34:00+05:30,560.0499877929688,560.0499877929688,559.7000122070312,559.9500122070312,559.9500122070312,16326
2023-11-24 13:35:00+05:30,559.7999877929688,559.9000244140625,559.6500244140625,559.7999877929688,559.7999877929688,10007
2023-11-24 13:36:00+05:30,559.75,559.7999877929688,559.5999755859375,559.5999755859375,559.5999755859375,12167
2023-11-24 13:37:00+05:30,559.7000122070312,559.75,559.5,559.7000122070312,559.7000122070312,20190
2023-11-24 13:38:00+05:30,559.5999755859375,559.8499755859375,559.5,559.7999877929688,559.7999877929688,23060
2023-11-24 13:39:00+05:30,559.5999755859375,559.8499755859375,559.5999755859375,559.8499755859375,559.8499755859375,7033
2023-11-24 13:40:00+05:30,559.8499755859375,559.9500122070312,559.6500244140625,559.7999877929688,559.7999877929688,13124
2023-11-24 13:41:00+05:30,559.9000244140625,560.25,559.7999877929688,560.1500244140625,560.1500244140625,22323
2023-11-24 13:42:00+05:30,560.0,560.3499755859375,560.0,560.25,560.25,18800
2023-11-24 13:43:00+05:30,560.1500244140625,560.2999877929688,560.0,560.25,560.25,11537
2023-11-24 13:44:00+05:30,560.2000122070312,560.25,560.0,560.25,560.25,6623
2023-11-24 13:45:00+05:30,560.1500244140625,560.25,560.0499877929688,560.0999755859375,560.0999755859375,4147
2023-11-24 13:46:00+05:30,560.25,560.2999877929688,560.0499877929688,560.2000122070312,560.2000122070312,11920
2023-11-24 13:47:00+05:30,560.2999877929688,560.2999877929688,560.2000122070312,560.2000122070312,560.2000122070312,7058
2023-11-24 13:48:00+05:30,560.2999877929688,560.3499755859375,560.1500244140625,560.3499755859375,560.3499755859375,6318
2023-11-24 13:49:00+05:30,560.2999877929688,560.3499755859375,560.0999755859375,560.25,560.25,10520
2023-11-24 13:50:00+05:30,560.0999755859375,560.3499755859375,560.0999755859375,560.2000122070312,560.2000122070312,8109
2023-11-24 13:51:00+05:30,560.2000122070312,560.3499755859375,560.0499877929688,560.2999877929688,560.2999877929688,17058
2023-11-24 13:52:00+05:30,560.25,560.25,559.9000244140625,560.0,560.0,12454
2023-11-24 13:53:00+05:30,560.0,560.0999755859375,559.8499755859375,560.0499877929688,560.0499877929688,7439
2023-11-24 13:54:00+05:30,560.0499877929688,560.0999755859375,559.8499755859375,559.8499755859375,559.8499755859375,7806
2023-11-24 13:55:00+05:30,560.0499877929688,560.1500244140625,559.8499755859375,560.0,560.0,18436
2023-11-24 13:56:00+05:30,560.0499877929688,560.1500244140625,559.9500122070312,560.1500244140625,560.1500244140625,11772
2023-11-24 13:57:00+05:30,560.1500244140625,560.2999877929688,560.0,560.0999755859375,560.0999755859375,15756
2023-11-24 13:58:00+05:30,560.2999877929688,560.4000244140625,560.0999755859375,560.2999877929688,560.2999877929688,11908
2023-11-24 13:59:00+05:30,560.2000122070312,560.4000244140625,560.0499877929688,560.3499755859375,560.3499755859375,12170
2023-11-24 14:00:00+05:30,560.3499755859375,560.4000244140625,560.0,560.0499877929688,560.0499877929688,13262
2023-11-24 14:01:00+05:30,560.1500244140625,560.2000122070312,560.0,560.1500244140625,560.1500244140625,13377
2023-11-24 14:02:00+05:30,560.2000122070312,560.2999877929688,560.0999755859375,560.0999755859375,560.0999755859375,9472
2023-11-24 14:03:00+05:30,560.0999755859375,560.2999877929688,560.0499877929688,560.0499877929688,560.0499877929688,15877
2023-11-24 14:04:00+05:30,560.0499877929688,560.2999877929688,560.0,560.0,560.0,9751
2023-11-24 14:05:00+05:30,560.1500244140625,560.1500244140625,559.9500122070312,560.0499877929688,560.0499877929688,22552
2023-11-24 14:06:00+05:30,560.0499877929688,560.1500244140625,559.7999877929688,560.0,560.0,15598
2023-11-24 14:07:00+05:30,560.0,560.0499877929688,559.7000122070312,559.9000244140625,559.9000244140625,13208
2023-11-24 14:08:00+05:30,559.7000122070312,559.9000244140625,559.6500244140625,559.7000122070312,559.7000122070312,11504
2023-11-24 14:09:00+05:30,559.7000122070312,560.0,559.6500244140625,560.0,560.0,25154
2023-11-24 14:10:00+05:30,559.8499755859375,560.0,559.6500244140625,559.75,559.75,15501
2023-11-24 14:11:00+05:30,559.9000244140625,559.9500122070312,559.75,559.9500122070312,559.9500122070312,10556
2023-11-24 14:12:00+05:30,559.9500122070312,560.0,559.75,559.9500122070312,559.9500122070312,5938
2023-11-24 14:13:00+05:30,559.9500122070312,560.0,559.7999877929688,560.0,560.0,16482
2023-11-24 14:14:00+05:30,560.0,560.0,559.9000244140625,560.0,560.0,4825
2023-11-24 14:15:00+05:30,559.9000244140625,560.0,559.9000244140625,559.9500122070312,559.9500122070312,7326
2023-11-24 14:16:00+05:30,560.0,560.0,559.7999877929688,559.7999877929688,559.7999877929688,10172
2023-11-24 14:17:00+05:30,559.7999877929688,560.0,559.75,559.9500122070312,559.9500122070312,15472
2023-11-24 14:18:00+05:30,559.8499755859375,560.3499755859375,559.75,560.3499755859375,560.3499755859375,37463
2023-11-24 14:19:00+05:30,560.3499755859375,560.4000244140625,560.1500244140625,560.2000122070312,560.2000122070312,10015
2023-11-24 14:20:00+05:30,560.2000122070312,560.3499755859375,560.0,560.1500244140625,560.1500244140625,9318
2023-11-24 14:21:00+05:30,560.2000122070312,560.25,559.9500122070312,560.25,560.25,14932
2023-11-24 14:22:00+05:30,560.0999755859375,560.2999877929688,560.0,560.25,560.25,12123
2023-11-24 14:23:00+05:30,560.0499877929688,560.25,560.0,560.25,560.25,17121
2023-11-24 14:24:00+05:30,560.25,560.25,560.0499877929688,560.2000122070312,560.2000122070312,14391
2023-11-24 14:25:00+05:30,560.0999755859375,560.3499755859375,560.0999755859375,560.2999877929688,560.2999877929688,10651
2023-11-24 14:26:00+05:30,560.2999877929688,560.3499755859375,560.1500244140625,560.2999877929688,560.2999877929688,9034
2023-11-24 14:27:00+05:30,560.2999877929688,560.3499755859375,560.0999755859375,560.0999755859375,560.0999755859375,4366
2023-11-24 14:28:00+05:30,560.0999755859375,560.2999877929688,560.0499877929688,560.0999755859375,560.0999755859375,6478
2023-11-24 14:29:00+05:30,560.1500244140625,560.2999877929688,560.0499877929688,560.2999877929688,560.2999877929688,45573
2023-11-24 14:30:00+05:30,560.25,560.5499877929688,560.2000122070312,560.4000244140625,560.4000244140625,71024
2023-11-24 14:31:00+05:30,560.4500122070312,560.5499877929688,560.1500244140625,560.1500244140625,560.1500244140625,12853
2023-11-24 14:32:00+05:30,560.1500244140625,560.2999877929688,560.0,560.0,560.0,16907
2023-11-24 14:33:00+05:30,560.1500244140625,560.5499877929688,560.0,560.5,560.5,17752
2023-11-24 14:34:00+05:30,560.4000244140625,560.5499877929688,560.3499755859375,560.5,560.5,17198
2023-11-24 14:35:00+05:30,560.5,560.5499877929688,560.25,560.25,560.25,26316
2023-11-24 14:36:00+05:30,560.4500122070312,560.4500122070312,560.2999877929688,560.4000244140625,560.4000244140625,3442
2023-11-24 14:37:00+05:30,560.3499755859375,560.4000244140625,560.0499877929688,560.0999755859375,560.0999755859375,15183
2023-11-24 14:38:00+05:30,560.0999755859375,560.2999877929688,560.0999755859375,560.25,560.25,24187
2023-11-24 14:39:00+05:30,560.2999877929688,560.4000244140625,560.25,560.3499755859375,560.3499755859375,12650
2023-11-24 14:40:00+05:30,560.25,560.6500244140625,560.25,560.5499877929688,560.5499877929688,98213
2023-11-24 14:41:00+05:30,560.5499877929688,560.5499877929688,560.25,560.2999877929688,560.2999877929688,17032
2023-11-24 14:42:00+05:30,560.25,560.4000244140625,560.25,560.2999877929688,560.2999877929688,12871
2023-11-24 14:43:00+05:30,560.4000244140625,560.4500122070312,560.2999877929688,560.4000244140625,560.4000244140625,6843
2023-11-24 14:44:00+05:30,560.4000244140625,560.5,560.3499755859375,560.5,560.5,7938
2023-11-24 14:45:00+05:30,560.4000244140625,560.5,560.3499755859375,560.4000244140625,560.4000244140625,12687
2023-11-24 14:46:00+05:30,560.5,560.5,560.4000244140625,560.4000244140625,560.4000244140625,16040
2023-11-24 14:47:00+05:30,560.4000244140625,560.4500122070312,560.25,560.25,560.25,11078
2023-11-24 14:48:00+05:30,560.3499755859375,560.4500122070312,560.25,560.3499755859375,560.3499755859375,11754
2023-11-24 14:49:00+05:30,560.4500122070312,560.4500122070312,560.3499755859375,560.3499755859375,560.3499755859375,10868
2023-11-24 14:50:00+05:30,560.4000244140625,560.5,560.3499755859375,560.5,560.5,37111
2023-11-24 14:51:00+05:30,560.4500122070312,560.5499877929688,560.4500122070312,560.5,560.5,19869
2023-11-24 14:52:00+05:30,560.4500122070312,560.5499877929688,560.25,560.3499755859375,560.3499755859375,40829
2023-11-24 14:53:00+05:30,560.4000244140625,560.5,560.25,560.4000244140625,560.4000244140625,13588
2023-11-24 14:54:00+05:30,560.4500122070312,560.4500122070312,560.0999755859375,560.0999755859375,560.0999755859375,18774
2023-11-24 14:55:00+05:30,560.25,560.2999877929688,560.0499877929688,560.0999755859375,560.0999755859375,14920
2023-11-24 14:56:00+05:30,560.0999755859375,560.2000122070312,560.0499877929688,560.2000122070312,560.2000122070312,9550
2023-11-24 14:57:00+05:30,560.2000122070312,560.2000122070312,560.0,560.0,560.0,11185
2023-11-24 14:58:00+05:30,560.0,560.2000122070312,559.7000122070312,559.7999877929688,559.7999877929688,47718
2023-11-24 14:59:00+05:30,559.7999877929688,559.9000244140625,559.5499877929688,559.9000244140625,559.9000244140625,33438
2023-11-24 15:00:00+05:30,559.8499755859375,559.9000244140625,559.75,559.9000244140625,559.9000244140625,31010
2023-11-24 15:01:00+05:30,559.9000244140625,559.9500122070312,559.75,559.9500122070312,559.9500122070312,15372
2023-11-24 15:02:00+05:30,559.9000244140625,560.0499877929688,559.8499755859375,560.0499877929688,560.0499877929688,29326
2023-11-24 15:03:00+05:30,559.9500122070312,560.1500244140625,559.9000244140625,560.0999755859375,560.0999755859375,39764
2023-11-24 15:04:00+05:30,560.0999755859375,560.2000122070312,560.0499877929688,560.1500244140625,560.1500244140625,34127
2023-11-24 15:05:00+05:30,560.2000122070312,560.25,560.0999755859375,560.2000122070312,560.2000122070312,23711
2023-11-24 15:06:00+05:30,560.2000122070312,560.2000122070312,560.0499877929688,560.1500244140625,560.1500244140625,19765
2023-11-24 15:07:00+05:30,560.1500244140625,560.1500244140625,560.0,560.1500244140625,560.1500244140625,13183
2023-11-24 15:08:00+05:30,560.1500244140625,560.2000122070312,560.0,560.0499877929688,560.0499877929688,29218
2023-11-24 15:09:00+05:30,560.0999755859375,560.1500244140625,559.9500122070312,560.1500244140625,560.1500244140625,47451
2023-11-24 15:10:00+05:30,560.2000122070312,560.2999877929688,560.0499877929688,560.2999877929688,560.2999877929688,47714
2023-11-24 15:11:00+05:30,560.25,560.7999877929688,560.25,560.7999877929688,560.7999877929688,53923
2023-11-24 15:12:00+05:30,560.7999877929688,560.7999877929688,560.5999755859375,560.6500244140625,560.6500244140625,30524
2023-11-24 15:13:00+05:30,560.7000122070312,560.7000122070312,560.5499877929688,560.5999755859375,560.5999755859375,19965
2023-11-24 15:14:00+05:30,560.5999755859375,560.5999755859375,560.4000244140625,560.5,560.5,33107
2023-11-24 15:15:00+05:30,560.4500122070312,560.7000122070312,560.4500122070312,560.6500244140625,560.6500244140625,50277
2023-11-24 15:16:00+05:30,560.5499877929688,560.7999877929688,560.5,560.5999755859375,560.5999755859375,59414
2023-11-24 15:17:00+05:30,560.6500244140625,560.7999877929688,560.5499877929688,560.7000122070312,560.7000122070312,56158
2023-11-24 15:18:00+05:30,560.7000122070312,560.75,560.5,560.5499877929688,560.5499877929688,52659
2023-11-24 15:19:00+05:30,560.5499877929688,560.5499877929688,560.2000122070312,560.5,560.5,60981
2023-11-24 15:20:00+05:30,560.4500122070312,560.5,560.0499877929688,560.2999877929688,560.2999877929688,90357
2023-11-24 15:21:00+05:30,560.2999877929688,560.5499877929688,560.2000122070312,560.4500122070312,560.4500122070312,36082
2023-11-24 15:22:00+05:30,560.4000244140625,560.4000244140625,560.0499877929688,560.3499755859375,560.3499755859375,67614
2023-11-24 15:23:00+05:30,560.2999877929688,560.3499755859375,560.2000122070312,560.2999877929688,560.2999877929688,26637
2023-11-24 15:24:00+05:30,560.3499755859375,560.5999755859375,560.1500244140625,560.5499877929688,560.5499877929688,85516
2023-11-24 15:25:00+05:30,560.5999755859375,560.5999755859375,560.3499755859375,560.4000244140625,560.4000244140625,38983
2023-11-24 15:26:00+05:30,560.3499755859375,560.3499755859375,560.25,560.3499755859375,560.3499755859375,29908
2023-11-24 15:27:00+05:30,560.2999877929688,560.5,560.2999877929688,560.3499755859375,560.3499755859375,48897
2023-11-24 15:28:00+05:30,560.4500122070312,560.4500122070312,560.1500244140625,560.2999877929688,560.2999877929688,23001
2023-11-24 15:29:00+05:30,560.7000122070312,560.7000122070312,560.7000122070312,560.7000122070312,560.7000122070312,0
Datetime,Open,High,Low,Close,Adj Close,Volume
2023-11-28 09:15:00+05:30,563.2000122070312,563.2000122070312,561.7000122070312,561.9000244140625,561.9000244140625,0
2023-11-28 09:16:00+05:30,562.2000122070312,562.75,561.9500122070312,562.5499877929688,562.5499877929688,79036
2023-11-28 09:17:00+05:30,562.5,562.75,562.4000244140625,562.5999755859375,562.5999755859375,24581
2023-11-28 09:18:00+05:30,562.4500122070312,562.5999755859375,562.1500244140625,562.4000244140625,562.4000244140625,23595
2023-11-28 09:19:00+05:30,562.3499755859375,562.4000244140625,562.0999755859375,562.25,562.25,18822
2023-11-28 09:20:00+05:30,562.25,562.4000244140625,561.5999755859375,561.7999877929688,561.7999877929688,42270
2023-11-28 09:21:00+05:30,561.7999877929688,562.1500244140625,561.75,561.9000244140625,561.9000244140625,27219
2023-11-28 09:22:00+05:30,562.0999755859375,562.1500244140625,561.75,561.8499755859375,561.8499755859375,20423
2023-11-28 09:23:00+05:30,561.75,561.9500122070312,561.5999755859375,561.8499755859375,561.8499755859375,17771
2023-11-28 09:24:00+05:30,561.8499755859375,562.0,561.7999877929688,562.0,562.0,17364
2023-11-28 09:25:00+05:30,561.9000244140625,562.25,561.8499755859375,561.9000244140625,561.9000244140625,21196
2023-11-28 09:26:00+05:30,561.9000244140625,562.2000122070312,561.7999877929688,561.9500122070312,561.9500122070312,11883
2023-11-28 09:28:00+05:30,561.8499755859375,561.9500122070312,561.5999755859375,561.8499755859375,561.8499755859375,25740
2023-11-28 09:29:00+05:30,561.7000122070312,562.0,561.6500244140625,561.9000244140625,561.9000244140625,12916
2023-11-28 09:30:00+05:30,562.0,562.0,561.75,561.9500122070312,561.9500122070312,8732
2023-11-28 09:31:00+05:30,561.7999877929688,562.0,561.7999877929688,561.7999877929688,561.7999877929688,8682
2023-11-28 09:32:00+05:30,561.9500122070312,562.2000122070312,561.8499755859375,562.1500244140625,562.1500244140625,15522
2023-11-28 09:33:00+05:30,562.2000122070312,562.5,562.0,562.4500122070312,562.4500122070312,24236
2023-11-28 09:34:00+05:30,562.2000122070312,562.5,562.0999755859375,562.3499755859375,562.3499755859375,10696
2023-11-28 09:35:00+05:30,562.4000244140625,562.4000244140625,561.7000122070312,561.75,561.75,22117
2023-11-28 09:36:00+05:30,561.9500122070312,562.0,561.7000122070312,561.9500122070312,561.9500122070312,8069
2023-11-28 09:37:00+05:30,561.7999877929688,562.0,561.7000122070312,561.75,561.75,10245
2023-11-28 09:38:00+05:30,561.9000244140625,561.9500122070312,561.5999755859375,561.5999755859375,561.5999755859375,13840
2023-11-28 09:39:00+05:30,561.9000244140625,561.9000244140625,561.5,561.5999755859375,561.5999755859375,11127
2023-11-28 09:40:00+05:30,561.7000122070312,562.1500244140625,561.5499877929688,561.9500122070312,561.9500122070312,34030
2023-11-28 09:41:00+05:30,561.9500122070312,561.9500122070312,561.5999755859375,561.5999755859375,561.5999755859375,12129
2023-11-28 09:42:00+05:30,561.6500244140625,561.6500244140625,561.2999877929688,561.3499755859375,561.3499755859375,29045
2023-11-28 09:43:00+05:30,561.2999877929688,561.4500122070312,561.1500244140625,561.1500244140625,561.1500244140625,9591
2023-11-28 09:44:00+05:30,561.25,561.3499755859375,561.0999755859375,561.2000122070312,561.2000122070312,9799
2023-11-28 09:45:00+05:30,561.3499755859375,561.3499755859375,561.1500244140625,561.25,561.25,7448
2023-11-28 09:46:00+05:30,561.3499755859375,561.5,561.1500244140625,561.4000244140625,561.4000244140625,11826
2023-11-28 09:47:00+05:30,561.4000244140625,561.75,561.4000244140625,561.7000122070312,561.7000122070312,6068
2023-11-28 09:48:00+05:30,561.75,562.0,561.6500244140625,561.9000244140625,561.9000244140625,12055
2023-11-28 09:49:00+05:30,562.0,562.2000122070312,561.9000244140625,562.2000122070312,562.2000122070312,18352
2023-11-28 09:50:00+05:30,562.2000122070312,562.7999877929688,562.2000122070312,562.75,562.75,30215
2023-11-28 09:51:00+05:30,562.5,562.9000244140625,562.5,562.6500244140625,562.6500244140625,31282
2023-11-28 09:52:00+05:30,562.6500244140625,562.7999877929688,562.4000244140625,562.5999755859375,562.5999755859375,28062
2023-11-28 09:53:00+05:30,562.5999755859375,562.7000122070312,562.2999877929688,562.2999877929688,562.2999877929688,13649
2023-11-28 09:54:00+05:30,562.2999877929688,562.4500122070312,562.1500244140625,562.2999877929688,562.2999877929688,13620
2023-11-28 09:55:00+05:30,562.25,562.4500122070312,562.2000122070312,562.2999877929688,562.2999877929688,8496
2023-11-28 09:56:00+05:30,562.2999877929688,562.2999877929688,562.0999755859375,562.0999755859375,562.0999755859375,6834
2023-11-28 09:57:00+05:30,562.0999755859375,562.2000122070312,562.0,562.2000122070312,562.2000122070312,5864
2023-11-28 09:58:00+05:30,562.0499877929688,562.0999755859375,561.5499877929688,561.5499877929688,561.5499877929688,50362
2023-11-28 09:59:00+05:30,561.5499877929688,561.9000244140625,561.5,561.5499877929688,561.5499877929688,21152
2023-11-28 10:00:00+05:30,561.75,561.7999877929688,561.4000244140625,561.5,561.5,23923
2023-11-28 10:01:00+05:30,561.5999755859375,561.7999877929688,561.4500122070312,561.7999877929688,561.7999877929688,15237
2023-11-28 10:02:00+05:30,561.7999877929688,561.9000244140625,561.5499877929688,561.7000122070312,561.7000122070312,19384
2023-11-28 10:03:00+05:30,561.75,561.7999877929688,561.4500122070312,561.5999755859375,561.5999755859375,12387
2023-11-28 10:04:00+05:30,561.5999755859375,561.5999755859375,561.4000244140625,561.5499877929688,561.5499877929688,20300
2023-11-28 10:05:00+05:30,561.4000244140625,561.7999877929688,561.3499755859375,561.7999877929688,561.7999877929688,13529
2023-11-28 10:06:00+05:30,561.7999877929688,561.9500122070312,561.5499877929688,561.9500122070312,561.9500122070312,15203
2023-11-28 10:07:00+05:30,561.9000244140625,561.9500122070312,561.7000122070312,561.75,561.75,12123
2023-11-28 10:08:00+05:30,561.8499755859375,561.9500122070312,561.75,561.7999877929688,561.7999877929688,13645
2023-11-28 10:09:00+05:30,561.7999877929688,561.9500122070312,561.75,561.9500122070312,561.9500122070312,11181
2023-11-28 10:10:00+05:30,561.75,562.0,561.75,562.0,562.0,9853
2023-11-28 10:11:00+05:30,561.7999877929688,562.0499877929688,561.75,562.0499877929688,562.0499877929688,14355
2023-11-28 10:12:00+05:30,562.0499877929688,562.0999755859375,561.9000244140625,562.0999755859375,562.0999755859375,4080
2023-11-28 10:13:00+05:30,562.0999755859375,562.25,561.9000244140625,562.2000122070312,562.2000122070312,29344
2023-11-28 10:14:00+05:30,562.2000122070312,562.2000122070312,561.8499755859375,562.1500244140625,562.1500244140625,17205
2023-11-28 10:15:00+05:30,562.0,562.1500244140625,561.7999877929688,562.0,562.0,12816
2023-11-28 10:16:00+05:30,562.0,562.0499877929688,561.7999877929688,561.7999877929688,561.7999877929688,8302
2023-11-28 10:17:00+05:30,561.9000244140625,562.0499877929688,561.75,561.9500122070312,561.9500122070312,11437
2023-11-28 10:18:00+05:30,561.9500122070312,562.0,561.75,561.75,561.75,17084
2023-11-28 10:19:00+05:30,561.8499755859375,561.9500122070312,561.75,561.9500122070312,561.9500122070312,5602
2023-11-28 10:20:00+05:30,561.9500122070312,562.0,561.75,561.9000244140625,561.9000244140625,7978
2023-11-28 10:21:00+05:30,561.75,561.9500122070312,561.7000122070312,561.9500122070312,561.9500122070312,12739
2023-11-28 10:22:00+05:30,561.9500122070312,561.9500122070312,561.7000122070312,561.7999877929688,561.7999877929688,4575
2023-11-28 10:23:00+05:30,561.7000122070312,561.9500122070312,561.7000122070312,561.7999877929688,561.7999877929688,6065
2023-11-28 10:24:00+05:30,561.7999877929688,561.9000244140625,561.7000122070312,561.9000244140625,561.9000244140625,5200
2023-11-28 10:25:00+05:30,561.9000244140625,562.0,561.7000122070312,562.0,562.0,17473
2023-11-28 10:26:00+05:30,561.8499755859375,562.1500244140625,561.8499755859375,561.9000244140625,561.9000244140625,9269
2023-11-28 10:27:00+05:30,561.9500122070312,562.2000122070312,561.9000244140625,562.0,562.0,9365
2023-11-28 10:28:00+05:30,561.9500122070312,562.1500244140625,561.9500122070312,561.9500122070312,561.9500122070312,14921
2023-11-28 10:29:00+05:30,562.0999755859375,562.25,561.9500122070312,562.2000122070312,562.2000122070312,34631
2023-11-28 10:30:00+05:30,562.2000122070312,562.2999877929688,562.0499877929688,562.2999877929688,562.2999877929688,9519
2023-11-28 10:31:00+05:30,562.2999877929688,562.4500122070312,562.1500244140625,562.4000244140625,562.4000244140625,27303
2023-11-28 10:32:00+05:30,562.4000244140625,562.4500122070312,562.1500244140625,562.3499755859375,562.3499755859375,7998
2023-11-28 10:33:00+05:30,562.3499755859375,562.4000244140625,562.1500244140625,562.3499755859375,562.3499755859375,9870
2023-11-28 10:34:00+05:30,562.0999755859375,562.3499755859375,562.0499877929688,562.2000122070312,562.2000122070312,10172
2023-11-28 10:35:00+05:30,562.25,562.25,562.0499877929688,562.0499877929688,562.0499877929688,7505
2023-11-28 10:36:00+05:30,562.2000122070312,562.25,562.0,562.25,562.25,5231
2023-11-28 10:37:00+05:30,562.25,562.25,562.0499877929688,562.1500244140625,562.1500244140625,8141
2023-11-28 10:38:00+05:30,562.25,562.2999877929688,562.1500244140625,562.25,562.25,4325
2023-11-28 10:39:00+05:30,562.25,562.4000244140625,562.1500244140625,562.2000122070312,562.2000122070312,6705
2023-11-28 10:40:00+05:30,562.3499755859375,562.7999877929688,562.25,562.7000122070312,562.7000122070312,42946
2023-11-28 10:41:00+05:30,562.4500122070312,562.7000122070312,562.4500122070312,562.7000122070312,562.7000122070312,18595
2023-11-28 10:42:00+05:30,562.7000122070312,562.7000122070312,562.4000244140625,562.5,562.5,13423
2023-11-28 10:43:00+05:30,562.6500244140625,562.6500244140625,562.0999755859375,562.1500244140625,562.1500244140625,13728
2023-11-28 10:44:00+05:30,562.1500244140625,562.4000244140625,562.0999755859375,562.3499755859375,562.3499755859375,6492
2023-11-28 10:45:00+05:30,562.3499755859375,562.5999755859375,562.1500244140625,562.2999877929688,562.2999877929688,16019
2023-11-28 10:46:00+05:30,562.5,562.5499877929688,562.25,562.5,562.5,8035
2023-11-28 10:47:00+05:30,562.2999877929688,562.5999755859375,562.2999877929688,562.3499755859375,562.3499755859375,9201
2023-11-28 10:48:00+05:30,562.4000244140625,562.5,562.2999877929688,562.3499755859375,562.3499755859375,7161
2023-11-28 10:49:00+05:30,562.5,562.5,562.0499877929688,562.2000122070312,562.2000122070312,19620
2023-11-28 10:50:00+05:30,562.1500244140625,562.2999877929688,562.0499877929688,562.2999877929688,562.2999877929688,4858
2023-11-28 10:51:00+05:30,562.2999877929688,562.4500122070312,562.0999755859375,562.4500122070312,562.4500122070312,10771
2023-11-28 10:52:00+05:30,562.2000122070312,562.4500122070312,562.1500244140625,562.2999877929688,562.2999877929688,3820
2023-11-28 10:53:00+05:30,562.2999877929688,562.4500122070312,562.25,562.25,562.25,7496
2023-11-28 10:54:00+05:30,562.2999877929688,562.5,562.25,562.3499755859375,562.3499755859375,9133
2023-11-28 10:55:00+05:30,562.3499755859375,562.4500122070312,562.25,562.2999877929688,562.2999877929688,4146
2023-11-28 10:56:00+05:30,562.25,562.2999877929688,562.0999755859375,562.0999755859375,562.0999755859375,10612
2023-11-28 10:57:00+05:30,562.25,562.25,562.0,562.0499877929688,562.0499877929688,5436
2023-11-28 10:58:00+05:30,562.0499877929688,562.2000122070312,562.0,562.0499877929688,562.0499877929688,3292
2023-11-28 10:59:00+05:30,562.0999755859375,562.2000122070312,562.0,562.0499877929688,562.0499877929688,11816
2023-11-28 11:00:00+05:30,562.2000122070312,562.4000244140625,562.0,562.0999755859375,562.0999755859375,7590
2023-11-28 11:01:00+05:30,562.1500244140625,562.2999877929688,562.0999755859375,562.1500244140625,562.1500244140625,4008
2023-11-28 11:02:00+05:30,562.25,562.3499755859375,562.0499877929688,562.25,562.25,7449
2023-11-28 11:03:00+05:30,562.0499877929688,562.2999877929688,562.0499877929688,562.2999877929688,562.2999877929688,7066
2023-11-28 11:04:00+05:30,562.2999877929688,562.3499755859375,562.0,562.0,562.0,5765
2023-11-28 11:05:00+05:30,562.2000122070312,562.2999877929688,562.0,562.0999755859375,562.0999755859375,9752
2023-11-28 11:06:00+05:30,562.1500244140625,562.3499755859375,562.0499877929688,562.2000122070312,562.2000122070312,8209
2023-11-28 11:07:00+05:30,562.2000122070312,562.2999877929688,562.1500244140625,562.25,562.25,3335
2023-11-28 11:08:00+05:30,562.25,562.3499755859375,562.2000122070312,562.25,562.25,4665
2023-11-28 11:09:00+05:30,562.25,562.3499755859375,562.0999755859375,562.2000122070312,562.2000122070312,8798
2023-11-28 11:10:00+05:30,562.2000122070312,562.2999877929688,562.0499877929688,562.25,562.25,4887
2023-11-28 11:11:00+05:30,562.25,562.2999877929688,562.0499877929688,562.0499877929688,562.0499877929688,5212
2023-11-28 11:12:00+05:30,562.0999755859375,562.25,562.0499877929688,562.2000122070312,562.2000122070312,3904
2023-11-28 11:13:00+05:30,562.2000122070312,562.25,562.0499877929688,562.0999755859375,562.0999755859375,5277
2023-11-28 11:14:00+05:30,562.0999755859375,562.4000244140625,562.0499877929688,562.4000244140625,562.4000244140625,11802
2023-11-28 11:15:00+05:30,562.25,562.4000244140625,562.2000122070312,562.3499755859375,562.3499755859375,4907
2023-11-28 11:16:00+05:30,562.25,562.4000244140625,562.25,562.25,562.25,5524
2023-11-28 11:17:00+05:30,562.25,562.4000244140625,562.2000122070312,562.4000244140625,562.4000244140625,4053
2023-11-28 11:18:00+05:30,562.4000244140625,562.4500122070312,562.2999877929688,562.3499755859375,562.3499755859375,9785
2023-11-28 11:19:00+05:30,562.4000244140625,562.4500122070312,562.25,562.3499755859375,562.3499755859375,6943
2023-11-28 11:20:00+05:30,562.3499755859375,562.3499755859375,562.2000122070312,562.2999877929688,562.2999877929688,11071
2023-11-28 11:21:00+05:30,562.2999877929688,562.4000244140625,562.2000122070312,562.2000122070312,562.2000122070312,16263
2023-11-28 11:22:00+05:30,562.2999877929688,562.3499755859375,562.0999755859375,562.1500244140625,562.1500244140625,43316
2023-11-28 11:23:00+05:30,562.4000244140625,562.4000244140625,562.1500244140625,562.1500244140625,562.1500244140625,15989
2023-11-28 11:24:00+05:30,562.1500244140625,562.4000244140625,562.1500244140625,562.1500244140625,562.1500244140625,6490
2023-11-28 11:25:00+05:30,562.25,562.4500122070312,562.1500244140625,562.4500122070312,562.4500122070312,7528
2023-11-28 11:26:00+05:30,562.4500122070312,562.4500122070312,562.0999755859375,562.25,562.25,11354
2023-11-28 11:27:00+05:30,562.2000122070312,562.4000244140625,562.0999755859375,562.4000244140625,562.4000244140625,4606
2023-11-28 11:28:00+05:30,562.4000244140625,562.4500122070312,562.0499877929688,562.2000122070312,562.2000122070312,16824
2023-11-28 11:29:00+05:30,562.2000122070312,562.3499755859375,562.0999755859375,562.25,562.25,13222
2023-11-28 11:30:00+05:30,562.1500244140625,562.4500122070312,562.0499877929688,562.4500122070312,562.4500122070312,9547
2023-11-28 11:31:00+05:30,562.2999877929688,562.4000244140625,562.1500244140625,562.25,562.25,6189
2023-11-28 11:32:00+05:30,562.25,562.2999877929688,562.0,562.25,562.25,7573
2023-11-28 11:33:00+05:30,562.25,562.3499755859375,562.0999755859375,562.3499755859375,562.3499755859375,5024
2023-11-28 11:34:00+05:30,562.3499755859375,562.5499877929688,562.2000122070312,562.5499877929688,562.5499877929688,24182
2023-11-28 11:35:00+05:30,562.5499877929688,562.75,562.3499755859375,562.5999755859375,562.5999755859375,19131
2023-11-28 11:36:00+05:30,562.5,562.5499877929688,562.2999877929688,562.5,562.5,4258
2023-11-28 11:37:00+05:30,562.4500122070312,562.5499877929688,562.25,562.4000244140625,562.4000244140625,4301
2023-11-28 11:38:00+05:30,562.4000244140625,562.4500122070312,562.2000122070312,562.2999877929688,562.2999877929688,5811
2023-11-28 11:39:00+05:30,562.4500122070312,562.5499877929688,562.25,562.5,562.5,11076
2023-11-28 11:40:00+05:30,562.5,562.5999755859375,562.25,562.5499877929688,562.5499877929688,10315
2023-11-28 11:41:00+05:30,562.5499877929688,562.6500244140625,562.2999877929688,562.3499755859375,562.3499755859375,10824
2023-11-28 11:42:00+05:30,562.3499755859375,562.5,562.25,562.3499755859375,562.3499755859375,2436
2023-11-28 11:43:00+05:30,562.4000244140625,562.4000244140625,562.1500244140625,562.4000244140625,562.4000244140625,3959
2023-11-28 11:44:00+05:30,562.2000122070312,562.4000244140625,562.1500244140625,562.25,562.25,9433
2023-11-28 11:45:00+05:30,562.25,562.2999877929688,562.0999755859375,562.2999877929688,562.2999877929688,6032
2023-11-28 11:46:00+05:30,562.2999877929688,562.5,562.2000122070312,562.4000244140625,562.4000244140625,8804
2023-11-28 11:47:00+05:30,562.5,562.75,562.4000244140625,562.7000122070312,562.7000122070312,24042
2023-11-28 11:48:00+05:30,562.6500244140625,563.2000122070312,562.6500244140625,563.1500244140625,563.1500244140625,101826
2023-11-28 11:49:00+05:30,562.9500122070312,563.1500244140625,562.9000244140625,562.9500122070312,562.9500122070312,17580
2023-11-28 11:50:00+05:30,563.0,563.2000122070312,562.9000244140625,563.2000122070312,563.2000122070312,39393
2023-11-28 11:51:00+05:30,563.2000122070312,563.25,562.75,562.75,562.75,12456
2023-11-28 11:52:00+05:30,562.75,562.9500122070312,562.5499877929688,562.6500244140625,562.6500244140625,10722
2023-11-28 11:53:00+05:30,562.75,562.7999877929688,562.5,562.5499877929688,562.5499877929688,12676
2023-11-28 11:54:00+05:30,562.5499877929688,562.7999877929688,562.5499877929688,562.5499877929688,562.5499877929688,12141
2023-11-28 11:55:00+05:30,562.7000122070312,562.75,562.4000244140625,562.75,562.75,18798
2023-11-28 11:56:00+05:30,562.75,562.75,562.4500122070312,562.5,562.5,10314
2023-11-28 11:57:00+05:30,562.5,562.75,562.5,562.7000122070312,562.7000122070312,9989
2023-11-28 11:58:00+05:30,562.5,562.7000122070312,562.5,562.5,562.5,8259
2023-11-28 11:59:00+05:30,562.6500244140625,562.75,562.5,562.5999755859375,562.5999755859375,13878
2023-11-28 12:00:00+05:30,562.6500244140625,562.75,562.4500122070312,562.7000122070312,562.7000122070312,29240
2023-11-28 12:01:00+05:30,562.7000122070312,562.8499755859375,562.5,562.8499755859375,562.8499755859375,14189
2023-11-28 12:02:00+05:30,562.7000122070312,562.8499755859375,562.5999755859375,562.5999755859375,562.5999755859375,7647
2023-11-28 12:03:00+05:30,562.5499877929688,562.7000122070312,562.3499755859375,562.5,562.5,19969
2023-11-28 12:04:00+05:30,562.5,562.6500244140625,562.2999877929688,562.2999877929688,562.2999877929688,18300
2023-11-28 12:05:00+05:30,562.5499877929688,562.5999755859375,562.2999877929688,562.5999755859375,562.5999755859375,10702
2023-11-28 12:06:00+05:30,562.5999755859375,562.7000122070312,562.4000244140625,562.6500244140625,562.6500244140625,5650
2023-11-28 12:07:00+05:30,562.4500122070312,562.7000122070312,562.3499755859375,562.4500122070312,562.4500122070312,7087
2023-11-28 12:08:00+05:30,562.4500122070312,562.6500244140625,562.2999877929688,562.5,562.5,9571
2023-11-28 12:09:00+05:30,562.5999755859375,562.7000122070312,562.4000244140625,562.7000122070312,562.7000122070312,9704
2023-11-28 12:10:00+05:30,562.7000122070312,562.7000122070312,562.5,562.5999755859375,562.5999755859375,6527
2023-11-28 12:11:00+05:30,562.7000122070312,562.7999877929688,562.5499877929688,562.7999877929688,562.7999877929688,20326
2023-11-28 12:12:00+05:30,562.7999877929688,562.7999877929688,562.5499877929688,562.5999755859375,562.5999755859375,23009
2023-11-28 12:13:00+05:30,562.5999755859375,563.0,562.5999755859375,562.9000244140625,562.9000244140625,20793
2023-11-28 12:14:00+05:30,562.8499755859375,563.0999755859375,562.6500244140625,562.7000122070312,562.7000122070312,27955
2023-11-28 12:15:00+05:30,562.9000244140625,563.0,562.7000122070312,562.8499755859375,562.8499755859375,8253
2023-11-28 12:16:00+05:30,562.8499755859375,562.8499755859375,562.5999755859375,562.8499755859375,562.8499755859375,5924
2023-11-28 12:17:00+05:30,562.8499755859375,562.8499755859375,562.6500244140625,562.8499755859375,562.8499755859375,6764
2023-11-28 12:18:00+05:30,562.8499755859375,562.9500122070312,562.7000122070312,562.7999877929688,562.7999877929688,5952
2023-11-28 12:19:00+05:30,562.75,562.9500122070312,562.5999755859375,562.7999877929688,562.7999877929688,11724
2023-11-28 12:20:00+05:30,562.75,563.0999755859375,562.6500244140625,563.0,563.0,24530
2023-11-28 12:21:00+05:30,563.0999755859375,563.2999877929688,562.9500122070312,563.0499877929688,563.0499877929688,19860
2023-11-28 12:22:00+05:30,563.0499877929688,563.2999877929688,563.0499877929688,563.2000122070312,563.2000122070312,12396
2023-11-28 12:23:00+05:30,563.2000122070312,563.9000244140625,563.1500244140625,563.9000244140625,563.9000244140625,145500
2023-11-28 12:24:00+05:30,563.9000244140625,564.5,563.7999877929688,564.3499755859375,564.3499755859375,88445
2023-11-28 12:25:00+05:30,564.4000244140625,564.9000244140625,564.1500244140625,564.2000122070312,564.2000122070312,61280
2023-11-28 12:26:00+05:30,564.25,564.7000122070312,564.1500244140625,564.4000244140625,564.4000244140625,32814
2023-11-28 12:27:00+05:30,564.4000244140625,564.5,564.0,564.0499877929688,564.0499877929688,77708
2023-11-28 12:28:00+05:30,564.0999755859375,564.2000122070312,563.7999877929688,564.0,564.0,24857
2023-11-28 12:29:00+05:30,564.0,564.0999755859375,563.8499755859375,564.0999755859375,564.0999755859375,25698
2023-11-28 12:30:00+05:30,564.0999755859375,564.5,564.0999755859375,564.5,564.5,20250
2023-11-28 12:31:00+05:30,564.5,564.5499877929688,564.2999877929688,564.3499755859375,564.3499755859375,38735
2023-11-28 12:32:00+05:30,564.4000244140625,564.6500244140625,564.3499755859375,564.5,564.5,26058
2023-11-28 12:33:00+05:30,564.4500122070312,564.5999755859375,564.0499877929688,564.25,564.25,27703
2023-11-28 12:34:00+05:30,564.25,564.3499755859375,563.9500122070312,564.0,564.0,33541
2023-11-28 12:35:00+05:30,564.0,564.0,563.5999755859375,563.8499755859375,563.8499755859375,16512
2023-11-28 12:36:00+05:30,563.75,564.0,563.5999755859375,563.9500122070312,563.9500122070312,17287
2023-11-28 12:37:00+05:30,563.8499755859375,564.0,563.7000122070312,563.7000122070312,563.7000122070312,18952
2023-11-28 12:38:00+05:30,563.9000244140625,563.9500122070312,563.5999755859375,563.5999755859375,563.5999755859375,10626
2023-11-28 12:39:00+05:30,563.8499755859375,563.9500122070312,563.5499877929688,563.9000244140625,563.9000244140625,14148
2023-11-28 12:40:00+05:30,563.6500244140625,564.25,563.6500244140625,564.2000122070312,564.2000122070312,14598
2023-11-28 12:41:00+05:30,564.2000122070312,564.4500122070312,563.9500122070312,564.4000244140625,564.4000244140625,22723
2023-11-28 12:42:00+05:30,564.4000244140625,564.75,564.25,564.5499877929688,564.5499877929688,45556
2023-11-28 12:43:00+05:30,564.5499877929688,564.75,564.4500122070312,564.5999755859375,564.5999755859375,21746
2023-11-28 12:44:00+05:30,564.5499877929688,564.75,564.3499755859375,564.75,564.75,12483
2023-11-28 12:45:00+05:30,564.75,564.9500122070312,564.5999755859375,564.9500122070312,564.9500122070312,44542
2023-11-28 12:46:00+05:30,564.9500122070312,564.9500122070312,564.7000122070312,564.7000122070312,564.7000122070312,29938
2023-11-28 12:47:00+05:30,564.75,564.7999877929688,564.3499755859375,564.5,564.5,25191
2023-11-28 12:48:00+05:30,564.5,564.5999755859375,564.2999877929688,564.5499877929688,564.5499877929688,24597
2023-11-28 12:49:00+05:30,564.4500122070312,564.7999877929688,564.4000244140625,564.5999755859375,564.5999755859375,21430
2023-11-28 12:50:00+05:30,564.5999755859375,564.9500122070312,564.5999755859375,564.9000244140625,564.9000244140625,18210
2023-11-28 12:51:00+05:30,564.9500122070312,564.9500122070312,564.4500122070312,564.5999755859375,564.5999755859375,30038
2023-11-28 12:52:00+05:30,564.5999755859375,564.7999877929688,564.4500122070312,564.7000122070312,564.7000122070312,30286
2023-11-28 12:53:00+05:30,564.7000122070312,564.8499755859375,564.5999755859375,564.7999877929688,564.7999877929688,31136
2023-11-28 12:54:00+05:30,564.8499755859375,564.9500122070312,564.5499877929688,564.8499755859375,564.8499755859375,30838
2023-11-28 12:55:00+05:30,564.8499755859375,565.0,564.7000122070312,565.0,565.0,117153
2023-11-28 12:56:00+05:30,565.1500244140625,565.2000122070312,564.5999755859375,564.9500122070312,564.9500122070312,30374
2023-11-28 12:57:00+05:30,564.75,565.1500244140625,564.75,564.9500122070312,564.9500122070312,24839
2023-11-28 12:58:00+05:30,565.0999755859375,565.0999755859375,564.9000244140625,565.0,565.0,21896
2023-11-28 12:59:00+05:30,565.0499877929688,565.1500244140625,565.0499877929688,565.1500244140625,565.1500244140625,29679
2023-11-28 13:00:00+05:30,565.1500244140625,565.1500244140625,565.0499877929688,565.0999755859375,565.0999755859375,21838
2023-11-28 13:01:00+05:30,565.0499877929688,565.0999755859375,564.75,564.7999877929688,564.7999877929688,34902
2023-11-28 13:02:00+05:30,564.7000122070312,564.9000244140625,564.2999877929688,564.2999877929688,564.2999877929688,26858
2023-11-28 13:03:00+05:30,564.2000122070312,564.3499755859375,564.0,564.0999755859375,564.0999755859375,27138
2023-11-28 13:04:00+05:30,564.2000122070312,564.25,564.0,564.0499877929688,564.0499877929688,19821
2023-11-28 13:05:00+05:30,564.0,564.1500244140625,564.0,564.0999755859375,564.0999755859375,12625
2023-11-28 13:06:00+05:30,564.0999755859375,564.1500244140625,564.0,564.0499877929688,564.0499877929688,21790
2023-11-28 13:07:00+05:30,564.25,564.25,564.0499877929688,564.0499877929688,564.0499877929688,19795
2023-11-28 13:08:00+05:30,564.0999755859375,564.0999755859375,563.9000244140625,563.9500122070312,563.9500122070312,15350
2023-11-28 13:09:00+05:30,563.9000244140625,564.0999755859375,563.8499755859375,563.9000244140625,563.9000244140625,22759
2023-11-28 13:10:00+05:30,563.9000244140625,564.0999755859375,563.8499755859375,564.0499877929688,564.0499877929688,20587
2023-11-28 13:11:00+05:30,564.0999755859375,564.2000122070312,564.0499877929688,564.0999755859375,564.0999755859375,11254
2023-11-28 13:12:00+05:30,564.0999755859375,564.2000122070312,564.0,564.0499877929688,564.0499877929688,26899
2023-11-28 13:13:00+05:30,564.0499877929688,564.0999755859375,563.3499755859375,563.5,563.5,54407
2023-11-28 13:14:00+05:30,563.5,563.7000122070312,563.2999877929688,563.5499877929688,563.5499877929688,33635
2023-11-28 13:15:00+05:30,563.6500244140625,563.6500244140625,563.0999755859375,563.2000122070312,563.2000122070312,23419
2023-11-28 13:16:00+05:30,563.2000122070312,563.4000244140625,563.0999755859375,563.25,563.25,16684
2023-11-28 13:17:00+05:30,563.25,563.5499877929688,563.25,563.4000244140625,563.4000244140625,14501
2023-11-28 13:18:00+05:30,563.4000244140625,563.75,563.4000244140625,563.5499877929688,563.5499877929688,17458
2023-11-28 13:19:00+05:30,563.5499877929688,563.5499877929688,563.3499755859375,563.4000244140625,563.4000244140625,13096
2023-11-28 13:20:00+05:30,563.5,563.6500244140625,563.4000244140625,563.5,563.5,15839
2023-11-28 13:21:00+05:30,563.6500244140625,563.9500122070312,563.6500244140625,563.8499755859375,563.8499755859375,40300
2023-11-28 13:22:00+05:30,563.7000122070312,563.8499755859375,563.3499755859375,563.4000244140625,563.4000244140625,10604
2023-11-28 13:23:00+05:30,563.3499755859375,563.3499755859375,563.25,563.2999877929688,563.2999877929688,18670
2023-11-28 13:24:00+05:30,563.25,563.2999877929688,563.1500244140625,563.1500244140625,563.1500244140625,28058
2023-11-28 13:25:00+05:30,563.2000122070312,563.5499877929688,563.0499877929688,563.4500122070312,563.4500122070312,22832
2023-11-28 13:26:00+05:30,563.5,563.5499877929688,563.2000122070312,563.3499755859375,563.3499755859375,13539
2023-11-28 13:27:00+05:30,563.4500122070312,563.5999755859375,563.1500244140625,563.4000244140625,563.4000244140625,25296
2023-11-28 13:28:00+05:30,563.4500122070312,563.5,563.0999755859375,563.1500244140625,563.1500244140625,19429
2023-11-28 13:29:00+05:30,563.2999877929688,563.2999877929688,563.0499877929688,563.0999755859375,563.0999755859375,12951
2023-11-28 13:30:00+05:30,563.0499877929688,563.4000244140625,563.0499877929688,563.25,563.25,12319
2023-11-28 13:31:00+05:30,563.2000122070312,563.2999877929688,563.0499877929688,563.2999877929688,563.2999877929688,14201
2023-11-28 13:32:00+05:30,563.2999877929688,563.9000244140625,563.25,563.5499877929688,563.5499877929688,36617
2023-11-28 13:33:00+05:30,563.5,563.6500244140625,563.2000122070312,563.25,563.25,45008
2023-11-28 13:34:00+05:30,563.2999877929688,563.3499755859375,563.0499877929688,563.0999755859375,563.0999755859375,18743
2023-11-28 13:35:00+05:30,563.0999755859375,563.1500244140625,562.8499755859375,562.9500122070312,562.9500122070312,37311
2023-11-28 13:36:00+05:30,562.7999877929688,563.25,562.7999877929688,563.0999755859375,563.0999755859375,18091
2023-11-28 13:37:00+05:30,563.0499877929688,563.0499877929688,562.7999877929688,562.8499755859375,562.8499755859375,14256
2023-11-28 13:38:00+05:30,562.8499755859375,562.9000244140625,562.7000122070312,562.75,562.75,12689
2023-11-28 13:39:00+05:30,562.7000122070312,563.0999755859375,562.5999755859375,562.8499755859375,562.8499755859375,25031
2023-11-28 13:40:00+05:30,563.0499877929688,563.2000122070312,562.7999877929688,563.2000122070312,563.2000122070312,13124
2023-11-28 13:41:00+05:30,563.2000122070312,563.4500122070312,562.9500122070312,563.25,563.25,18592
2023-11-28 13:42:00+05:30,563.4000244140625,563.4500122070312,563.0499877929688,563.2999877929688,563.2999877929688,21809
2023-11-28 13:43:00+05:30,563.2000122070312,563.4500122070312,563.0499877929688,563.2000122070312,563.2000122070312,13167
2023-11-28 13:44:00+05:30,563.1500244140625,563.5,563.1500244140625,563.3499755859375,563.3499755859375,16940
2023-11-28 13:45:00+05:30,563.3499755859375,563.7000122070312,563.3499755859375,563.5499877929688,563.5499877929688,22579
2023-11-28 13:46:00+05:30,563.7000122070312,563.7000122070312,563.5,563.5999755859375,563.5999755859375,5116
2023-11-28 13:48:00+05:30,563.5,563.7000122070312,563.4500122070312,563.4500122070312,563.4500122070312,51891
2023-11-28 13:49:00+05:30,563.2999877929688,563.5,563.2999877929688,563.3499755859375,563.3499755859375,16909
2023-11-28 13:50:00+05:30,563.2999877929688,563.5,563.2999877929688,563.3499755859375,563.3499755859375,11361
2023-11-28 13:51:00+05:30,563.4000244140625,563.4000244140625,563.2999877929688,563.4000244140625,563.4000244140625,15010
2023-11-28 13:52:00+05:30,563.3499755859375,563.5,563.2999877929688,563.2999877929688,563.2999877929688,10215
2023-11-28 13:53:00+05:30,563.3499755859375,563.5999755859375,563.2999877929688,563.4500122070312,563.4500122070312,16071
2023-11-28 13:54:00+05:30,563.3499755859375,563.4500122070312,563.0999755859375,563.1500244140625,563.1500244140625,31073
2023-11-28 13:55:00+05:30,563.1500244140625,563.1500244140625,563.0499877929688,563.0499877929688,563.0499877929688,16074
2023-11-28 13:56:00+05:30,563.0999755859375,563.0999755859375,562.9500122070312,563.0499877929688,563.0499877929688,19554
2023-11-28 13:57:00+05:30,563.0499877929688,563.25,562.9500122070312,563.0,563.0,13967
2023-11-28 13:58:00+05:30,563.0499877929688,563.4500122070312,563.0499877929688,563.3499755859375,563.3499755859375,16589
2023-11-28 13:59:00+05:30,563.2999877929688,563.3499755859375,563.0999755859375,563.2000122070312,563.2000122070312,12222
2023-11-28 14:00:00+05:30,563.2000122070312,563.3499755859375,563.1500244140625,563.2000122070312,563.2000122070312,11797
2023-11-28 14:01:00+05:30,563.25,563.4000244140625,563.0499877929688,563.2000122070312,563.2000122070312,14900
2023-11-28 14:02:00+05:30,563.2999877929688,563.5,563.1500244140625,563.4000244140625,563.4000244140625,25445
2023-11-28 14:03:00+05:30,563.3499755859375,563.75,563.3499755859375,563.7000122070312,563.7000122070312,18374
2023-11-28 14:04:00+05:30,563.7000122070312,563.75,563.4000244140625,563.4500122070312,563.4500122070312,17109
2023-11-28 14:05:00+05:30,563.4000244140625,563.5999755859375,563.2999877929688,563.3499755859375,563.3499755859375,15926
2023-11-28 14:06:00+05:30,563.4000244140625,563.6500244140625,563.2999877929688,563.4000244140625,563.4000244140625,34140
2023-11-28 14:07:00+05:30,563.5499877929688,563.6500244140625,563.2999877929688,563.5499877929688,563.5499877929688,15723
2023-11-28 14:08:00+05:30,563.3499755859375,563.5,563.3499755859375,563.4000244140625,563.4000244140625,11951
2023-11-28 14:09:00+05:30,563.3499755859375,563.4500122070312,563.2000122070312,563.2000122070312,563.2000122070312,11977
2023-11-28 14:10:00+05:30,563.3499755859375,563.4000244140625,563.0,563.2000122070312,563.2000122070312,34625
2023-11-28 14:11:00+05:30,563.4000244140625,563.5999755859375,563.25,563.2999877929688,563.2999877929688,16983
2023-11-28 14:12:00+05:30,563.2999877929688,563.4500122070312,563.25,563.4000244140625,563.4000244140625,12055
2023-11-28 14:13:00+05:30,563.4000244140625,563.4500122070312,563.1500244140625,563.2000122070312,563.2000122070312,16130
2023-11-28 14:14:00+05:30,563.1500244140625,563.4500122070312,563.1500244140625,563.4500122070312,563.4500122070312,17592
2023-11-28 14:15:00+05:30,563.4500122070312,563.4500122070312,563.2000122070312,563.2999877929688,563.2999877929688,12690
2023-11-28 14:16:00+05:30,563.2999877929688,563.5499877929688,563.2000122070312,563.2999877929688,563.2999877929688,30277
2023-11-28 14:17:00+05:30,563.2999877929688,563.5499877929688,563.2000122070312,563.25,563.25,16189
2023-11-28 14:18:00+05:30,563.2999877929688,563.4500122070312,563.25,563.4000244140625,563.4000244140625,12565
2023-11-28 14:19:00+05:30,563.3499755859375,563.5,563.2999877929688,563.4000244140625,563.4000244140625,17373
2023-11-28 14:20:00+05:30,563.4000244140625,563.5499877929688,563.2999877929688,563.3499755859375,563.3499755859375,19277
2023-11-28 14:21:00+05:30,563.3499755859375,563.9000244140625,563.2999877929688,563.7000122070312,563.7000122070312,29293
2023-11-28 14:22:00+05:30,563.7999877929688,564.0,563.6500244140625,563.8499755859375,563.8499755859375,32794
2023-11-28 14:23:00+05:30,563.8499755859375,564.0,563.75,563.9000244140625,563.9000244140625,24622
2023-11-28 14:24:00+05:30,563.8499755859375,564.0999755859375,563.7000122070312,564.0999755859375,564.0999755859375,55614
2023-11-28 14:25:00+05:30,564.0499877929688,564.25,563.7000122070312,563.7999877929688,563.7999877929688,25837
2023-11-28 14:26:00+05:30,563.75,563.9000244140625,563.5499877929688,563.75,563.75,35639
2023-11-28 14:27:00+05:30,563.75,563.9500122070312,563.5,563.75,563.75,25912
2023-11-28 14:28:00+05:30,563.7000122070312,563.75,563.2999877929688,563.5,563.5,30376
2023-11-28 14:29:00+05:30,563.5,563.7999877929688,563.3499755859375,563.7000122070312,563.7000122070312,15541
2023-11-28 14:30:00+05:30,563.9000244140625,563.9500122070312,563.5499877929688,563.75,563.75,18772
2023-11-28 14:31:00+05:30,563.5999755859375,563.75,563.5,563.5499877929688,563.5499877929688,15720
2023-11-28 14:32:00+05:30,563.5,563.75,563.5,563.5999755859375,563.5999755859375,20101
2023-11-28 14:33:00+05:30,563.75,563.9500122070312,563.5499877929688,563.9000244140625,563.9000244140625,39195
2023-11-28 14:34:00+05:30,563.9000244140625,564.1500244140625,563.75,564.0,564.0,30929
2023-11-28 14:35:00+05:30,564.0,564.0,563.7000122070312,563.75,563.75,11223
2023-11-28 14:36:00+05:30,563.75,564.0999755859375,563.7000122070312,563.9000244140625,563.9000244140625,21573
2023-11-28 14:37:00+05:30,563.8499755859375,564.0999755859375,563.8499755859375,563.9000244140625,563.9000244140625,23941
2023-11-28 14:38:00+05:30,564.0499877929688,564.1500244140625,563.9000244140625,564.0,564.0,17781
2023-11-28 14:39:00+05:30,564.0999755859375,564.0999755859375,563.9500122070312,564.0499877929688,564.0499877929688,16771
2023-11-28 14:40:00+05:30,564.0,564.0499877929688,563.75,563.7999877929688,563.7999877929688,19743
2023-11-28 14:41:00+05:30,563.7999877929688,563.9500122070312,563.7999877929688,563.9500122070312,563.9500122070312,13869
2023-11-28 14:42:00+05:30,563.9000244140625,564.1500244140625,563.8499755859375,564.0,564.0,23432
2023-11-28 14:43:00+05:30,564.0,564.1500244140625,563.9000244140625,563.9500122070312,563.9500122070312,16021
2023-11-28 14:44:00+05:30,563.8499755859375,564.1500244140625,563.7000122070312,564.0999755859375,564.0999755859375,28045
2023-11-28 14:45:00+05:30,564.0,564.25,563.9500122070312,564.0499877929688,564.0499877929688,35107
2023-11-28 14:46:00+05:30,564.0499877929688,564.3499755859375,564.0499877929688,564.0999755859375,564.0999755859375,30065
2023-11-28 14:47:00+05:30,564.1500244140625,564.25,563.75,564.0999755859375,564.0999755859375,34477
2023-11-28 14:48:00+05:30,564.0,564.2000122070312,564.0,564.0499877929688,564.0499877929688,21810
2023-11-28 14:49:00+05:30,564.0499877929688,564.1500244140625,563.9500122070312,563.9500122070312,563.9500122070312,21816
2023-11-28 14:50:00+05:30,564.0,564.0,563.9000244140625,563.9000244140625,563.9000244140625,14585
2023-11-28 14:51:00+05:30,563.9000244140625,564.0,563.9000244140625,563.9000244140625,563.9000244140625,14016
2023-11-28 14:52:00+05:30,563.9500122070312,563.9500122070312,563.9000244140625,563.9500122070312,563.9500122070312,27154
2023-11-28 14:53:00+05:30,563.9000244140625,564.0,563.9000244140625,563.9000244140625,563.9000244140625,21478
2023-11-28 14:54:00+05:30,563.9500122070312,563.9500122070312,563.7000122070312,563.75,563.75,16909
2023-11-28 14:55:00+05:30,563.75,563.7999877929688,563.4500122070312,563.7000122070312,563.7000122070312,47766
2023-11-28 14:56:00+05:30,563.7000122070312,564.0,563.4500122070312,563.7999877929688,563.7999877929688,32870
2023-11-28 14:57:00+05:30,563.7999877929688,563.7999877929688,563.5999755859375,563.7000122070312,563.7000122070312,29470
2023-11-28 14:58:00+05:30,563.6500244140625,563.7000122070312,563.4500122070312,563.5,563.5,19568
2023-11-28 14:59:00+05:30,563.5999755859375,563.6500244140625,563.5,563.5,563.5,17629
2023-11-28 15:00:00+05:30,563.4500122070312,564.0,563.4500122070312,563.9500122070312,563.9500122070312,43533
2023-11-28 15:01:00+05:30,563.9500122070312,564.0499877929688,563.9000244140625,564.0499877929688,564.0499877929688,27962
2023-11-28 15:02:00+05:30,564.0499877929688,564.0999755859375,563.9000244140625,563.9000244140625,563.9000244140625,34431
2023-11-28 15:03:00+05:30,563.9000244140625,563.9500122070312,563.7999877929688,563.8499755859375,563.8499755859375,32279
2023-11-28 15:04:00+05:30,563.8499755859375,564.0,563.8499755859375,563.9000244140625,563.9000244140625,29081
2023-11-28 15:05:00+05:30,564.0,564.0499877929688,563.8499755859375,564.0,564.0,29382
2023-11-28 15:06:00+05:30,564.0,564.2000122070312,563.9000244140625,564.2000122070312,564.2000122070312,37847
2023-11-28 15:07:00+05:30,564.2000122070312,564.3499755859375,564.0,564.2000122070312,564.2000122070312,53892
2023-11-28 15:08:00+05:30,564.25,564.5,564.2000122070312,564.4500122070312,564.4500122070312,34240
2023-11-28 15:09:00+05:30,564.5,564.5,564.2999877929688,564.4000244140625,564.4000244140625,36122
2023-11-28 15:10:00+05:30,564.4500122070312,564.5999755859375,564.4000244140625,564.5,564.5,43186
2023-11-28 15:11:00+05:30,564.5,564.6500244140625,564.4500122070312,564.4500122070312,564.4500122070312,45382
2023-11-28 15:12:00+05:30,564.5499877929688,564.5999755859375,564.4000244140625,564.5,564.5,51382
2023-11-28 15:13:00+05:30,564.5499877929688,564.75,564.5,564.7000122070312,564.7000122070312,46107
2023-11-28 15:14:00+05:30,564.5999755859375,564.75,564.5,564.5999755859375,564.5999755859375,42986
2023-11-28 15:15:00+05:30,564.5499877929688,564.7000122070312,564.4500122070312,564.7000122070312,564.7000122070312,49922
2023-11-28 15:16:00+05:30,564.7000122070312,564.7999877929688,564.4500122070312,564.4500122070312,564.4500122070312,65000
2023-11-28 15:17:00+05:30,564.4500122070312,564.7000122070312,564.4500122070312,564.5999755859375,564.5999755859375,40386
2023-11-28 15:18:00+05:30,564.5999755859375,564.7999877929688,564.4500122070312,564.5999755859375,564.5999755859375,94501
2023-11-28 15:19:00+05:30,564.5999755859375,564.7999877929688,564.5,564.7999877929688,564.7999877929688,45033
2023-11-28 15:20:00+05:30,564.5999755859375,564.75,564.5999755859375,564.5999755859375,564.5999755859375,117616
2023-11-28 15:21:00+05:30,564.4000244140625,564.7000122070312,564.4000244140625,564.7000122070312,564.7000122070312,37814
2023-11-28 15:22:00+05:30,564.5999755859375,564.7000122070312,564.5,564.5499877929688,564.5499877929688,26062
2023-11-28 15:23:00+05:30,564.5499877929688,564.5999755859375,564.2999877929688,564.4500122070312,564.4500122070312,41677
2023-11-28 15:24:00+05:30,564.2999877929688,564.5,564.2999877929688,564.4000244140625,564.4000244140625,38535
2023-11-28 15:25:00+05:30,564.3499755859375,564.5999755859375,564.3499755859375,564.5499877929688,564.5499877929688,34772
2023-11-28 15:26:00+05:30,564.5999755859375,564.7000122070312,564.5,564.5999755859375,564.5999755859375,40823
2023-11-28 15:27:00+05:30,564.6500244140625,564.75,564.5,564.7000122070312,564.7000122070312,50913
2023-11-28 15:28:00+05:30,564.7000122070312,564.7999877929688,564.5999755859375,564.75,564.75,75289
2023-11-28 15:29:00+05:30,564.75,564.9000244140625,564.7000122070312,564.7000122070312,564.7000122070312,49985
2023-11-29 09:15:00+05:30,566.7999877929688,567.5999755859375,566.7999877929688,567.0499877929688,567.0499877929688,0
2023-11-29 09:16:00+05:30,567.3499755859375,567.3499755859375,566.5999755859375,566.9000244140625,566.9000244140625,89616
2023-11-29 09:17:00+05:30,566.9000244140625,567.2000122070312,566.4500122070312,567.0,567.0,63223
2023-11-29 09:18:00+05:30,567.0999755859375,567.0999755859375,566.7000122070312,567.0,567.0,64109
2023-11-29 09:19:00+05:30,567.0,567.0,566.6500244140625,566.9000244140625,566.9000244140625,26472
2023-11-29 09:20:00+05:30,566.9500122070312,567.0,566.4000244140625,566.75,566.75,22239
2023-11-29 09:21:00+05:30,566.9000244140625,566.9500122070312,566.2000122070312,566.2000122070312,566.2000122070312,22674
2023-11-29 09:22:00+05:30,566.0999755859375,566.4500122070312,566.0999755859375,566.4000244140625,566.4000244140625,19403
2023-11-29 09:23:00+05:30,566.3499755859375,566.7000122070312,566.1500244140625,566.3499755859375,566.3499755859375,28016
2023-11-29 09:24:00+05:30,566.3499755859375,566.4000244140625,566.0499877929688,566.25,566.25,18599
2023-11-29 09:25:00+05:30,566.0999755859375,566.2999877929688,565.7999877929688,566.0,566.0,56265
2023-11-29 09:26:00+05:30,566.0,566.2000122070312,565.7999877929688,566.2000122070312,566.2000122070312,16680
2023-11-29 09:27:00+05:30,566.2999877929688,566.4000244140625,566.25,566.4000244140625,566.4000244140625,20247
2023-11-29 09:28:00+05:30,566.4000244140625,566.4000244140625,566.0499877929688,566.0499877929688,566.0499877929688,27538
2023-11-29 09:29:00+05:30,566.0999755859375,566.25,566.0499877929688,566.0999755859375,566.0999755859375,28774
2023-11-29 09:30:00+05:30,566.25,566.25,565.75,565.9500122070312,565.9500122070312,26643
2023-11-29 09:31:00+05:30,565.9500122070312,566.0499877929688,565.7999877929688,565.8499755859375,565.8499755859375,33600
2023-11-29 09:32:00+05:30,565.7999877929688,566.2000122070312,565.7999877929688,565.9500122070312,565.9500122070312,29541
2023-11-29 09:33:00+05:30,565.7999877929688,566.0,565.5999755859375,565.9000244140625,565.9000244140625,18616
2023-11-29 09:34:00+05:30,565.9500122070312,566.0,565.7000122070312,565.7999877929688,565.7999877929688,13825
2023-11-29 09:35:00+05:30,565.7999877929688,565.8499755859375,565.1500244140625,565.1500244140625,565.1500244140625,48388
2023-11-29 09:36:00+05:30,565.4000244140625,565.7999877929688,565.1500244140625,565.75,565.75,13497
2023-11-29 09:37:00+05:30,565.75,566.0,565.6500244140625,566.0,566.0,33610
2023-11-29 09:38:00+05:30,565.9500122070312,566.1500244140625,565.5499877929688,565.8499755859375,565.8499755859375,38165
2023-11-29 09:39:00+05:30,565.7999877929688,565.9500122070312,565.5499877929688,565.8499755859375,565.8499755859375,16728
2023-11-29 09:40:00+05:30,565.7999877929688,565.9500122070312,565.7999877929688,565.9500122070312,565.9500122070312,19691
2023-11-29 09:41:00+05:30,565.9500122070312,565.9500122070312,565.7000122070312,565.8499755859375,565.8499755859375,10705
2023-11-29 09:42:00+05:30,565.8499755859375,565.9500122070312,565.75,565.8499755859375,565.8499755859375,13390
2023-11-29 09:43:00+05:30,565.9000244140625,566.5,565.75,566.5,566.5,28870
2023-11-29 09:44:00+05:30,566.5,566.5,566.25,566.25,566.25,11934
2023-11-29 09:45:00+05:30,566.2000122070312,566.9000244140625,566.2000122070312,566.8499755859375,566.8499755859375,41117
2023-11-29 09:46:00+05:30,566.7000122070312,567.0,566.7000122070312,566.9000244140625,566.9000244140625,78340
2023-11-29 09:47:00+05:30,566.9500122070312,567.0,566.75,566.9000244140625,566.9000244140625,42826
2023-11-29 09:48:00+05:30,566.9000244140625,567.5,566.8499755859375,567.0999755859375,567.0999755859375,40608
2023-11-29 09:49:00+05:30,567.0999755859375,567.2999877929688,567.0999755859375,567.0999755859375,567.0999755859375,18128
2023-11-29 09:50:00+05:30,567.2000122070312,567.2999877929688,567.0,567.2000122070312,567.2000122070312,28746
2023-11-29 09:51:00+05:30,567.0,567.25,566.9500122070312,567.0,567.0,25084
2023-11-29 09:52:00+05:30,567.0,567.25,567.0,567.0,567.0,30330
2023-11-29 09:53:00+05:30,567.0999755859375,567.2000122070312,567.0,567.0,567.0,27052
2023-11-29 09:54:00+05:30,567.0,567.25,567.0,567.0499877929688,567.0499877929688,28125
2023-11-29 09:55:00+05:30,567.0,567.25,567.0,567.25,567.25,21963
2023-11-29 09:56:00+05:30,567.0,567.2000122070312,567.0,567.0499877929688,567.0499877929688,14259
2023-11-29 09:57:00+05:30,567.0,567.25,566.9500122070312,566.9500122070312,566.9500122070312,27978
2023-11-29 09:58:00+05:30,566.9500122070312,567.25,566.9500122070312,567.0999755859375,567.0999755859375,22919
2023-11-29 09:59:00+05:30,567.0,567.25,567.0,567.0999755859375,567.0999755859375,16881
2023-11-29 10:00:00+05:30,567.0999755859375,567.2000122070312,567.0,567.2000122070312,567.2000122070312,16870
2023-11-29 10:01:00+05:30,567.2000122070312,567.2000122070312,567.0,567.2000122070312,567.2000122070312,19855
2023-11-29 10:02:00+05:30,567.2000122070312,567.2000122070312,567.0499877929688,567.0999755859375,567.0999755859375,18731
2023-11-29 10:03:00+05:30,567.0499877929688,567.2000122070312,566.9500122070312,566.9500122070312,566.9500122070312,39204
2023-11-29 10:04:00+05:30,567.0,567.0,566.7999877929688,566.9500122070312,566.9500122070312,29457
2023-11-29 10:05:00+05:30,566.9500122070312,567.0,566.8499755859375,566.8499755859375,566.8499755859375,23218
2023-11-29 10:06:00+05:30,566.9000244140625,567.2000122070312,566.8499755859375,567.1500244140625,567.1500244140625,18612
2023-11-29 10:07:00+05:30,567.0,567.4000244140625,567.0,567.3499755859375,567.3499755859375,42096
2023-11-29 10:08:00+05:30,567.25,567.6500244140625,567.2000122070312,567.5,567.5,57360
2023-11-29 10:09:00+05:30,567.6500244140625,567.75,567.5,567.6500244140625,567.6500244140625,39397
2023-11-29 10:10:00+05:30,567.6500244140625,567.9000244140625,567.5499877929688,567.7999877929688,567.7999877929688,33513
2023-11-29 10:11:00+05:30,567.75,567.7999877929688,567.4000244140625,567.5,567.5,22359
2023-11-29 10:12:00+05:30,567.5,567.5999755859375,567.3499755859375,567.5499877929688,567.5499877929688,39080
2023-11-29 10:13:00+05:30,567.4000244140625,567.5999755859375,567.25,567.5,567.5,27599
2023-11-29 10:14:00+05:30,567.4000244140625,567.5,567.0999755859375,567.0999755859375,567.0999755859375,32914
2023-11-29 10:15:00+05:30,567.0999755859375,567.2000122070312,566.9500122070312,567.0,567.0,78135
2023-11-29 10:16:00+05:30,567.0,567.25,566.8499755859375,567.1500244140625,567.1500244140625,45530
2023-11-29 10:17:00+05:30,567.1500244140625,567.25,567.0,567.25,567.25,29734
2023-11-29 10:18:00+05:30,567.1500244140625,567.2999877929688,567.0,567.2999877929688,567.2999877929688,40673
2023-11-29 10:19:00+05:30,567.0999755859375,567.3499755859375,566.9500122070312,567.0999755859375,567.0999755859375,21893
2023-11-29 10:20:00+05:30,567.0,567.4500122070312,567.0,567.3499755859375,567.3499755859375,18216
2023-11-29 10:21:00+05:30,567.3499755859375,567.5,567.0999755859375,567.25,567.25,19461
2023-11-29 10:22:00+05:30,567.2999877929688,567.5,567.2999877929688,567.5,567.5,17342
2023-11-29 10:23:00+05:30,567.4500122070312,567.75,567.4000244140625,567.75,567.75,27089
2023-11-29 10:24:00+05:30,567.75,567.75,567.4500122070312,567.5999755859375,567.5999755859375,21951
2023-11-29 10:25:00+05:30,567.4500122070312,567.75,567.4500122070312,567.4500122070312,567.4500122070312,16504
2023-11-29 10:26:00+05:30,567.6500244140625,567.75,567.5,567.7000122070312,567.7000122070312,20160
2023-11-29 10:27:00+05:30,567.7000122070312,567.8499755859375,567.5499877929688,567.8499755859375,567.8499755859375,19469
2023-11-29 10:28:00+05:30,567.75,567.9000244140625,567.75,567.7999877929688,567.7999877929688,21023
2023-11-29 10:29:00+05:30,567.75,567.9000244140625,567.5499877929688,567.6500244140625,567.6500244140625,46064
2023-11-29 10:30:00+05:30,567.5499877929688,567.75,567.5,567.5999755859375,567.5999755859375,19201
2023-11-29 10:31:00+05:30,567.5999755859375,567.75,567.4500122070312,567.4500122070312,567.4500122070312,37197
2023-11-29 10:32:00+05:30,567.4500122070312,567.5999755859375,567.2999877929688,567.4500122070312,567.4500122070312,13258
2023-11-29 10:33:00+05:30,567.4500122070312,567.6500244140625,567.2000122070312,567.2999877929688,567.2999877929688,21709
2023-11-29 10:34:00+05:30,567.4000244140625,567.4500122070312,567.2999877929688,567.2999877929688,567.2999877929688,16662
2023-11-29 10:35:00+05:30,567.4500122070312,567.4500122070312,567.2000122070312,567.2999877929688,567.2999877929688,17216
2023-11-29 10:36:00+05:30,567.3499755859375,567.4000244140625,567.2000122070312,567.2000122070312,567.2000122070312,18017
2023-11-29 10:37:00+05:30,567.4000244140625,567.4000244140625,567.1500244140625,567.2000122070312,567.2000122070312,16496
2023-11-29 10:38:00+05:30,567.2000122070312,567.4500122070312,567.1500244140625,567.2000122070312,567.2000122070312,105732
2023-11-29 10:39:00+05:30,567.4000244140625,567.5,567.25,567.2999877929688,567.2999877929688,22660
2023-11-29 10:40:00+05:30,567.4000244140625,567.5499877929688,567.2000122070312,567.5499877929688,567.5499877929688,19415
2023-11-29 10:41:00+05:30,567.4500122070312,567.5999755859375,567.0999755859375,567.25,567.25,17853
2023-11-29 10:42:00+05:30,567.0,567.1500244140625,567.0,567.0499877929688,567.0499877929688,21664
2023-11-29 10:43:00+05:30,567.3499755859375,567.4500122070312,567.1500244140625,567.4000244140625,567.4000244140625,47740
2023-11-29 10:44:00+05:30,567.3499755859375,567.4000244140625,567.0,567.2000122070312,567.2000122070312,22406
2023-11-29 10:45:00+05:30,567.25,567.4000244140625,567.0999755859375,567.3499755859375,567.3499755859375,23777
2023-11-29 10:46:00+05:30,567.2000122070312,567.4000244140625,567.1500244140625,567.2000122070312,567.2000122070312,11935
2023-11-29 10:48:00+05:30,567.3499755859375,567.3499755859375,567.1500244140625,567.25,567.25,54427
2023-11-29 10:49:00+05:30,567.1500244140625,567.3499755859375,567.0,567.1500244140625,567.1500244140625,25978
2023-11-29 10:50:00+05:30,567.0499877929688,567.2999877929688,567.0,567.0999755859375,567.0999755859375,20657
2023-11-29 10:51:00+05:30,567.1500244140625,567.4000244140625,567.1500244140625,567.3499755859375,567.3499755859375,21588
2023-11-29 10:52:00+05:30,567.2999877929688,567.4000244140625,567.2000122070312,567.2000122070312,567.2000122070312,25217
2023-11-29 10:53:00+05:30,567.25,567.4000244140625,567.0499877929688,567.3499755859375,567.3499755859375,26772
2023-11-29 10:54:00+05:30,567.25,567.4000244140625,567.2000122070312,567.3499755859375,567.3499755859375,17342
2023-11-29 10:55:00+05:30,567.2999877929688,567.4000244140625,567.0999755859375,567.0999755859375,567.0999755859375,16901
2023-11-29 10:56:00+05:30,567.0999755859375,567.1500244140625,566.6500244140625,566.6500244140625,566.6500244140625,94614
2023-11-29 10:57:00+05:30,566.6500244140625,566.75,566.5,566.5,566.5,39962
2023-11-29 10:58:00+05:30,566.5499877929688,566.7999877929688,566.5,566.75,566.75,14319
2023-11-29 10:59:00+05:30,566.5999755859375,567.0,566.5999755859375,567.0,567.0,12613
2023-11-29 11:00:00+05:30,566.8499755859375,567.0499877929688,566.75,566.75,566.75,17120
2023-11-29 11:01:00+05:30,566.75,566.9500122070312,566.6500244140625,566.8499755859375,566.8499755859375,15695
2023-11-29 11:02:00+05:30,566.6500244140625,566.8499755859375,566.5,566.5,566.5,40979
2023-11-29 11:03:00+05:30,566.5,566.7999877929688,566.5,566.5999755859375,566.5999755859375,11739
2023-11-29 11:04:00+05:30,566.7999877929688,566.7999877929688,566.4000244140625,566.4000244140625,566.4000244140625,28042
2023-11-29 11:05:00+05:30,566.5,566.6500244140625,566.4000244140625,566.5,566.5,15974
2023-11-29 11:06:00+05:30,566.4000244140625,566.5999755859375,566.3499755859375,566.4500122070312,566.4500122070312,25291
2023-11-29 11:07:00+05:30,566.4500122070312,566.5999755859375,566.2999877929688,566.4500122070312,566.4500122070312,11980
2023-11-29 11:08:00+05:30,566.4000244140625,566.6500244140625,566.25,566.25,566.25,21711
2023-11-29 11:09:00+05:30,566.25,566.5,566.25,566.3499755859375,566.3499755859375,14892
2023-11-29 11:10:00+05:30,566.4500122070312,566.5,566.25,566.4500122070312,566.4500122070312,15030
2023-11-29 11:11:00+05:30,566.25,566.5,566.25,566.25,566.25,16329
2023-11-29 11:12:00+05:30,566.25,566.5,566.2000122070312,566.4000244140625,566.4000244140625,19975
2023-11-29 11:13:00+05:30,566.2999877929688,566.5,566.2000122070312,566.2999877929688,566.2999877929688,13702
2023-11-29 11:14:00+05:30,566.2999877929688,566.5499877929688,566.2000122070312,566.4000244140625,566.4000244140625,20892
2023-11-29 11:15:00+05:30,566.4000244140625,566.4000244140625,566.2000122070312,566.25,566.25,49387
2023-11-29 11:16:00+05:30,566.4000244140625,566.4500122070312,566.25,566.25,566.25,13237
2023-11-29 11:17:00+05:30,566.3499755859375,566.4500122070312,566.2000122070312,566.2999877929688,566.2999877929688,12728
2023-11-29 11:18:00+05:30,566.3499755859375,566.5499877929688,566.2000122070312,566.5,566.5,21092
2023-11-29 11:19:00+05:30,566.2999877929688,566.5999755859375,566.25,566.4000244140625,566.4000244140625,55954
2023-11-29 11:20:00+05:30,566.5999755859375,566.7000122070312,566.4000244140625,566.5499877929688,566.5499877929688,12396
2023-11-29 11:21:00+05:30,566.5499877929688,566.75,566.4500122070312,566.75,566.75,15146
2023-11-29 11:22:00+05:30,566.5,566.9000244140625,566.5,566.7999877929688,566.7999877929688,15429
2023-11-29 11:23:00+05:30,566.6500244140625,566.9500122070312,566.6500244140625,566.7000122070312,566.7000122070312,12291
2023-11-29 11:24:00+05:30,566.9500122070312,567.0,566.75,566.9500122070312,566.9500122070312,24834
2023-11-29 11:25:00+05:30,566.9000244140625,567.25,566.75,567.2000122070312,567.2000122070312,20781
2023-11-29 11:26:00+05:30,567.0499877929688,567.4500122070312,567.0499877929688,567.1500244140625,567.1500244140625,24547
2023-11-29 11:27:00+05:30,567.1500244140625,567.4500122070312,567.0499877929688,567.2999877929688,567.2999877929688,34148
2023-11-29 11:28:00+05:30,567.0999755859375,567.4000244140625,567.0999755859375,567.3499755859375,567.3499755859375,17644
2023-11-29 11:29:00+05:30,567.3499755859375,567.5,567.25,567.3499755859375,567.3499755859375,11278
2023-11-29 11:30:00+05:30,567.4000244140625,567.5,567.0,567.2000122070312,567.2000122070312,17569
2023-11-29 11:31:00+05:30,567.0499877929688,567.2999877929688,567.0,567.1500244140625,567.1500244140625,19018
2023-11-29 11:32:00+05:30,567.25,567.5,567.0499877929688,567.4500122070312,567.4500122070312,28557
2023-11-29 11:33:00+05:30,567.5,567.6500244140625,567.4500122070312,567.5499877929688,567.5499877929688,19724
2023-11-29 11:34:00+05:30,567.5499877929688,567.75,567.4500122070312,567.5,567.5,21438
2023-11-29 11:35:00+05:30,567.5,567.7000122070312,567.5,567.7000122070312,567.7000122070312,18098
2023-11-29 11:36:00+05:30,567.6500244140625,567.75,567.25,567.5,567.5,22274
2023-11-29 11:37:00+05:30,567.5,567.5,567.2000122070312,567.2999877929688,567.2999877929688,15246
2023-11-29 11:38:00+05:30,567.2000122070312,567.4000244140625,567.2000122070312,567.25,567.25,13579
2023-11-29 11:39:00+05:30,567.25,567.3499755859375,567.1500244140625,567.25,567.25,17039
2023-11-29 11:40:00+05:30,567.25,567.3499755859375,567.1500244140625,567.1500244140625,567.1500244140625,15218
2023-11-29 11:41:00+05:30,567.2999877929688,567.3499755859375,567.1500244140625,567.2000122070312,567.2000122070312,15944
2023-11-29 11:42:00+05:30,567.2000122070312,567.9500122070312,567.1500244140625,567.8499755859375,567.8499755859375,51605
2023-11-29 11:43:00+05:30,567.9000244140625,568.25,567.75,568.0999755859375,568.0999755859375,165071
2023-11-29 11:44:00+05:30,568.0999755859375,568.2000122070312,567.8499755859375,567.9500122070312,567.9500122070312,24399
2023-11-29 11:45:00+05:30,567.9500122070312,568.1500244140625,566.8499755859375,567.0999755859375,567.0999755859375,238455
2023-11-29 11:46:00+05:30,567.0999755859375,567.4000244140625,567.0999755859375,567.2000122070312,567.2000122070312,15644
2023-11-29 11:47:00+05:30,567.2000122070312,567.4500122070312,567.2000122070312,567.4000244140625,567.4000244140625,14914
2023-11-29 11:48:00+05:30,567.4000244140625,567.5999755859375,567.25,567.5499877929688,567.5499877929688,14922
2023-11-29 11:49:00+05:30,567.4500122070312,567.9500122070312,567.4500122070312,567.9000244140625,567.9000244140625,58768
2023-11-29 11:50:00+05:30,567.8499755859375,568.2000122070312,567.6500244140625,567.9000244140625,567.9000244140625,62759
2023-11-29 11:51:00+05:30,567.9500122070312,568.0499877929688,567.75,567.9000244140625,567.9000244140625,56686
2023-11-29 11:52:00+05:30,567.9000244140625,568.0499877929688,567.9000244140625,567.9500122070312,567.9500122070312,5334
2023-11-29 11:53:00+05:30,567.7999877929688,567.9500122070312,567.7000122070312,567.7999877929688,567.7999877929688,34707
2023-11-29 11:54:00+05:30,567.7999877929688,567.9500122070312,567.7000122070312,567.7999877929688,567.7999877929688,11013
2023-11-29 11:55:00+05:30,567.7999877929688,568.0,567.75,567.75,567.75,17573
2023-11-29 11:56:00+05:30,567.9500122070312,568.0499877929688,567.75,567.7999877929688,567.7999877929688,19601
2023-11-29 11:57:00+05:30,567.75,568.0,567.75,567.9500122070312,567.9500122070312,17060
2023-11-29 11:58:00+05:30,567.9000244140625,568.0,567.7999877929688,567.7999877929688,567.7999877929688,11966
2023-11-29 11:59:00+05:30,567.8499755859375,568.0,567.75,567.9000244140625,567.9000244140625,19117
2023-11-29 12:00:00+05:30,567.9000244140625,568.0499877929688,567.7999877929688,568.0499877929688,568.0499877929688,22925
2023-11-29 12:01:00+05:30,567.9500122070312,568.0999755859375,567.8499755859375,568.0999755859375,568.0999755859375,32847
2023-11-29 12:02:00+05:30,568.0,568.2000122070312,568.0,568.0,568.0,49412
2023-11-29 12:03:00+05:30,568.0,568.1500244140625,567.9000244140625,568.0499877929688,568.0499877929688,34684
2023-11-29 12:04:00+05:30,568.1500244140625,568.2000122070312,568.0,568.0499877929688,568.0499877929688,16157
2023-11-29 12:05:00+05:30,568.0,568.1500244140625,567.9500122070312,567.9500122070312,567.9500122070312,24933
2023-11-29 12:06:00+05:30,568.0999755859375,568.2000122070312,567.9500122070312,568.0499877929688,568.0499877929688,16884
2023-11-29 12:07:00+05:30,568.0,568.0999755859375,567.9500122070312,567.9500122070312,567.9500122070312,23615
2023-11-29 12:08:00+05:30,567.9500122070312,568.0999755859375,567.9500122070312,567.9500122070312,567.9500122070312,23098
2023-11-29 12:09:00+05:30,567.9500122070312,568.1500244140625,567.9500122070312,567.9500122070312,567.9500122070312,39353
2023-11-29 12:10:00+05:30,567.9500122070312,568.1500244140625,567.9500122070312,568.0999755859375,568.0999755859375,17345
2023-11-29 12:11:00+05:30,568.0999755859375,568.1500244140625,567.9500122070312,568.0,568.0,26638
2023-11-29 12:12:00+05:30,568.0499877929688,568.1500244140625,567.9500122070312,568.0999755859375,568.0999755859375,83338
2023-11-29 12:13:00+05:30,568.0,568.0,567.75,567.75,567.75,21147
2023-11-29 12:14:00+05:30,567.9000244140625,567.9000244140625,567.5499877929688,567.7000122070312,567.7000122070312,28488
2023-11-29 12:15:00+05:30,567.75,567.9500122070312,567.5,567.5499877929688,567.5499877929688,20384
2023-11-29 12:16:00+05:30,567.5,567.7000122070312,567.4500122070312,567.6500244140625,567.6500244140625,18915
2023-11-29 12:17:00+05:30,567.5999755859375,567.7000122070312,567.3499755859375,567.5,567.5,26872
2023-11-29 12:18:00+05:30,567.5999755859375,567.7999877929688,567.3499755859375,567.6500244140625,567.6500244140625,36420
2023-11-29 12:19:00+05:30,567.6500244140625,567.75,567.5,567.5499877929688,567.5499877929688,33941
2023-11-29 12:20:00+05:30,567.5499877929688,567.7999877929688,567.5,567.5,567.5,33832
2023-11-29 12:21:00+05:30,567.75,567.9000244140625,567.4000244140625,567.9000244140625,567.9000244140625,33175
2023-11-29 12:22:00+05:30,567.9000244140625,567.9000244140625,567.4000244140625,567.5,567.5,27082
2023-11-29 12:23:00+05:30,567.5499877929688,567.75,567.4000244140625,567.6500244140625,567.6500244140625,45933
2023-11-29 12:24:00+05:30,567.5,567.6500244140625,567.4000244140625,567.5,567.5,29293
2023-11-29 12:25:00+05:30,567.4000244140625,567.5,567.3499755859375,567.4500122070312,567.4500122070312,31914
2023-11-29 12:26:00+05:30,567.4500122070312,567.5999755859375,567.2999877929688,567.4500122070312,567.4500122070312,22534
2023-11-29 12:27:00+05:30,567.5499877929688,567.75,567.4000244140625,567.5499877929688,567.5499877929688,18548
2023-11-29 12:28:00+05:30,567.6500244140625,567.7000122070312,567.4000244140625,567.5999755859375,567.5999755859375,12048
2023-11-29 12:29:00+05:30,567.4500122070312,567.7000122070312,567.4000244140625,567.4500122070312,567.4500122070312,25424
2023-11-29 12:30:00+05:30,567.4500122070312,567.7000122070312,567.4000244140625,567.4000244140625,567.4000244140625,15100
2023-11-29 12:31:00+05:30,567.4500122070312,567.75,567.4000244140625,567.5999755859375,567.5999755859375,17040
2023-11-29 12:32:00+05:30,567.6500244140625,567.75,567.4000244140625,567.4000244140625,567.4000244140625,19743
2023-11-29 12:33:00+05:30,567.6500244140625,567.6500244140625,567.2999877929688,567.2999877929688,567.2999877929688,27164
2023-11-29 12:34:00+05:30,567.2999877929688,567.5999755859375,567.25,567.5,567.5,17282
2023-11-29 12:35:00+05:30,567.4000244140625,567.7000122070312,567.3499755859375,567.7000122070312,567.7000122070312,16776
2023-11-29 12:36:00+05:30,567.6500244140625,567.7000122070312,567.5,567.5499877929688,567.5499877929688,16810
2023-11-29 12:37:00+05:30,567.5499877929688,567.7999877929688,567.5499877929688,567.7000122070312,567.7000122070312,20164
2023-11-29 12:38:00+05:30,567.5999755859375,567.75,567.4000244140625,567.4000244140625,567.4000244140625,47932
2023-11-29 12:39:00+05:30,567.4500122070312,567.7000122070312,567.4000244140625,567.5,567.5,20059
2023-11-29 12:40:00+05:30,567.4000244140625,567.7000122070312,567.3499755859375,567.4000244140625,567.4000244140625,25613
2023-11-29 12:41:00+05:30,567.4000244140625,567.75,567.4000244140625,567.5499877929688,567.5499877929688,69268
2023-11-29 12:42:00+05:30,567.5999755859375,567.7000122070312,567.4000244140625,567.5,567.5,16653
2023-11-29 12:43:00+05:30,567.5,567.75,567.4500122070312,567.5499877929688,567.5499877929688,15190
2023-11-29 12:44:00+05:30,567.4500122070312,567.75,567.4000244140625,567.5499877929688,567.5499877929688,18433
2023-11-29 12:45:00+05:30,567.75,567.75,567.5,567.6500244140625,567.6500244140625,14733
2023-11-29 12:46:00+05:30,567.6500244140625,567.8499755859375,567.5499877929688,567.7999877929688,567.7999877929688,16318
2023-11-29 12:47:00+05:30,567.6500244140625,567.8499755859375,567.5,567.5999755859375,567.5999755859375,20240
2023-11-29 12:48:00+05:30,567.5999755859375,567.9000244140625,567.5,567.7000122070312,567.7000122070312,45354
2023-11-29 12:49:00+05:30,567.6500244140625,567.8499755859375,567.5499877929688,567.5999755859375,567.5999755859375,22879
2023-11-29 12:50:00+05:30,567.5999755859375,567.75,567.2999877929688,567.3499755859375,567.3499755859375,85398
2023-11-29 12:51:00+05:30,567.3499755859375,567.6500244140625,567.3499755859375,567.3499755859375,567.3499755859375,16506
2023-11-29 12:52:00+05:30,567.2999877929688,567.5999755859375,567.1500244140625,567.2000122070312,567.2000122070312,21869
2023-11-29 12:53:00+05:30,567.2000122070312,567.5,567.2000122070312,567.3499755859375,567.3499755859375,20352
2023-11-29 12:54:00+05:30,567.2000122070312,567.6500244140625,567.2000122070312,567.5999755859375,567.5999755859375,22377
2023-11-29 12:55:00+05:30,567.5999755859375,567.6500244140625,567.25,567.4500122070312,567.4500122070312,28447
2023-11-29 12:56:00+05:30,567.4000244140625,567.5999755859375,567.3499755859375,567.5,567.5,16760
2023-11-29 12:57:00+05:30,567.5999755859375,567.6500244140625,567.4000244140625,567.4000244140625,567.4000244140625,13883
2023-11-29 12:58:00+05:30,567.5499877929688,567.7000122070312,567.4000244140625,567.4500122070312,567.4500122070312,16868
2023-11-29 12:59:00+05:30,567.4500122070312,567.7000122070312,567.4000244140625,567.4000244140625,567.4000244140625,13746
2023-11-29 13:00:00+05:30,567.7000122070312,567.7000122070312,567.4000244140625,567.5,567.5,15271
2023-11-29 13:01:00+05:30,567.5499877929688,567.5999755859375,567.3499755859375,567.4000244140625,567.4000244140625,106525
2023-11-29 13:02:00+05:30,567.4000244140625,567.6500244140625,567.3499755859375,567.4000244140625,567.4000244140625,15965
2023-11-29 13:03:00+05:30,567.4000244140625,567.6500244140625,567.4000244140625,567.5499877929688,567.5499877929688,12448
2023-11-29 13:04:00+05:30,567.5499877929688,567.7000122070312,567.4000244140625,567.5999755859375,567.5999755859375,13031
2023-11-29 13:05:00+05:30,567.5999755859375,567.7999877929688,567.5,567.7000122070312,567.7000122070312,16018
2023-11-29 13:06:00+05:30,567.6500244140625,567.7999877929688,567.5,567.7000122070312,567.7000122070312,18312
2023-11-29 13:07:00+05:30,567.75,567.75,567.5,567.5499877929688,567.5499877929688,16952
2023-11-29 13:08:00+05:30,567.5499877929688,567.9000244140625,567.5499877929688,567.7000122070312,567.7000122070312,121706
2023-11-29 13:09:00+05:30,567.7999877929688,567.9000244140625,567.7000122070312,567.7000122070312,567.7000122070312,21583
2023-11-29 13:10:00+05:30,567.9000244140625,567.9500122070312,567.7000122070312,567.7999877929688,567.7999877929688,17307
2023-11-29 13:11:00+05:30,567.7999877929688,568.0,567.7000122070312,567.7000122070312,567.7000122070312,21031
2023-11-29 13:12:00+05:30,567.75,567.9500122070312,567.7000122070312,567.7999877929688,567.7999877929688,22916
2023-11-29 13:13:00+05:30,567.9000244140625,568.0,567.75,567.8499755859375,567.8499755859375,12567
2023-11-29 13:14:00+05:30,567.8499755859375,568.2000122070312,567.8499755859375,568.0,568.0,56842
2023-11-29 13:15:00+05:30,568.0,568.25,567.9500122070312,568.0999755859375,568.0999755859375,25893
2023-11-29 13:16:00+05:30,568.25,568.25,568.0,568.0999755859375,568.0999755859375,11899
2023-11-29 13:17:00+05:30,568.0499877929688,568.25,567.9000244140625,568.1500244140625,568.1500244140625,373219
2023-11-29 13:18:00+05:30,568.1500244140625,568.2000122070312,567.9500122070312,568.0999755859375,568.0999755859375,10139
2023-11-29 13:19:00+05:30,568.1500244140625,568.2000122070312,568.0,568.0,568.0,20295
2023-11-29 13:20:00+05:30,568.1500244140625,568.1500244140625,568.0,568.0499877929688,568.0499877929688,8028
2023-11-29 13:21:00+05:30,568.0999755859375,568.0999755859375,568.0,568.0,568.0,10085
2023-11-29 13:22:00+05:30,568.0499877929688,568.0999755859375,567.75,567.9000244140625,567.9000244140625,8875
2023-11-29 13:23:00+05:30,567.9000244140625,568.0499877929688,567.75,567.9500122070312,567.9500122070312,8637
2023-11-29 13:24:00+05:30,568.0,568.0,567.5,567.5,567.5,27575
2023-11-29 13:25:00+05:30,567.5499877929688,567.75,567.5,567.75,567.75,26569
2023-11-29 13:26:00+05:30,567.7000122070312,567.8499755859375,567.7000122070312,567.75,567.75,13126
2023-11-29 13:27:00+05:30,567.75,567.8499755859375,567.5,567.5999755859375,567.5999755859375,30319
2023-11-29 13:28:00+05:30,567.5,567.5999755859375,567.2999877929688,567.3499755859375,567.3499755859375,25583
2023-11-29 13:29:00+05:30,567.3499755859375,567.5,567.2999877929688,567.2999877929688,567.2999877929688,8370
2023-11-29 13:30:00+05:30,567.2999877929688,567.75,567.2999877929688,567.5499877929688,567.5499877929688,6726
2023-11-29 13:31:00+05:30,567.5499877929688,567.7000122070312,567.5,567.5,567.5,8038
2023-11-29 13:32:00+05:30,567.5,567.75,567.5,567.5,567.5,5691
2023-11-29 13:33:00+05:30,567.5,567.75,567.4500122070312,567.6500244140625,567.6500244140625,6539
2023-11-29 13:34:00+05:30,567.6500244140625,567.75,567.4500122070312,567.5999755859375,567.5999755859375,6156
2023-11-29 13:35:00+05:30,567.5499877929688,567.75,567.4500122070312,567.5499877929688,567.5499877929688,5590
2023-11-29 13:36:00+05:30,567.5,567.6500244140625,567.3499755859375,567.3499755859375,567.3499755859375,16129
2023-11-29 13:37:00+05:30,567.3499755859375,568.0499877929688,567.3499755859375,567.5,567.5,164608
2023-11-29 13:38:00+05:30,567.5,568.0999755859375,567.5,568.0499877929688,568.0499877929688,25258
2023-11-29 13:39:00+05:30,568.0,568.0999755859375,568.0,568.0499877929688,568.0499877929688,16558
2023-11-29 13:40:00+05:30,568.0499877929688,568.0999755859375,568.0,568.0,568.0,13369
2023-11-29 13:41:00+05:30,568.0999755859375,568.2000122070312,568.0,568.1500244140625,568.1500244140625,17441
2023-11-29 13:42:00+05:30,568.1500244140625,568.2000122070312,567.9000244140625,567.9500122070312,567.9500122070312,11492
2023-11-29 13:43:00+05:30,568.0,568.0999755859375,567.75,567.9500122070312,567.9500122070312,7438
2023-11-29 13:44:00+05:30,567.9000244140625,568.1500244140625,567.9000244140625,568.0499877929688,568.0499877929688,14360
2023-11-29 13:45:00+05:30,568.0499877929688,568.2000122070312,568.0499877929688,568.2000122070312,568.2000122070312,10377
2023-11-29 13:46:00+05:30,568.2000122070312,568.25,568.0,568.2000122070312,568.2000122070312,20212
2023-11-29 13:47:00+05:30,568.2000122070312,568.25,567.8499755859375,568.0,568.0,9485
2023-11-29 13:48:00+05:30,568.0,568.1500244140625,567.7999877929688,568.0,568.0,11228
2023-11-29 13:49:00+05:30,568.0,568.2999877929688,567.9000244140625,568.0999755859375,568.0999755859375,17915
2023-11-29 13:50:00+05:30,568.2000122070312,568.25,568.0,568.0499877929688,568.0499877929688,8894
2023-11-29 13:51:00+05:30,568.0499877929688,568.25,567.9000244140625,568.2000122070312,568.2000122070312,11506
2023-11-29 13:52:00+05:30,568.0,568.25,567.9000244140625,568.0999755859375,568.0999755859375,13414
2023-11-29 13:53:00+05:30,568.0999755859375,568.2000122070312,567.9500122070312,568.0,568.0,6307
2023-11-29 13:54:00+05:30,568.0,568.2000122070312,567.9500122070312,568.1500244140625,568.1500244140625,6744
2023-11-29 13:55:00+05:30,568.1500244140625,568.2000122070312,568.0,568.0,568.0,10463
2023-11-29 13:56:00+05:30,568.0,568.2000122070312,568.0,568.0,568.0,7494
2023-11-29 13:57:00+05:30,568.0,568.0999755859375,568.0,568.0,568.0,11565
2023-11-29 13:58:00+05:30,568.0,568.1500244140625,568.0,568.0,568.0,8406
2023-11-29 13:59:00+05:30,568.0,568.1500244140625,568.0,568.1500244140625,568.1500244140625,6939
2023-11-29 14:00:00+05:30,568.0499877929688,568.1500244140625,568.0,568.0499877929688,568.0499877929688,6636
2023-11-29 14:01:00+05:30,568.0999755859375,568.1500244140625,568.0,568.0499877929688,568.0499877929688,6564
2023-11-29 14:02:00+05:30,568.0499877929688,568.2000122070312,568.0,568.2000122070312,568.2000122070312,15016
2023-11-29 14:03:00+05:30,568.0999755859375,568.2000122070312,568.0999755859375,568.0999755859375,568.0999755859375,8609
2023-11-29 14:04:00+05:30,568.0999755859375,568.2000122070312,567.75,567.8499755859375,567.8499755859375,57237
2023-11-29 14:05:00+05:30,567.8499755859375,568.0499877929688,567.75,567.9500122070312,567.9500122070312,6893
2023-11-29 14:06:00+05:30,568.0,568.0,567.8499755859375,567.9000244140625,567.9000244140625,4216
2023-11-29 14:07:00+05:30,567.9000244140625,568.0,567.7999877929688,567.9000244140625,567.9000244140625,7458
2023-11-29 14:08:00+05:30,568.0,568.0499877929688,567.8499755859375,567.9000244140625,567.9000244140625,9988
2023-11-29 14:09:00+05:30,567.9000244140625,568.2000122070312,567.8499755859375,568.0499877929688,568.0499877929688,8595
2023-11-29 14:10:00+05:30,568.0499877929688,568.1500244140625,568.0,568.0999755859375,568.0999755859375,6626
2023-11-29 14:11:00+05:30,568.1500244140625,568.1500244140625,568.0,568.0,568.0,11208
2023-11-29 14:12:00+05:30,568.0499877929688,568.1500244140625,567.8499755859375,567.9500122070312,567.9500122070312,10549
2023-11-29 14:13:00+05:30,568.0,568.1500244140625,567.6500244140625,567.7000122070312,567.7000122070312,13436
2023-11-29 14:14:00+05:30,567.75,567.7999877929688,567.7000122070312,567.7999877929688,567.7999877929688,8255
2023-11-29 14:15:00+05:30,567.7999877929688,567.8499755859375,567.5,567.5499877929688,567.5499877929688,12857
2023-11-29 14:16:00+05:30,567.5499877929688,567.7000122070312,567.5,567.5499877929688,567.5499877929688,23819
2023-11-29 14:17:00+05:30,567.5499877929688,567.6500244140625,567.4500122070312,567.5,567.5,19170
2023-11-29 14:18:00+05:30,567.6500244140625,567.6500244140625,567.4500122070312,567.5,567.5,4135
2023-11-29 14:19:00+05:30,567.5499877929688,567.7000122070312,567.4000244140625,567.6500244140625,567.6500244140625,27223
2023-11-29 14:20:00+05:30,567.7000122070312,567.75,567.5999755859375,567.6500244140625,567.6500244140625,3805
2023-11-29 14:21:00+05:30,567.6500244140625,567.7000122070312,567.5499877929688,567.5499877929688,567.5499877929688,4953
2023-11-29 14:22:00+05:30,567.5999755859375,567.7000122070312,567.4500122070312,567.5,567.5,18382
2023-11-29 14:23:00+05:30,567.5,567.6500244140625,567.4500122070312,567.5999755859375,567.5999755859375,4834
2023-11-29 14:24:00+05:30,567.5499877929688,567.5999755859375,567.4500122070312,567.5499877929688,567.5499877929688,4960
2023-11-29 14:25:00+05:30,567.5,567.7000122070312,567.4500122070312,567.6500244140625,567.6500244140625,7076
2023-11-29 14:26:00+05:30,567.5499877929688,567.75,567.5,567.5999755859375,567.5999755859375,5538
2023-11-29 14:27:00+05:30,567.5999755859375,567.7999877929688,567.5499877929688,567.6500244140625,567.6500244140625,7456
2023-11-29 14:28:00+05:30,567.6500244140625,567.7000122070312,567.5,567.5499877929688,567.5499877929688,5758
2023-11-29 14:29:00+05:30,567.5999755859375,567.7000122070312,567.5499877929688,567.5499877929688,567.5499877929688,9215
2023-11-29 14:30:00+05:30,567.6500244140625,567.75,567.5499877929688,567.7000122070312,567.7000122070312,7278
2023-11-29 14:31:00+05:30,567.6500244140625,567.75,567.5,567.5499877929688,567.5499877929688,8682
2023-11-29 14:32:00+05:30,567.5499877929688,568.0499877929688,567.5499877929688,567.9000244140625,567.9000244140625,41334
2023-11-29 14:33:00+05:30,567.9500122070312,568.0499877929688,567.7000122070312,567.9000244140625,567.9000244140625,17779
2023-11-29 14:34:00+05:30,567.9000244140625,568.0,567.7999877929688,567.8499755859375,567.8499755859375,6227
2023-11-29 14:35:00+05:30,567.9000244140625,568.0,567.7999877929688,567.7999877929688,567.7999877929688,8178
2023-11-29 14:36:00+05:30,567.7999877929688,568.0,567.7999877929688,567.9500122070312,567.9500122070312,7150
2023-11-29 14:37:00+05:30,568.0499877929688,568.2000122070312,567.9000244140625,568.2000122070312,568.2000122070312,17056
2023-11-29 14:38:00+05:30,568.2000122070312,568.2000122070312,567.9000244140625,568.0,568.0,12921
2023-11-29 14:39:00+05:30,568.0,568.0999755859375,567.9000244140625,568.0,568.0,8148
2023-11-29 14:40:00+05:30,568.0,568.0999755859375,567.9000244140625,568.0999755859375,568.0999755859375,10883
2023-11-29 14:41:00+05:30,568.0999755859375,568.0999755859375,567.7000122070312,567.75,567.75,12056
2023-11-29 14:42:00+05:30,567.8499755859375,567.9500122070312,567.5,567.5,567.5,23811
2023-11-29 14:43:00+05:30,567.5,567.8499755859375,567.5,567.8499755859375,567.8499755859375,12729
2023-11-29 14:44:00+05:30,567.75,568.0,567.6500244140625,567.9000244140625,567.9000244140625,14014
2023-11-29 14:45:00+05:30,567.9000244140625,568.0999755859375,567.8499755859375,568.0999755859375,568.0999755859375,23981
2023-11-29 14:46:00+05:30,568.0999755859375,568.2999877929688,568.0,568.1500244140625,568.1500244140625,38615
2023-11-29 14:47:00+05:30,568.0499877929688,568.4000244140625,568.0499877929688,568.25,568.25,44928
2023-11-29 14:48:00+05:30,568.1500244140625,568.4000244140625,568.1500244140625,568.3499755859375,568.3499755859375,13709
2023-11-29 14:49:00+05:30,568.4500122070312,568.7000122070312,568.3499755859375,568.6500244140625,568.6500244140625,77788
2023-11-29 14:50:00+05:30,568.5999755859375,568.75,568.5499877929688,568.75,568.75,31290
2023-11-29 14:51:00+05:30,568.7000122070312,568.8499755859375,568.5,568.75,568.75,58373
2023-11-29 14:52:00+05:30,568.7000122070312,568.75,568.4000244140625,568.5499877929688,568.5499877929688,13785
2023-11-29 14:53:00+05:30,568.4500122070312,568.7000122070312,568.3499755859375,568.5999755859375,568.5999755859375,18244
2023-11-29 14:54:00+05:30,568.5999755859375,568.7000122070312,568.4000244140625,568.5999755859375,568.5999755859375,28785
2023-11-29 14:55:00+05:30,568.5,568.7000122070312,568.3499755859375,568.5,568.5,19458
2023-11-29 14:56:00+05:30,568.5,568.7999877929688,568.3499755859375,568.6500244140625,568.6500244140625,27150
2023-11-29 14:57:00+05:30,568.5499877929688,568.7000122070312,568.4000244140625,568.5,568.5,19823
2023-11-29 14:58:00+05:30,568.5999755859375,568.5999755859375,568.3499755859375,568.3499755859375,568.3499755859375,8963
2023-11-29 14:59:00+05:30,568.4000244140625,568.4500122070312,568.1500244140625,568.1500244140625,568.1500244140625,8671
2023-11-29 15:00:00+05:30,568.2999877929688,568.5,568.1500244140625,568.4000244140625,568.4000244140625,20713
2023-11-29 15:01:00+05:30,568.3499755859375,568.4500122070312,568.2000122070312,568.25,568.25,15222
2023-11-29 15:02:00+05:30,568.25,568.4500122070312,568.2000122070312,568.2999877929688,568.2999877929688,21533
2023-11-29 15:03:00+05:30,568.25,568.4000244140625,568.25,568.2999877929688,568.2999877929688,19979
2023-11-29 15:04:00+05:30,568.3499755859375,568.3499755859375,568.1500244140625,568.1500244140625,568.1500244140625,17044
2023-11-29 15:05:00+05:30,568.2000122070312,568.2000122070312,568.0499877929688,568.0499877929688,568.0499877929688,32641
2023-11-29 15:06:00+05:30,568.0499877929688,568.2000122070312,568.0,568.0999755859375,568.0999755859375,17766
2023-11-29 15:07:00+05:30,568.0999755859375,568.1500244140625,568.0,568.0499877929688,568.0499877929688,20223
2023-11-29 15:08:00+05:30,568.0499877929688,568.25,568.0,568.25,568.25,45820
2023-11-29 15:09:00+05:30,568.2000122070312,568.3499755859375,568.1500244140625,568.3499755859375,568.3499755859375,24463
2023-11-29 15:10:00+05:30,568.2999877929688,568.4500122070312,568.2999877929688,568.4000244140625,568.4000244140625,26395
2023-11-29 15:11:00+05:30,568.4500122070312,568.5,568.3499755859375,568.4500122070312,568.4500122070312,39820
2023-11-29 15:12:00+05:30,568.4500122070312,568.7000122070312,568.4000244140625,568.7000122070312,568.7000122070312,45843
2023-11-29 15:13:00+05:30,568.6500244140625,568.8499755859375,568.6500244140625,568.8499755859375,568.8499755859375,53887
2023-11-29 15:14:00+05:30,568.8499755859375,568.9500122070312,568.75,568.9000244140625,568.9000244140625,62272
2023-11-29 15:15:00+05:30,568.9000244140625,569.0,568.7999877929688,568.9000244140625,568.9000244140625,94100
2023-11-29 15:16:00+05:30,568.8499755859375,568.9000244140625,568.5499877929688,568.5999755859375,568.5999755859375,36165
2023-11-29 15:17:00+05:30,568.5999755859375,568.75,568.4000244140625,568.5,568.5,52319
2023-11-29 15:18:00+05:30,568.5,568.75,568.4500122070312,568.6500244140625,568.6500244140625,53578
2023-11-29 15:19:00+05:30,568.6500244140625,568.8499755859375,568.5999755859375,568.75,568.75,50101
2023-11-29 15:20:00+05:30,568.8499755859375,568.9000244140625,568.5999755859375,568.7000122070312,568.7000122070312,77030
2023-11-29 15:21:00+05:30,568.7000122070312,568.9000244140625,568.7000122070312,568.8499755859375,568.8499755859375,31827
2023-11-29 15:22:00+05:30,568.8499755859375,568.9000244140625,568.7999877929688,568.8499755859375,568.8499755859375,45901
2023-11-29 15:23:00+05:30,568.8499755859375,568.9000244140625,568.75,568.75,568.75,43788
2023-11-29 15:24:00+05:30,568.7999877929688,568.7999877929688,568.5499877929688,568.6500244140625,568.6500244140625,43631
2023-11-29 15:25:00+05:30,568.6500244140625,568.7999877929688,568.5499877929688,568.5499877929688,568.5499877929688,30416
2023-11-29 15:26:00+05:30,568.5499877929688,568.7000122070312,568.5,568.5999755859375,568.5999755859375,28586
2023-11-29 15:27:00+05:30,568.6500244140625,568.7000122070312,568.5999755859375,568.5999755859375,568.5999755859375,33193
2023-11-29 15:28:00+05:30,568.5999755859375,568.6500244140625,568.2999877929688,568.4500122070312,568.4500122070312,81231
2023-11-29 15:29:00+05:30,568.4500122070312,568.7000122070312,568.2999877929688,568.3499755859375,568.3499755859375,46098
2023-11-30 09:15:00+05:30,569.75,569.9000244140625,569.7000122070312,569.9000244140625,569.9000244140625,0
2023-11-30 09:16:00+05:30,569.7000122070312,569.8499755859375,569.1500244140625,569.4000244140625,569.4000244140625,91183
2023-11-30 09:17:00+05:30,569.3499755859375,569.4500122070312,568.5499877929688,568.8499755859375,568.8499755859375,107858
2023-11-30 09:18:00+05:30,569.0,569.2999877929688,568.7999877929688,569.1500244140625,569.1500244140625,62581
2023-11-30 09:19:00+05:30,569.0999755859375,569.1500244140625,568.5999755859375,568.7999877929688,568.7999877929688,77465
2023-11-30 09:20:00+05:30,568.8499755859375,568.9500122070312,568.25,568.2999877929688,568.2999877929688,40117
2023-11-30 09:21:00+05:30,568.2999877929688,568.2999877929688,568.0999755859375,568.0999755859375,568.0999755859375,6301
2023-11-30 09:22:00+05:30,568.2000122070312,568.75,568.2000122070312,568.75,568.75,62171
2023-11-30 09:23:00+05:30,568.5999755859375,568.7999877929688,568.5499877929688,568.5499877929688,568.5499877929688,8707
2023-11-30 09:24:00+05:30,568.9500122070312,569.1500244140625,568.9500122070312,569.0999755859375,569.0999755859375,107786
2023-11-30 09:25:00+05:30,569.0999755859375,570.0499877929688,569.0499877929688,569.9000244140625,569.9000244140625,83963
2023-11-30 09:26:00+05:30,569.9500122070312,570.0999755859375,569.75,569.7999877929688,569.7999877929688,19387
2023-11-30 09:27:00+05:30,569.5499877929688,569.5499877929688,569.5499877929688,569.5499877929688,569.5499877929688,111994
2023-11-30 09:28:00+05:30,569.5,569.8499755859375,569.5,569.8499755859375,569.8499755859375,41912
2023-11-30 09:29:00+05:30,569.8499755859375,569.9000244140625,569.5,569.5,569.5,36634
2023-11-30 09:30:00+05:30,569.5,569.7000122070312,569.0499877929688,569.0499877929688,569.0499877929688,68724
2023-11-30 09:31:00+05:30,569.1500244140625,569.4000244140625,568.9500122070312,569.0499877929688,569.0499877929688,36186
2023-11-30 09:32:00+05:30,569.0999755859375,569.4500122070312,569.0,569.2999877929688,569.2999877929688,20297
2023-11-30 09:33:00+05:30,569.2000122070312,569.3499755859375,569.0,569.0,569.0,11760
2023-11-30 09:34:00+05:30,569.0999755859375,569.2000122070312,568.9000244140625,568.9000244140625,568.9000244140625,15170
2023-11-30 09:35:00+05:30,568.9000244140625,569.2000122070312,568.5999755859375,568.9500122070312,568.9500122070312,33390
2023-11-30 09:36:00+05:30,569.0,569.25,568.7999877929688,569.0999755859375,569.0999755859375,16893
2023-11-30 09:37:00+05:30,569.0999755859375,569.25,568.75,569.0,569.0,26758
2023-11-30 09:38:00+05:30,568.75,569.1500244140625,568.5999755859375,569.0,569.0,41963
2023-11-30 09:39:00+05:30,569.0499877929688,569.0499877929688,568.5999755859375,568.6500244140625,568.6500244140625,13354
2023-11-30 09:40:00+05:30,568.5999755859375,569.0,568.5999755859375,568.7999877929688,568.7999877929688,18112
2023-11-30 09:41:00+05:30,568.75,568.9000244140625,568.5499877929688,568.6500244140625,568.6500244140625,11490
2023-11-30 09:42:00+05:30,568.75,569.0,568.3499755859375,568.6500244140625,568.6500244140625,46263
2023-11-30 09:43:00+05:30,568.9000244140625,569.1500244140625,568.6500244140625,568.9500122070312,568.9500122070312,27996
2023-11-30 09:44:00+05:30,569.1500244140625,569.1500244140625,568.7000122070312,568.9000244140625,568.9000244140625,19499
2023-11-30 09:45:00+05:30,568.9000244140625,569.0999755859375,568.5999755859375,568.5999755859375,568.5999755859375,35885
2023-11-30 09:46:00+05:30,568.5999755859375,568.9000244140625,568.5499877929688,568.7999877929688,568.7999877929688,7683
2023-11-30 09:47:00+05:30,568.8499755859375,569.0,568.2000122070312,568.2000122070312,568.2000122070312,45649
2023-11-30 09:48:00+05:30,568.0499877929688,568.2000122070312,567.5,567.9000244140625,567.9000244140625,133994
2023-11-30 09:49:00+05:30,567.9000244140625,568.2000122070312,567.8499755859375,567.8499755859375,567.8499755859375,71668
2023-11-30 09:50:00+05:30,567.8499755859375,567.9000244140625,567.7000122070312,567.7000122070312,567.7000122070312,87141
2023-11-30 09:51:00+05:30,567.6500244140625,567.7000122070312,567.25,567.25,567.25,107775
2023-11-30 09:52:00+05:30,567.25,567.3499755859375,567.0,567.1500244140625,567.1500244140625,67833
2023-11-30 09:53:00+05:30,567.1500244140625,567.2999877929688,566.7999877929688,566.7999877929688,566.7999877929688,79578
2023-11-30 09:54:00+05:30,566.7999877929688,567.1500244140625,566.2999877929688,566.2999877929688,566.2999877929688,82562
2023-11-30 09:55:00+05:30,566.5499877929688,566.5499877929688,566.0999755859375,566.2999877929688,566.2999877929688,59895
2023-11-30 09:56:00+05:30,566.3499755859375,567.0999755859375,566.25,566.75,566.75,43233
2023-11-30 09:57:00+05:30,566.75,566.7999877929688,566.2999877929688,566.4500122070312,566.4500122070312,30956
2023-11-30 09:58:00+05:30,566.5999755859375,567.0,566.5499877929688,566.75,566.75,61439
2023-11-30 09:59:00+05:30,566.5499877929688,566.9500122070312,566.3499755859375,566.6500244140625,566.6500244140625,63415
2023-11-30 10:00:00+05:30,566.7000122070312,566.8499755859375,566.5,566.6500244140625,566.6500244140625,39311
2023-11-30 10:01:00+05:30,566.6500244140625,566.9000244140625,566.4000244140625,566.4000244140625,566.4000244140625,45688
2023-11-30 10:02:00+05:30,566.4500122070312,566.9000244140625,566.4500122070312,566.6500244140625,566.6500244140625,36275
2023-11-30 10:03:00+05:30,566.7999877929688,566.9000244140625,566.5,566.5,566.5,39856
2023-11-30 10:04:00+05:30,566.4500122070312,566.7999877929688,566.25,566.2999877929688,566.2999877929688,41955
2023-11-30 10:05:00+05:30,566.2999877929688,566.5,566.0,566.1500244140625,566.1500244140625,91042
2023-11-30 10:06:00+05:30,566.0,567.25,566.0,567.0999755859375,567.0999755859375,174156
2023-11-30 10:07:00+05:30,567.0499877929688,567.4500122070312,567.0,567.2000122070312,567.2000122070312,146164
2023-11-30 10:08:00+05:30,567.3499755859375,568.5499877929688,567.2000122070312,567.25,567.25,215642
2023-11-30 10:09:00+05:30,567.1500244140625,567.4000244140625,566.7999877929688,566.9500122070312,566.9500122070312,79608
2023-11-30 10:10:00+05:30,567.0999755859375,567.3499755859375,566.9500122070312,567.0,567.0,49373
2023-11-30 10:11:00+05:30,567.2000122070312,567.2000122070312,566.6500244140625,566.8499755859375,566.8499755859375,21185
2023-11-30 10:12:00+05:30,566.8499755859375,567.5,566.7000122070312,567.0999755859375,567.0999755859375,318657
2023-11-30 10:13:00+05:30,567.2000122070312,567.4000244140625,566.8499755859375,567.0999755859375,567.0999755859375,40280
2023-11-30 10:14:00+05:30,567.0999755859375,567.2000122070312,566.9000244140625,567.0999755859375,567.0999755859375,26153
2023-11-30 10:15:00+05:30,567.0999755859375,567.4000244140625,566.9000244140625,566.9000244140625,566.9000244140625,48616
2023-11-30 10:16:00+05:30,567.0,567.6500244140625,566.9000244140625,567.6500244140625,567.6500244140625,52608
2023-11-30 10:17:00+05:30,567.5999755859375,567.8499755859375,567.1500244140625,567.5,567.5,39673
2023-11-30 10:18:00+05:30,567.3499755859375,567.5999755859375,567.0,567.0,567.0,47246
2023-11-30 10:19:00+05:30,567.0,567.3499755859375,566.9000244140625,566.9500122070312,566.9500122070312,21899
2023-11-30 10:20:00+05:30,566.9500122070312,567.4000244140625,566.9500122070312,567.0499877929688,567.0499877929688,38870
2023-11-30 10:21:00+05:30,567.1500244140625,567.5,567.0499877929688,567.2999877929688,567.2999877929688,44847
2023-11-30 10:22:00+05:30,567.0999755859375,567.5999755859375,567.0999755859375,567.5999755859375,567.5999755859375,39115
2023-11-30 10:23:00+05:30,567.5999755859375,567.9000244140625,567.5499877929688,567.9000244140625,567.9000244140625,27234
2023-11-30 10:24:00+05:30,567.9000244140625,568.25,567.75,568.0499877929688,568.0499877929688,136499
2023-11-30 10:25:00+05:30,568.0,568.25,568.0,568.0999755859375,568.0999755859375,34639
2023-11-30 10:26:00+05:30,568.25,568.3499755859375,568.0999755859375,568.25,568.25,38341
2023-11-30 10:27:00+05:30,568.3499755859375,568.5,568.25,568.2999877929688,568.2999877929688,17151
2023-11-30 10:28:00+05:30,568.25,568.2999877929688,566.5,566.5,566.5,138025
2023-11-30 10:29:00+05:30,566.5,566.7999877929688,566.0999755859375,566.5,566.5,74585
2023-11-30 10:30:00+05:30,566.2999877929688,566.7000122070312,566.2999877929688,566.5,566.5,25712
2023-11-30 10:31:00+05:30,566.5,567.0999755859375,566.4000244140625,567.0,567.0,26826
2023-11-30 10:32:00+05:30,567.2000122070312,567.25,567.0,567.2000122070312,567.2000122070312,24396
2023-11-30 10:33:00+05:30,567.2000122070312,567.2000122070312,566.9000244140625,567.1500244140625,567.1500244140625,37017
2023-11-30 10:34:00+05:30,567.1500244140625,567.1500244140625,566.5,566.75,566.75,38923
2023-11-30 10:35:00+05:30,566.7000122070312,566.9500122070312,566.5499877929688,566.5999755859375,566.5999755859375,18878
2023-11-30 10:36:00+05:30,566.5999755859375,566.9500122070312,566.5999755859375,566.75,566.75,18514
2023-11-30 10:37:00+05:30,566.5999755859375,566.9000244140625,566.5999755859375,566.7000122070312,566.7000122070312,22143
2023-11-30 10:38:00+05:30,566.5999755859375,567.0,566.5999755859375,566.7999877929688,566.7999877929688,16350
2023-11-30 10:39:00+05:30,566.7999877929688,567.5,566.7000122070312,567.5,567.5,38920
2023-11-30 10:40:00+05:30,567.5499877929688,567.75,567.3499755859375,567.7000122070312,567.7000122070312,51394
2023-11-30 10:41:00+05:30,567.5999755859375,567.5999755859375,567.25,567.4000244140625,567.4000244140625,6035
2023-11-30 10:42:00+05:30,567.4000244140625,567.5499877929688,567.3499755859375,567.5499877929688,567.5499877929688,20814
2023-11-30 10:43:00+05:30,567.5,568.2000122070312,567.5,568.2000122070312,568.2000122070312,57578
2023-11-30 10:44:00+05:30,568.2000122070312,568.2999877929688,567.75,568.0499877929688,568.0499877929688,28867
2023-11-30 10:45:00+05:30,568.0499877929688,568.0999755859375,567.7000122070312,567.7999877929688,567.7999877929688,37365
2023-11-30 10:46:00+05:30,567.75,568.0,567.4500122070312,567.5,567.5,44969
2023-11-30 10:47:00+05:30,567.4500122070312,567.9000244140625,567.4500122070312,567.9000244140625,567.9000244140625,23522
2023-11-30 10:48:00+05:30,567.9500122070312,568.0999755859375,567.75,567.75,567.75,22606
2023-11-30 10:49:00+05:30,567.7000122070312,567.7999877929688,567.4000244140625,567.7999877929688,567.7999877929688,18441
2023-11-30 10:50:00+05:30,567.5999755859375,568.2000122070312,567.5999755859375,568.0499877929688,568.0499877929688,19972
2023-11-30 10:51:00+05:30,568.0999755859375,568.0999755859375,567.6500244140625,567.7999877929688,567.7999877929688,14120
2023-11-30 10:52:00+05:30,567.7999877929688,568.1500244140625,567.7999877929688,568.1500244140625,568.1500244140625,12767
2023-11-30 10:53:00+05:30,567.8499755859375,568.1500244140625,567.6500244140625,568.0999755859375,568.0999755859375,11559
2023-11-30 10:54:00+05:30,568.0999755859375,568.25,568.0,568.25,568.25,19557
2023-11-30 10:55:00+05:30,568.25,568.3499755859375,568.0,568.2999877929688,568.2999877929688,14155
2023-11-30 10:56:00+05:30,568.2999877929688,568.2999877929688,567.9500122070312,568.25,568.25,10301
2023-11-30 10:57:00+05:30,568.2000122070312,568.2999877929688,567.9000244140625,568.0499877929688,568.0499877929688,11952
2023-11-30 10:58:00+05:30,568.2999877929688,568.2999877929688,568.0,568.2999877929688,568.2999877929688,9178
2023-11-30 10:59:00+05:30,568.2000122070312,568.4000244140625,568.0,568.25,568.25,12364
2023-11-30 11:00:00+05:30,568.0999755859375,568.3499755859375,568.0499877929688,568.2999877929688,568.2999877929688,19888
2023-11-30 11:01:00+05:30,568.2999877929688,568.3499755859375,568.2000122070312,568.3499755859375,568.3499755859375,13731
2023-11-30 11:02:00+05:30,568.2999877929688,568.5,568.2000122070312,568.4000244140625,568.4000244140625,18048
2023-11-30 11:03:00+05:30,568.4000244140625,568.5,568.2999877929688,568.4000244140625,568.4000244140625,20423
2023-11-30 11:04:00+05:30,568.4500122070312,568.5,568.2999877929688,568.5,568.5,16644
2023-11-30 11:05:00+05:30,568.5,568.5499877929688,568.4000244140625,568.4000244140625,568.4000244140625,16862
2023-11-30 11:06:00+05:30,568.4500122070312,568.5499877929688,568.0999755859375,568.0999755859375,568.0999755859375,18721
2023-11-30 11:07:00+05:30,568.2000122070312,568.2999877929688,568.0,568.2000122070312,568.2000122070312,9693
2023-11-30 11:08:00+05:30,568.2000122070312,568.2999877929688,568.0999755859375,568.2999877929688,568.2999877929688,15576
2023-11-30 11:09:00+05:30,568.2999877929688,568.5,568.0,568.5,568.5,26475
2023-11-30 11:10:00+05:30,568.4000244140625,568.5499877929688,568.25,568.4000244140625,568.4000244140625,17388
2023-11-30 11:11:00+05:30,568.3499755859375,568.4000244140625,568.0499877929688,568.0999755859375,568.0999755859375,13814
2023-11-30 11:12:00+05:30,568.0999755859375,568.1500244140625,567.7999877929688,567.7999877929688,567.7999877929688,32222
2023-11-30 11:13:00+05:30,567.3499755859375,567.5999755859375,567.25,567.5,567.5,41872
2023-11-30 11:14:00+05:30,567.5,568.0999755859375,567.4000244140625,568.0999755859375,568.0999755859375,19451
2023-11-30 11:15:00+05:30,568.0999755859375,568.6500244140625,568.0499877929688,568.5999755859375,568.5999755859375,42541
2023-11-30 11:16:00+05:30,568.5999755859375,568.7999877929688,568.5,568.6500244140625,568.6500244140625,24290
2023-11-30 11:17:00+05:30,568.6500244140625,568.75,568.25,568.2999877929688,568.2999877929688,16288
2023-11-30 11:18:00+05:30,568.4500122070312,568.7000122070312,568.25,568.5499877929688,568.5499877929688,22924
2023-11-30 11:19:00+05:30,568.5499877929688,568.75,568.3499755859375,568.4500122070312,568.4500122070312,19452
2023-11-30 11:20:00+05:30,568.5999755859375,568.7000122070312,568.25,568.5,568.5,13273
2023-11-30 11:21:00+05:30,568.5,568.7000122070312,568.2999877929688,568.4000244140625,568.4000244140625,16839
2023-11-30 11:22:00+05:30,568.5499877929688,568.7000122070312,568.4000244140625,568.6500244140625,568.6500244140625,12281
2023-11-30 11:23:00+05:30,568.6500244140625,568.75,568.4000244140625,568.7000122070312,568.7000122070312,14758
2023-11-30 11:24:00+05:30,568.7000122070312,568.7000122070312,568.4000244140625,568.5999755859375,568.5999755859375,12176
2023-11-30 11:25:00+05:30,568.4500122070312,568.6500244140625,568.25,568.4500122070312,568.4500122070312,23975
2023-11-30 11:26:00+05:30,568.25,568.4500122070312,568.0999755859375,568.2000122070312,568.2000122070312,10150
2023-11-30 11:27:00+05:30,568.2000122070312,568.4500122070312,568.0499877929688,568.2000122070312,568.2000122070312,9958
2023-11-30 11:28:00+05:30,568.2000122070312,568.3499755859375,568.0,568.0,568.0,17598
2023-11-30 11:29:00+05:30,568.0499877929688,568.4500122070312,568.0499877929688,568.4000244140625,568.4000244140625,14097
2023-11-30 11:30:00+05:30,568.2000122070312,568.5,568.2000122070312,568.4500122070312,568.4500122070312,12858
2023-11-30 11:31:00+05:30,568.4500122070312,568.5,568.1500244140625,568.1500244140625,568.1500244140625,18807
2023-11-30 11:32:00+05:30,568.1500244140625,568.4000244140625,568.0999755859375,568.2999877929688,568.2999877929688,15925
2023-11-30 11:33:00+05:30,568.25,568.2999877929688,567.8499755859375,567.8499755859375,567.8499755859375,19828
2023-11-30 11:34:00+05:30,568.0999755859375,568.2000122070312,567.8499755859375,567.9000244140625,567.9000244140625,17717
2023-11-30 11:35:00+05:30,567.9000244140625,568.0999755859375,567.8499755859375,568.0999755859375,568.0999755859375,10306
2023-11-30 11:36:00+05:30,567.9500122070312,568.25,567.9500122070312,568.1500244140625,568.1500244140625,8749
2023-11-30 11:37:00+05:30,568.0999755859375,568.2000122070312,568.0,568.1500244140625,568.1500244140625,9072
2023-11-30 11:38:00+05:30,568.1500244140625,568.3499755859375,568.0499877929688,568.3499755859375,568.3499755859375,12087
2023-11-30 11:39:00+05:30,568.3499755859375,568.3499755859375,568.0499877929688,568.0999755859375,568.0999755859375,12529
2023-11-30 11:40:00+05:30,568.0999755859375,568.3499755859375,568.0499877929688,568.3499755859375,568.3499755859375,14219
2023-11-30 11:41:00+05:30,568.3499755859375,568.3499755859375,568.0499877929688,568.0999755859375,568.0999755859375,12535
2023-11-30 11:42:00+05:30,568.0499877929688,568.2000122070312,568.0,568.0999755859375,568.0999755859375,17321
2023-11-30 11:43:00+05:30,568.0999755859375,568.0999755859375,567.8499755859375,568.0,568.0,16988
2023-11-30 11:44:00+05:30,568.0,568.0999755859375,567.5999755859375,568.0,568.0,20338
2023-11-30 11:45:00+05:30,568.0,568.0999755859375,567.7999877929688,567.8499755859375,567.8499755859375,10623
2023-11-30 11:46:00+05:30,568.0499877929688,568.0499877929688,567.5499877929688,567.7999877929688,567.7999877929688,14466
2023-11-30 11:47:00+05:30,567.5999755859375,567.9500122070312,567.5999755859375,567.9000244140625,567.9000244140625,14147
2023-11-30 11:48:00+05:30,567.9000244140625,568.0,567.7000122070312,567.7999877929688,567.7999877929688,21090
2023-11-30 11:49:00+05:30,567.7999877929688,568.0,567.7000122070312,567.9000244140625,567.9000244140625,23762
2023-11-30 11:50:00+05:30,567.9000244140625,568.0,567.7000122070312,568.0,568.0,14973
2023-11-30 11:51:00+05:30,567.7999877929688,568.0999755859375,567.7000122070312,568.0,568.0,15696
2023-11-30 11:52:00+05:30,567.9500122070312,567.9500122070312,567.5499877929688,567.9000244140625,567.9000244140625,18932
2023-11-30 11:53:00+05:30,567.6500244140625,567.9000244140625,567.5499877929688,567.5499877929688,567.5499877929688,13333
2023-11-30 11:54:00+05:30,567.7000122070312,567.7000122070312,567.5,567.5,567.5,19092
2023-11-30 11:55:00+05:30,567.4500122070312,568.0499877929688,567.4000244140625,567.6500244140625,567.6500244140625,78789
2023-11-30 11:56:00+05:30,567.5499877929688,567.7999877929688,567.4000244140625,567.7000122070312,567.7000122070312,27735
2023-11-30 11:57:00+05:30,567.4500122070312,567.7999877929688,567.25,567.4500122070312,567.4500122070312,31244
2023-11-30 11:58:00+05:30,567.4500122070312,567.5499877929688,567.2000122070312,567.2999877929688,567.2999877929688,21558
2023-11-30 11:59:00+05:30,567.2999877929688,567.5499877929688,567.0999755859375,567.5,567.5,36928
2023-11-30 12:00:00+05:30,567.5,567.5499877929688,567.0999755859375,567.4000244140625,567.4000244140625,26011
2023-11-30 12:01:00+05:30,567.4000244140625,567.4000244140625,567.0999755859375,567.3499755859375,567.3499755859375,57703
2023-11-30 12:02:00+05:30,567.3499755859375,567.4000244140625,567.0999755859375,567.2000122070312,567.2000122070312,37824
2023-11-30 12:03:00+05:30,567.3499755859375,567.75,567.0999755859375,567.75,567.75,25570
2023-11-30 12:04:00+05:30,567.5499877929688,567.6500244140625,567.0999755859375,567.0999755859375,567.0999755859375,21067
2023-11-30 12:05:00+05:30,567.1500244140625,567.25,567.0,567.0,567.0,68798
2023-11-30 12:06:00+05:30,566.9000244140625,567.0,566.75,567.0,567.0,57795
2023-11-30 12:07:00+05:30,566.75,567.1500244140625,566.75,567.0,567.0,17517
2023-11-30 12:08:00+05:30,566.9000244140625,567.0,566.75,566.9500122070312,566.9500122070312,39863
2023-11-30 12:09:00+05:30,566.7999877929688,567.0,566.75,566.7999877929688,566.7999877929688,27336
2023-11-30 12:10:00+05:30,566.8499755859375,567.0,566.6500244140625,566.9500122070312,566.9500122070312,22771
2023-11-30 12:11:00+05:30,566.75,567.0,566.6500244140625,567.0,567.0,20635
2023-11-30 12:12:00+05:30,566.75,567.0,566.5999755859375,566.7000122070312,566.7000122070312,26105
2023-11-30 12:13:00+05:30,566.7000122070312,567.0,566.5499877929688,566.7999877929688,566.7999877929688,20852
2023-11-30 12:14:00+05:30,566.5999755859375,566.9500122070312,566.5999755859375,566.8499755859375,566.8499755859375,14492
2023-11-30 12:15:00+05:30,566.9500122070312,566.9500122070312,566.5999755859375,566.7999877929688,566.7999877929688,36714
2023-11-30 12:16:00+05:30,566.7999877929688,566.9500122070312,566.4500122070312,566.8499755859375,566.8499755859375,40823
2023-11-30 12:17:00+05:30,566.7000122070312,566.7999877929688,566.5499877929688,566.7000122070312,566.7000122070312,13024
2023-11-30 12:18:00+05:30,566.7000122070312,566.8499755859375,566.3499755859375,566.3499755859375,566.3499755859375,42883
2023-11-30 12:19:00+05:30,566.4000244140625,566.6500244140625,566.2999877929688,566.5499877929688,566.5499877929688,29302
2023-11-30 12:20:00+05:30,566.5999755859375,566.5999755859375,566.0,566.2000122070312,566.2000122070312,195752
2023-11-30 12:21:00+05:30,566.25,566.25,565.7000122070312,566.0999755859375,566.0999755859375,76091
2023-11-30 12:22:00+05:30,566.0,566.0999755859375,565.4500122070312,565.75,565.75,53996
2023-11-30 12:23:00+05:30,565.7999877929688,566.0,565.4500122070312,566.0,566.0,22669
2023-11-30 12:24:00+05:30,566.0,566.3499755859375,565.9500122070312,566.0499877929688,566.0499877929688,26712
2023-11-30 12:25:00+05:30,566.0,566.2000122070312,565.7000122070312,565.9500122070312,565.9500122070312,25288
2023-11-30 12:26:00+05:30,565.9000244140625,565.9500122070312,565.5999755859375,565.5999755859375,565.5999755859375,41679
2023-11-30 12:27:00+05:30,565.7999877929688,566.0999755859375,565.5999755859375,565.75,565.75,30239
2023-11-30 12:28:00+05:30,565.75,566.0,565.6500244140625,565.8499755859375,565.8499755859375,37688
2023-11-30 12:29:00+05:30,565.9000244140625,566.25,565.7000122070312,566.0999755859375,566.0999755859375,37349
2023-11-30 12:30:00+05:30,565.8499755859375,566.0,565.5999755859375,565.9000244140625,565.9000244140625,31990
2023-11-30 12:31:00+05:30,565.6500244140625,565.8499755859375,565.4000244140625,565.75,565.75,48871
2023-11-30 12:32:00+05:30,565.6500244140625,566.0,565.4000244140625,565.8499755859375,565.8499755859375,27408
2023-11-30 12:33:00+05:30,565.75,565.9000244140625,565.5999755859375,565.6500244140625,565.6500244140625,21559
2023-11-30 12:34:00+05:30,565.7999877929688,565.9000244140625,565.5,565.7000122070312,565.7000122070312,40126
2023-11-30 12:35:00+05:30,565.7000122070312,565.8499755859375,565.4000244140625,565.4000244140625,565.4000244140625,38896
2023-11-30 12:36:00+05:30,565.4500122070312,565.6500244140625,565.3499755859375,565.6500244140625,565.6500244140625,36262
2023-11-30 12:37:00+05:30,565.6500244140625,565.7999877929688,565.4000244140625,565.6500244140625,565.6500244140625,25375
2023-11-30 12:38:00+05:30,565.6500244140625,565.7999877929688,565.4000244140625,565.5,565.5,32214
2023-11-30 12:39:00+05:30,565.4000244140625,565.5999755859375,565.2000122070312,565.2000122070312,565.2000122070312,37120
2023-11-30 12:40:00+05:30,565.2000122070312,565.4000244140625,565.0,565.2000122070312,565.2000122070312,89464
2023-11-30 12:41:00+05:30,565.4000244140625,565.75,565.0999755859375,565.6500244140625,565.6500244140625,49808
2023-11-30 12:42:00+05:30,565.75,566.25,565.75,566.1500244140625,566.1500244140625,90458
2023-11-30 12:43:00+05:30,566.1500244140625,566.25,565.9000244140625,566.25,566.25,56737
2023-11-30 12:44:00+05:30,566.25,566.2999877929688,565.9000244140625,566.25,566.25,87344
2023-11-30 12:45:00+05:30,566.3499755859375,566.4000244140625,565.9000244140625,565.9000244140625,565.9000244140625,39206
2023-11-30 12:46:00+05:30,565.9000244140625,566.2000122070312,565.7999877929688,565.8499755859375,565.8499755859375,37532
2023-11-30 12:47:00+05:30,566.0999755859375,566.5,565.7999877929688,566.1500244140625,566.1500244140625,61587
2023-11-30 12:48:00+05:30,566.0499877929688,566.5499877929688,565.9500122070312,566.5499877929688,566.5499877929688,85709
2023-11-30 12:49:00+05:30,566.5,566.5999755859375,566.25,566.5999755859375,566.5999755859375,81306
2023-11-30 12:50:00+05:30,566.4000244140625,566.5999755859375,566.25,566.4000244140625,566.4000244140625,45141
2023-11-30 12:51:00+05:30,566.3499755859375,566.4500122070312,566.0499877929688,566.25,566.25,39796
2023-11-30 12:52:00+05:30,566.25,566.4500122070312,566.0499877929688,566.0999755859375,566.0999755859375,31775
2023-11-30 12:53:00+05:30,566.1500244140625,566.4000244140625,565.9500122070312,566.0,566.0,35293
2023-11-30 12:54:00+05:30,566.0499877929688,566.2000122070312,565.9000244140625,566.0499877929688,566.0499877929688,22929
2023-11-30 12:55:00+05:30,566.0,566.1500244140625,565.7000122070312,566.0,566.0,57567
2023-11-30 12:56:00+05:30,566.0,566.0,565.5999755859375,565.9500122070312,565.9500122070312,29874
2023-11-30 12:57:00+05:30,565.7999877929688,566.25,565.6500244140625,566.0999755859375,566.0999755859375,29031
2023-11-30 12:58:00+05:30,566.0999755859375,566.2000122070312,565.75,565.8499755859375,565.8499755859375,23822
2023-11-30 12:59:00+05:30,565.8499755859375,565.9500122070312,565.5999755859375,565.7000122070312,565.7000122070312,21519
2023-11-30 13:00:00+05:30,565.9000244140625,565.9000244140625,565.5,565.75,565.75,49677
2023-11-30 13:01:00+05:30,565.7000122070312,565.7999877929688,565.5,565.5,565.5,25934
2023-11-30 13:02:00+05:30,565.5499877929688,565.7999877929688,565.5,565.75,565.75,38613
2023-11-30 13:03:00+05:30,565.5,565.7999877929688,565.4500122070312,565.7000122070312,565.7000122070312,36680
2023-11-30 13:04:00+05:30,565.7000122070312,565.7000122070312,565.4000244140625,565.7000122070312,565.7000122070312,44492
2023-11-30 13:05:00+05:30,565.7000122070312,565.7999877929688,565.3499755859375,565.5499877929688,565.5499877929688,45307
2023-11-30 13:06:00+05:30,565.7999877929688,565.9000244140625,565.4500122070312,565.7000122070312,565.7000122070312,33859
2023-11-30 13:07:00+05:30,565.7999877929688,566.0,565.5499877929688,565.6500244140625,565.6500244140625,36408
2023-11-30 13:08:00+05:30,565.6500244140625,565.9000244140625,565.4000244140625,565.6500244140625,565.6500244140625,49165
2023-11-30 13:09:00+05:30,565.7000122070312,566.0999755859375,565.5,566.0,566.0,58936
2023-11-30 13:10:00+05:30,565.9000244140625,566.0,565.5499877929688,565.5499877929688,565.5499877929688,54677
2023-11-30 13:11:00+05:30,565.75,565.7999877929688,565.4500122070312,565.6500244140625,565.6500244140625,35408
2023-11-30 13:12:00+05:30,565.5,565.7999877929688,565.4000244140625,565.5,565.5,43041
2023-11-30 13:13:00+05:30,565.5,565.7999877929688,565.3499755859375,565.5499877929688,565.5499877929688,51217
2023-11-30 13:14:00+05:30,565.5999755859375,565.5999755859375,565.2000122070312,565.2999877929688,565.2999877929688,29593
2023-11-30 13:15:00+05:30,565.25,565.7999877929688,565.2000122070312,565.6500244140625,565.6500244140625,50616
2023-11-30 13:16:00+05:30,565.5499877929688,565.75,565.25,565.25,565.25,35496
2023-11-30 13:17:00+05:30,565.25,565.6500244140625,565.25,565.2999877929688,565.2999877929688,85995
2023-11-30 13:18:00+05:30,565.4000244140625,565.4500122070312,565.0999755859375,565.2000122070312,565.2000122070312,74278
2023-11-30 13:19:00+05:30,565.2000122070312,565.4500122070312,565.0499877929688,565.25,565.25,42890
2023-11-30 13:20:00+05:30,565.25,565.3499755859375,565.0,565.25,565.25,119911
2023-11-30 13:21:00+05:30,565.0999755859375,565.4000244140625,565.0,565.3499755859375,565.3499755859375,38045
2023-11-30 13:22:00+05:30,565.3499755859375,565.4500122070312,565.0499877929688,565.2000122070312,565.2000122070312,50950
2023-11-30 13:23:00+05:30,565.2999877929688,565.3499755859375,565.0499877929688,565.2999877929688,565.2999877929688,33649
2023-11-30 13:24:00+05:30,565.3499755859375,565.5999755859375,565.25,565.3499755859375,565.3499755859375,46648
2023-11-30 13:25:00+05:30,565.3499755859375,565.5999755859375,565.25,565.5,565.5,45589
2023-11-30 13:26:00+05:30,565.3499755859375,565.5999755859375,565.0,565.2000122070312,565.2000122070312,72962
2023-11-30 13:27:00+05:30,565.1500244140625,565.3499755859375,565.0,565.3499755859375,565.3499755859375,41504
2023-11-30 13:28:00+05:30,565.3499755859375,565.4500122070312,565.0999755859375,565.0999755859375,565.0999755859375,37818
2023-11-30 13:29:00+05:30,565.25,565.5999755859375,565.0499877929688,565.4500122070312,565.4500122070312,37866
2023-11-30 13:30:00+05:30,565.4500122070312,565.7000122070312,565.2999877929688,565.5499877929688,565.5499877929688,29003
2023-11-30 13:31:00+05:30,565.5999755859375,565.6500244140625,565.2999877929688,565.5999755859375,565.5999755859375,14723
2023-11-30 13:32:00+05:30,565.7000122070312,565.8499755859375,565.5999755859375,565.7000122070312,565.7000122070312,55254
2023-11-30 13:33:00+05:30,565.8499755859375,565.9500122070312,565.5499877929688,565.6500244140625,565.6500244140625,28154
2023-11-30 13:34:00+05:30,565.6500244140625,565.9000244140625,565.2999877929688,565.9000244140625,565.9000244140625,53309
2023-11-30 13:35:00+05:30,565.9000244140625,565.9500122070312,565.6500244140625,565.9500122070312,565.9500122070312,37315
2023-11-30 13:36:00+05:30,565.9000244140625,566.25,565.7999877929688,566.2000122070312,566.2000122070312,53931
2023-11-30 13:37:00+05:30,566.2000122070312,566.4500122070312,566.0499877929688,566.25,566.25,49316
2023-11-30 13:38:00+05:30,566.25,566.5,566.0999755859375,566.4000244140625,566.4000244140625,47590
2023-11-30 13:39:00+05:30,566.2999877929688,566.5499877929688,566.1500244140625,566.25,566.25,48072
2023-11-30 13:40:00+05:30,566.1500244140625,566.2999877929688,565.9500122070312,565.9500122070312,565.9500122070312,31021
2023-11-30 13:41:00+05:30,566.0,566.4000244140625,565.8499755859375,566.2999877929688,566.2999877929688,32781
2023-11-30 13:42:00+05:30,566.4500122070312,566.5499877929688,566.25,566.4000244140625,566.4000244140625,47304
2023-11-30 13:43:00+05:30,566.4000244140625,566.7000122070312,566.25,566.5,566.5,46756
2023-11-30 13:44:00+05:30,566.5,566.6500244140625,566.2999877929688,566.5499877929688,566.5499877929688,40009
2023-11-30 13:45:00+05:30,566.5499877929688,566.7000122070312,566.3499755859375,566.5,566.5,32225
2023-11-30 13:46:00+05:30,566.5499877929688,566.6500244140625,566.3499755859375,566.5499877929688,566.5499877929688,34292
2023-11-30 13:47:00+05:30,566.5499877929688,566.9500122070312,566.4000244140625,566.9500122070312,566.9500122070312,47218
2023-11-30 13:48:00+05:30,566.8499755859375,567.0,566.6500244140625,566.7999877929688,566.7999877929688,49542
2023-11-30 13:49:00+05:30,566.7999877929688,566.9000244140625,566.5999755859375,566.7000122070312,566.7000122070312,38554
2023-11-30 13:50:00+05:30,566.7000122070312,566.9000244140625,566.5499877929688,566.8499755859375,566.8499755859375,51082
2023-11-30 13:51:00+05:30,566.8499755859375,566.9000244140625,566.3499755859375,566.5499877929688,566.5499877929688,51627
2023-11-30 13:52:00+05:30,566.5499877929688,566.6500244140625,566.25,566.5,566.5,47202
2023-11-30 13:53:00+05:30,566.4000244140625,566.75,566.2999877929688,566.6500244140625,566.6500244140625,27894
2023-11-30 13:54:00+05:30,566.7999877929688,566.9000244140625,566.5,566.8499755859375,566.8499755859375,36693
2023-11-30 13:55:00+05:30,566.75,566.9500122070312,566.4500122070312,566.5499877929688,566.5499877929688,33055
2023-11-30 13:56:00+05:30,566.5999755859375,566.8499755859375,566.4500122070312,566.7999877929688,566.7999877929688,39394
2023-11-30 13:57:00+05:30,566.75,566.7999877929688,566.5,566.6500244140625,566.6500244140625,30705
2023-11-30 13:58:00+05:30,566.6500244140625,566.7000122070312,566.4000244140625,566.7000122070312,566.7000122070312,32249
2023-11-30 13:59:00+05:30,566.7000122070312,566.75,566.3499755859375,566.5,566.5,40218
2023-11-30 14:00:00+05:30,566.75,566.7999877929688,565.9500122070312,566.0,566.0,55667
2023-11-30 14:01:00+05:30,566.1500244140625,566.1500244140625,565.7999877929688,565.9500122070312,565.9500122070312,37008
2023-11-30 14:02:00+05:30,565.8499755859375,566.0999755859375,565.7000122070312,566.0999755859375,566.0999755859375,37888
2023-11-30 14:03:00+05:30,566.0,566.1500244140625,565.8499755859375,566.0,566.0,27903
2023-11-30 14:04:00+05:30,565.9000244140625,566.1500244140625,565.6500244140625,565.9000244140625,565.9000244140625,32670
2023-11-30 14:05:00+05:30,565.9000244140625,565.9000244140625,565.4000244140625,565.5499877929688,565.5499877929688,66208
2023-11-30 14:06:00+05:30,565.5999755859375,565.75,565.3499755859375,565.4000244140625,565.4000244140625,38631
2023-11-30 14:07:00+05:30,565.5,565.7000122070312,565.25,565.5499877929688,565.5499877929688,55818
2023-11-30 14:08:00+05:30,565.5499877929688,565.6500244140625,565.5,565.5,565.5,40607
2023-11-30 14:09:00+05:30,565.5999755859375,565.5999755859375,565.0999755859375,565.2000122070312,565.2000122070312,55074
2023-11-30 14:10:00+05:30,565.2000122070312,565.4500122070312,565.0999755859375,565.2000122070312,565.2000122070312,39192
2023-11-30 14:11:00+05:30,565.2000122070312,565.5499877929688,565.1500244140625,565.3499755859375,565.3499755859375,30135
2023-11-30 14:12:00+05:30,565.3499755859375,565.5499877929688,565.1500244140625,565.3499755859375,565.3499755859375,32717
2023-11-30 14:13:00+05:30,565.4500122070312,565.4500122070312,565.0,565.2000122070312,565.2000122070312,41346
2023-11-30 14:14:00+05:30,565.0499877929688,565.3499755859375,565.0,565.0499877929688,565.0499877929688,35936
2023-11-30 14:15:00+05:30,565.2000122070312,565.5999755859375,564.9500122070312,565.4000244140625,565.4000244140625,92413
2023-11-30 14:16:00+05:30,565.5499877929688,565.6500244140625,565.4000244140625,565.4000244140625,565.4000244140625,38015
2023-11-30 14:17:00+05:30,565.4500122070312,565.6500244140625,565.3499755859375,565.4500122070312,565.4500122070312,30278
2023-11-30 14:18:00+05:30,565.4500122070312,565.6500244140625,565.2999877929688,565.5499877929688,565.5499877929688,35673
2023-11-30 14:19:00+05:30,565.4000244140625,565.5499877929688,565.25,565.5499877929688,565.5499877929688,30467
2023-11-30 14:20:00+05:30,565.3499755859375,565.7000122070312,565.25,565.5999755859375,565.5999755859375,29434
2023-11-30 14:21:00+05:30,565.5,565.75,565.3499755859375,565.7000122070312,565.7000122070312,30385
2023-11-30 14:22:00+05:30,565.5999755859375,565.75,565.4000244140625,565.7000122070312,565.7000122070312,86034
2023-11-30 14:23:00+05:30,565.5499877929688,565.75,565.5499877929688,565.5499877929688,565.5499877929688,23662
2023-11-30 14:24:00+05:30,565.5499877929688,565.7999877929688,565.3499755859375,565.5,565.5,60284
2023-11-30 14:25:00+05:30,565.5,565.8499755859375,565.4000244140625,565.8499755859375,565.8499755859375,35596
2023-11-30 14:26:00+05:30,565.7000122070312,565.9500122070312,565.4000244140625,565.75,565.75,37610
2023-11-30 14:27:00+05:30,565.9000244140625,566.0,565.5499877929688,565.9000244140625,565.9000244140625,40998
2023-11-30 14:28:00+05:30,565.9000244140625,566.1500244140625,565.9000244140625,566.0499877929688,566.0499877929688,47199
2023-11-30 14:29:00+05:30,566.2000122070312,566.2000122070312,565.5999755859375,565.9000244140625,565.9000244140625,36681
2023-11-30 14:30:00+05:30,565.75,566.0,565.6500244140625,565.7999877929688,565.7999877929688,45095
2023-11-30 14:31:00+05:30,565.8499755859375,566.0,565.5999755859375,565.9000244140625,565.9000244140625,42599
2023-11-30 14:32:00+05:30,566.0,566.0,565.6500244140625,565.8499755859375,565.8499755859375,37888
2023-11-30 14:33:00+05:30,566.0,566.0,565.4000244140625,565.5,565.5,44797
2023-11-30 14:34:00+05:30,565.5,565.75,565.0,565.0999755859375,565.0999755859375,78200
2023-11-30 14:35:00+05:30,564.9500122070312,565.5,564.8499755859375,565.5,565.5,45017
2023-11-30 14:36:00+05:30,565.4000244140625,565.7999877929688,565.3499755859375,565.7999877929688,565.7999877929688,43564
2023-11-30 14:37:00+05:30,565.7000122070312,565.7999877929688,565.25,565.5499877929688,565.5499877929688,36241
2023-11-30 14:38:00+05:30,565.7000122070312,565.9500122070312,565.5999755859375,565.8499755859375,565.8499755859375,31222
2023-11-30 14:39:00+05:30,565.9000244140625,566.0,565.5,565.7000122070312,565.7000122070312,25781
2023-11-30 14:40:00+05:30,565.7000122070312,565.9500122070312,565.7000122070312,565.9500122070312,565.9500122070312,22248
2023-11-30 14:41:00+05:30,565.8499755859375,566.0,565.8499755859375,565.9000244140625,565.9000244140625,27096
2023-11-30 14:42:00+05:30,566.0,566.0999755859375,565.7999877929688,566.0999755859375,566.0999755859375,38026
2023-11-30 14:43:00+05:30,566.0999755859375,566.2000122070312,565.7999877929688,566.0,566.0,41041
2023-11-30 14:44:00+05:30,566.0999755859375,566.0999755859375,565.7000122070312,566.0,566.0,50837
2023-11-30 14:45:00+05:30,565.8499755859375,566.0,565.75,566.0,566.0,28808
2023-11-30 14:46:00+05:30,565.8499755859375,566.2000122070312,565.7999877929688,566.0499877929688,566.0499877929688,37185
2023-11-30 14:47:00+05:30,565.7999877929688,566.0999755859375,565.5,565.7999877929688,565.7999877929688,30998
2023-11-30 14:48:00+05:30,565.7999877929688,565.7999877929688,565.25,565.4000244140625,565.4000244140625,39143
2023-11-30 14:49:00+05:30,565.3499755859375,565.9000244140625,565.25,565.5,565.5,35209
2023-11-30 14:50:00+05:30,565.5999755859375,565.8499755859375,565.4000244140625,565.7999877929688,565.7999877929688,28073
2023-11-30 14:51:00+05:30,565.6500244140625,565.9500122070312,565.6500244140625,565.9500122070312,565.9500122070312,28859
2023-11-30 14:52:00+05:30,565.9500122070312,565.9500122070312,565.5499877929688,565.7000122070312,565.7000122070312,31747
2023-11-30 14:53:00+05:30,565.7000122070312,566.0,565.7000122070312,566.0,566.0,71545
2023-11-30 14:54:00+05:30,565.7999877929688,566.0999755859375,565.6500244140625,566.0999755859375,566.0999755859375,49795
2023-11-30 14:55:00+05:30,566.1500244140625,566.1500244140625,565.3499755859375,565.9000244140625,565.9000244140625,121249
2023-11-30 14:56:00+05:30,565.8499755859375,565.8499755859375,565.25,565.5,565.5,79461
2023-11-30 14:57:00+05:30,565.5,565.8499755859375,565.3499755859375,565.8499755859375,565.8499755859375,42428
2023-11-30 14:58:00+05:30,565.6500244140625,565.9000244140625,565.4000244140625,565.6500244140625,565.6500244140625,47081
2023-11-30 14:59:00+05:30,565.6500244140625,565.75,565.2000122070312,565.4000244140625,565.4000244140625,80703
2023-11-30 15:00:00+05:30,565.4000244140625,565.4000244140625,564.75,564.75,564.75,237571
2023-11-30 15:01:00+05:30,564.5499877929688,564.9500122070312,564.3499755859375,564.5499877929688,564.5499877929688,189503
2023-11-30 15:02:00+05:30,564.5999755859375,565.4500122070312,564.4500122070312,565.0,565.0,144296
2023-11-30 15:03:00+05:30,565.0499877929688,565.0499877929688,564.4500122070312,564.75,564.75,183831
2023-11-30 15:04:00+05:30,564.8499755859375,565.0999755859375,564.5999755859375,564.7000122070312,564.7000122070312,144557
2023-11-30 15:05:00+05:30,564.75,564.9500122070312,564.4500122070312,564.6500244140625,564.6500244140625,129011
2023-11-30 15:06:00+05:30,564.6500244140625,565.3499755859375,564.5999755859375,565.2000122070312,565.2000122070312,115182
2023-11-30 15:07:00+05:30,565.2000122070312,565.3499755859375,564.8499755859375,564.8499755859375,564.8499755859375,159152
2023-11-30 15:08:00+05:30,564.7999877929688,564.8499755859375,564.5,564.5,564.5,165334
2023-11-30 15:09:00+05:30,564.5,565.0,564.4000244140625,564.5999755859375,564.5999755859375,154137
2023-11-30 15:10:00+05:30,564.7000122070312,564.8499755859375,564.25,564.5,564.5,182115
2023-11-30 15:11:00+05:30,564.3499755859375,564.5499877929688,563.9000244140625,564.0499877929688,564.0499877929688,209231
2023-11-30 15:12:00+05:30,564.0,564.0499877929688,563.7000122070312,563.8499755859375,563.8499755859375,170413
2023-11-30 15:13:00+05:30,563.8499755859375,564.0999755859375,563.6500244140625,563.8499755859375,563.8499755859375,211059
2023-11-30 15:14:00+05:30,563.9000244140625,564.2000122070312,563.7999877929688,564.0999755859375,564.0999755859375,154473
2023-11-30 15:15:00+05:30,564.0,564.5499877929688,564.0,564.1500244140625,564.1500244140625,217885
2023-11-30 15:16:00+05:30,564.1500244140625,564.25,563.7999877929688,564.25,564.25,198454
2023-11-30 15:17:00+05:30,564.0,564.4000244140625,563.7999877929688,564.0499877929688,564.0499877929688,203301
2023-11-30 15:18:00+05:30,564.0,564.2000122070312,563.7999877929688,563.9500122070312,563.9500122070312,193340
2023-11-30 15:19:00+05:30,563.9500122070312,565.0,563.9500122070312,564.7000122070312,564.7000122070312,172263
2023-11-30 15:20:00+05:30,564.7999877929688,565.2000122070312,564.7000122070312,565.0,565.0,210827
2023-11-30 15:21:00+05:30,564.8499755859375,565.1500244140625,564.7000122070312,564.9500122070312,564.9500122070312,147781
2023-11-30 15:22:00+05:30,565.0,565.2000122070312,564.9000244140625,565.0,565.0,171850
2023-11-30 15:23:00+05:30,564.9500122070312,565.2000122070312,564.9500122070312,565.1500244140625,565.1500244140625,158706
2023-11-30 15:24:00+05:30,565.1500244140625,565.4500122070312,565.1500244140625,565.3499755859375,565.3499755859375,245285
2023-11-30 15:25:00+05:30,565.2999877929688,566.0,565.2999877929688,565.7999877929688,565.7999877929688,338790
2023-11-30 15:26:00+05:30,565.7000122070312,565.9000244140625,565.5499877929688,565.7999877929688,565.7999877929688,239160
2023-11-30 15:27:00+05:30,565.75,565.75,565.0,565.0499877929688,565.0499877929688,200965
2023-11-30 15:28:00+05:30,565.0999755859375,565.4500122070312,565.0499877929688,565.3499755859375,565.3499755859375,112764
2023-11-30 15:29:00+05:30,565.1500244140625,565.4000244140625,565.0499877929688,565.1500244140625,565.1500244140625,47205
2023-12-01 09:15:00+05:30,566.9500122070312,567.25,566.7999877929688,567.25,567.25,0
2023-12-01 09:16:00+05:30,567.25,567.7000122070312,566.8499755859375,567.7000122070312,567.7000122070312,73549
2023-12-01 09:17:00+05:30,567.6500244140625,567.6500244140625,567.0999755859375,567.2000122070312,567.2000122070312,39495
2023-12-01 09:18:00+05:30,567.2000122070312,567.5499877929688,567.2000122070312,567.4000244140625,567.4000244140625,64696
2023-12-01 09:19:00+05:30,567.5,567.6500244140625,567.1500244140625,567.2000122070312,567.2000122070312,28017
2023-12-01 09:20:00+05:30,567.2000122070312,567.5999755859375,567.2000122070312,567.3499755859375,567.3499755859375,68514
2023-12-01 09:21:00+05:30,567.5,567.5999755859375,567.1500244140625,567.25,567.25,42275
2023-12-01 09:22:00+05:30,567.2000122070312,568.2999877929688,567.1500244140625,568.0999755859375,568.0999755859375,77966
2023-12-01 09:23:00+05:30,568.0999755859375,568.0999755859375,567.6500244140625,567.7999877929688,567.7999877929688,32402
2023-12-01 09:24:00+05:30,567.8499755859375,568.0999755859375,567.5999755859375,568.0499877929688,568.0499877929688,28371
2023-12-01 09:25:00+05:30,568.0999755859375,568.4500122070312,568.0,568.3499755859375,568.3499755859375,35277
2023-12-01 09:26:00+05:30,568.4000244140625,568.5,568.1500244140625,568.2999877929688,568.2999877929688,41137
2023-12-01 09:27:00+05:30,568.2999877929688,568.5999755859375,568.1500244140625,568.1500244140625,568.1500244140625,36698
2023-12-01 09:28:00+05:30,568.2999877929688,568.5,568.0999755859375,568.2999877929688,568.2999877929688,27484
2023-12-01 09:29:00+05:30,568.3499755859375,568.4500122070312,567.9000244140625,568.0999755859375,568.0999755859375,34923
2023-12-01 09:30:00+05:30,568.0499877929688,568.2999877929688,568.0,568.25,568.25,21163
2023-12-01 09:31:00+05:30,568.0499877929688,568.2999877929688,567.7999877929688,568.0,568.0,21097
2023-12-01 09:32:00+05:30,568.0499877929688,568.0499877929688,567.6500244140625,567.9000244140625,567.9000244140625,14415
2023-12-01 09:33:00+05:30,567.9000244140625,568.0,567.5499877929688,567.9500122070312,567.9500122070312,30167
2023-12-01 09:34:00+05:30,568.0999755859375,568.2000122070312,567.9500122070312,568.2000122070312,568.2000122070312,16091
2023-12-01 09:35:00+05:30,568.0999755859375,568.4000244140625,568.0999755859375,568.4000244140625,568.4000244140625,43273
2023-12-01 09:36:00+05:30,568.6500244140625,568.9000244140625,568.2999877929688,568.7999877929688,568.7999877929688,64888
2023-12-01 09:37:00+05:30,568.9000244140625,569.2999877929688,568.75,569.2999877929688,569.2999877929688,100806
2023-12-01 09:38:00+05:30,569.25,570.5999755859375,569.0999755859375,570.5999755859375,570.5999755859375,266778
2023-12-01 09:39:00+05:30,570.5999755859375,571.0,570.3499755859375,570.5,570.5,168218
2023-12-01 09:40:00+05:30,570.4000244140625,570.5999755859375,570.0,570.3499755859375,570.3499755859375,91152
2023-12-01 09:41:00+05:30,570.3499755859375,570.5499877929688,570.0,570.0999755859375,570.0999755859375,54875
2023-12-01 09:42:00+05:30,570.0999755859375,570.5,569.75,570.5,570.5,98063
2023-12-01 09:43:00+05:30,570.4500122070312,570.4500122070312,570.0,570.0499877929688,570.0499877929688,66695
2023-12-01 09:44:00+05:30,570.2000122070312,570.2000122070312,569.5,569.7999877929688,569.7999877929688,30339
2023-12-01 09:45:00+05:30,569.7999877929688,570.3499755859375,569.5499877929688,570.2999877929688,570.2999877929688,68764
2023-12-01 09:46:00+05:30,570.2999877929688,570.2999877929688,569.75,570.0,570.0,51147
2023-12-01 09:47:00+05:30,570.0,570.0,569.5499877929688,569.7000122070312,569.7000122070312,29847
2023-12-01 09:48:00+05:30,569.7000122070312,569.9000244140625,569.5,569.9000244140625,569.9000244140625,35897
2023-12-01 09:49:00+05:30,569.9000244140625,570.4500122070312,569.7999877929688,570.25,570.25,63612
2023-12-01 09:50:00+05:30,570.25,571.0,570.0,570.9500122070312,570.9500122070312,136980
2023-12-01 09:51:00+05:30,571.0,571.0,570.2999877929688,570.5999755859375,570.5999755859375,114770
2023-12-01 09:52:00+05:30,570.5,570.9000244140625,570.25,570.9000244140625,570.9000244140625,51308
2023-12-01 09:53:00+05:30,570.9000244140625,571.9500122070312,570.7999877929688,571.9000244140625,571.9000244140625,159431
2023-12-01 09:54:00+05:30,571.9500122070312,571.9500122070312,571.4000244140625,571.4000244140625,571.4000244140625,111215
2023-12-01 09:55:00+05:30,571.5,571.5999755859375,571.2000122070312,571.4500122070312,571.4500122070312,53814
2023-12-01 09:56:00+05:30,571.5,571.9000244140625,571.5,571.9000244140625,571.9000244140625,72762
2023-12-01 09:57:00+05:30,571.9000244140625,571.9500122070312,571.5499877929688,571.7999877929688,571.7999877929688,56598
2023-12-01 09:58:00+05:30,571.7999877929688,572.2000122070312,571.6500244140625,572.2000122070312,572.2000122070312,188320
2023-12-01 09:59:00+05:30,572.4000244140625,572.4000244140625,571.7999877929688,572.0,572.0,42615
2023-12-01 10:00:00+05:30,572.0,572.7999877929688,571.9000244140625,572.7999877929688,572.7999877929688,141774
2023-12-01 10:01:00+05:30,572.75,573.4500122070312,572.7000122070312,573.4500122070312,573.4500122070312,199745
2023-12-01 10:02:00+05:30,573.4500122070312,573.7999877929688,573.0,573.3499755859375,573.3499755859375,98115
2023-12-01 10:03:00+05:30,573.4500122070312,573.4500122070312,572.7999877929688,572.7999877929688,572.7999877929688,51400
2023-12-01 10:04:00+05:30,573.2000122070312,573.25,572.7000122070312,572.7999877929688,572.7999877929688,60592
2023-12-01 10:05:00+05:30,572.75,573.75,572.5499877929688,573.4500122070312,573.4500122070312,151859
2023-12-01 10:06:00+05:30,573.6500244140625,573.75,573.2000122070312,573.7000122070312,573.7000122070312,46424
2023-12-01 10:07:00+05:30,573.7000122070312,573.7000122070312,573.2999877929688,573.5,573.5,60528
2023-12-01 10:08:00+05:30,573.4500122070312,573.5,572.8499755859375,573.0,573.0,25067
2023-12-01 10:09:00+05:30,573.1500244140625,573.75,573.0,573.75,573.75,89967
2023-12-01 10:10:00+05:30,573.6500244140625,574.0999755859375,573.2999877929688,573.2999877929688,573.2999877929688,170658
2023-12-01 10:11:00+05:30,573.5499877929688,573.9000244140625,573.25,573.75,573.75,47064
2023-12-01 10:12:00+05:30,573.75,573.7999877929688,573.2000122070312,573.2999877929688,573.2999877929688,30939
2023-12-01 10:13:00+05:30,573.4000244140625,573.4000244140625,573.0999755859375,573.0999755859375,573.0999755859375,30474
2023-12-01 10:14:00+05:30,573.0999755859375,573.5,573.0999755859375,573.2999877929688,573.2999877929688,23423
2023-12-01 10:15:00+05:30,573.0999755859375,573.2999877929688,572.6500244140625,572.6500244140625,572.6500244140625,40123
2023-12-01 10:16:00+05:30,572.5499877929688,572.8499755859375,572.5499877929688,572.8499755859375,572.8499755859375,31147
2023-12-01 10:17:00+05:30,572.8499755859375,573.2999877929688,572.7000122070312,573.1500244140625,573.1500244140625,44872
2023-12-01 10:18:00+05:30,573.0499877929688,573.5,573.0499877929688,573.0999755859375,573.0999755859375,74482
2023-12-01 10:19:00+05:30,573.2999877929688,573.2999877929688,572.7999877929688,572.9000244140625,572.9000244140625,19530
2023-12-01 10:20:00+05:30,572.8499755859375,573.1500244140625,572.75,572.75,572.75,37982
2023-12-01 10:21:00+05:30,572.8499755859375,573.0,572.6500244140625,573.0,573.0,18846
2023-12-01 10:22:00+05:30,572.75,572.9000244140625,572.5,572.75,572.75,16907
2023-12-01 10:23:00+05:30,572.75,573.0999755859375,572.5499877929688,573.0999755859375,573.0999755859375,43336
2023-12-01 10:24:00+05:30,573.0,573.25,572.75,573.0499877929688,573.0499877929688,28323
2023-12-01 10:25:00+05:30,573.0999755859375,573.4500122070312,573.0499877929688,573.2999877929688,573.2999877929688,40006
2023-12-01 10:26:00+05:30,573.2999877929688,574.2000122070312,573.1500244140625,573.5999755859375,573.5999755859375,136739
2023-12-01 10:27:00+05:30,573.75,574.0999755859375,573.5999755859375,573.8499755859375,573.8499755859375,21187
2023-12-01 10:28:00+05:30,574.0,574.0,573.5,573.5499877929688,573.5499877929688,20229
2023-12-01 10:29:00+05:30,573.5,573.8499755859375,573.5,573.8499755859375,573.8499755859375,23187
2023-12-01 10:30:00+05:30,573.7000122070312,573.9500122070312,573.7000122070312,573.7999877929688,573.7999877929688,37628
2023-12-01 10:31:00+05:30,573.7000122070312,573.9500122070312,573.7000122070312,573.7999877929688,573.7999877929688,11630
2023-12-01 10:32:00+05:30,573.75,573.8499755859375,573.4500122070312,573.5499877929688,573.5499877929688,28491
2023-12-01 10:33:00+05:30,573.3499755859375,573.5999755859375,573.2999877929688,573.5999755859375,573.5999755859375,22844
2023-12-01 10:34:00+05:30,573.4500122070312,573.7000122070312,573.4000244140625,573.5499877929688,573.5499877929688,23407
2023-12-01 10:35:00+05:30,573.5999755859375,573.5999755859375,573.25,573.25,573.25,21564
2023-12-01 10:36:00+05:30,573.4000244140625,573.4000244140625,573.0,573.0999755859375,573.0999755859375,14198
2023-12-01 10:37:00+05:30,573.0499877929688,573.2999877929688,573.0499877929688,573.25,573.25,28040
2023-12-01 10:38:00+05:30,573.25,573.3499755859375,573.1500244140625,573.25,573.25,20731
2023-12-01 10:39:00+05:30,573.25,573.4500122070312,573.1500244140625,573.25,573.25,11565
2023-12-01 10:40:00+05:30,573.2999877929688,573.4500122070312,573.2000122070312,573.4000244140625,573.4000244140625,19872
2023-12-01 10:41:00+05:30,573.3499755859375,573.5,573.3499755859375,573.4000244140625,573.4000244140625,19091
2023-12-01 10:42:00+05:30,573.5,573.5,572.7000122070312,572.9000244140625,572.9000244140625,32330
2023-12-01 10:43:00+05:30,573.0,573.2000122070312,572.7999877929688,573.2000122070312,573.2000122070312,20633
2023-12-01 10:44:00+05:30,573.4000244140625,573.4000244140625,572.9000244140625,573.0,573.0,18511
2023-12-01 10:45:00+05:30,573.0,573.1500244140625,572.9000244140625,573.1500244140625,573.1500244140625,13510
2023-12-01 10:46:00+05:30,573.0499877929688,573.3499755859375,572.9500122070312,573.25,573.25,21760
2023-12-01 10:47:00+05:30,573.2000122070312,573.4000244140625,572.9000244140625,573.25,573.25,18589
2023-12-01 10:48:00+05:30,573.2999877929688,573.3499755859375,572.9500122070312,573.25,573.25,11748
2023-12-01 10:49:00+05:30,573.25,573.4000244140625,572.9500122070312,573.25,573.25,15658
2023-12-01 10:50:00+05:30,573.4000244140625,573.4000244140625,573.0999755859375,573.3499755859375,573.3499755859375,11538
2023-12-01 10:51:00+05:30,573.3499755859375,573.4000244140625,573.0499877929688,573.3499755859375,573.3499755859375,20826
2023-12-01 10:52:00+05:30,573.2000122070312,573.4000244140625,573.0499877929688,573.2999877929688,573.2999877929688,12889
2023-12-01 10:53:00+05:30,573.1500244140625,573.4000244140625,573.1500244140625,573.2999877929688,573.2999877929688,16280
2023-12-01 10:54:00+05:30,573.1500244140625,573.3499755859375,573.0999755859375,573.25,573.25,17538
2023-12-01 10:55:00+05:30,573.25,573.3499755859375,573.0,573.1500244140625,573.1500244140625,17167
2023-12-01 10:56:00+05:30,572.9000244140625,573.25,572.9000244140625,573.2000122070312,573.2000122070312,20772
2023-12-01 10:57:00+05:30,573.2000122070312,573.3499755859375,573.0,573.0999755859375,573.0999755859375,31205
2023-12-01 10:58:00+05:30,573.1500244140625,573.2999877929688,572.9500122070312,573.0499877929688,573.0499877929688,16068
2023-12-01 10:59:00+05:30,573.2000122070312,573.25,573.0499877929688,573.25,573.25,29880
2023-12-01 11:00:00+05:30,573.25,573.25,572.9500122070312,573.1500244140625,573.1500244140625,12349
2023-12-01 11:01:00+05:30,573.3499755859375,573.5,573.2000122070312,573.5,573.5,20523
2023-12-01 11:02:00+05:30,573.5,573.5,573.2000122070312,573.5,573.5,12627
2023-12-01 11:03:00+05:30,573.4000244140625,573.5999755859375,573.25,573.5999755859375,573.5999755859375,24028
2023-12-01 11:04:00+05:30,573.5,573.7000122070312,573.4000244140625,573.6500244140625,573.6500244140625,26149
2023-12-01 11:05:00+05:30,573.6500244140625,573.8499755859375,573.5499877929688,573.8499755859375,573.8499755859375,25462
2023-12-01 11:06:00+05:30,573.7000122070312,573.9500122070312,573.1500244140625,573.1500244140625,573.1500244140625,35194
2023-12-01 11:07:00+05:30,573.3499755859375,573.3499755859375,573.0499877929688,573.0499877929688,573.0499877929688,5421
2023-12-01 11:08:00+05:30,573.0999755859375,573.25,573.0,573.0999755859375,573.0999755859375,7842
2023-12-01 11:09:00+05:30,573.0999755859375,573.0999755859375,572.75,572.7999877929688,572.7999877929688,19290
2023-12-01 11:10:00+05:30,572.6500244140625,572.9000244140625,572.5,572.5999755859375,572.5999755859375,12604
2023-12-01 11:11:00+05:30,572.7000122070312,572.75,572.4000244140625,572.4000244140625,572.4000244140625,15817
2023-12-01 11:12:00+05:30,572.4500122070312,572.5999755859375,572.25,572.25,572.25,15198
2023-12-01 11:13:00+05:30,572.25,572.5,572.25,572.4000244140625,572.4000244140625,14166
2023-12-01 11:14:00+05:30,572.2999877929688,572.75,572.2000122070312,572.5499877929688,572.5499877929688,13184
2023-12-01 11:15:00+05:30,572.5,572.75,572.4500122070312,572.5999755859375,572.5999755859375,8962
2023-12-01 11:16:00+05:30,572.5999755859375,572.75,572.3499755859375,572.3499755859375,572.3499755859375,13422
2023-12-01 11:17:00+05:30,572.5499877929688,572.7000122070312,572.3499755859375,572.5,572.5,26948
2023-12-01 11:18:00+05:30,572.7000122070312,572.7000122070312,572.5,572.5499877929688,572.5499877929688,5119
2023-12-01 11:19:00+05:30,572.7000122070312,572.75,572.5,572.6500244140625,572.6500244140625,4075
2023-12-01 11:20:00+05:30,572.7000122070312,572.7000122070312,572.5,572.5,572.5,5894
2023-12-01 11:21:00+05:30,572.5499877929688,572.5499877929688,572.3499755859375,572.4000244140625,572.4000244140625,10979
2023-12-01 11:22:00+05:30,572.2999877929688,572.4000244140625,572.1500244140625,572.1500244140625,572.1500244140625,14909
2023-12-01 11:23:00+05:30,572.2000122070312,572.3499755859375,572.0499877929688,572.1500244140625,572.1500244140625,11712
2023-12-01 11:24:00+05:30,572.25,572.4500122070312,572.1500244140625,572.4000244140625,572.4000244140625,7396
2023-12-01 11:25:00+05:30,572.4000244140625,572.5999755859375,572.2999877929688,572.5,572.5,20141
2023-12-01 11:26:00+05:30,572.5,573.0,572.5,573.0,573.0,29601
2023-12-01 11:27:00+05:30,572.8499755859375,573.0,572.7000122070312,573.0,573.0,29534
2023-12-01 11:28:00+05:30,572.7999877929688,573.0,572.7000122070312,572.7999877929688,572.7999877929688,7550
2023-12-01 11:29:00+05:30,572.7000122070312,572.8499755859375,572.5999755859375,572.8499755859375,572.8499755859375,9247
2023-12-01 11:30:00+05:30,572.8499755859375,572.9000244140625,572.4000244140625,572.6500244140625,572.6500244140625,132111
2023-12-01 11:31:00+05:30,572.4500122070312,572.7999877929688,572.4000244140625,572.5499877929688,572.5499877929688,9332
2023-12-01 11:32:00+05:30,572.75,572.7999877929688,572.2999877929688,572.3499755859375,572.3499755859375,32715
2023-12-01 11:33:00+05:30,572.2999877929688,572.7999877929688,572.2000122070312,572.7999877929688,572.7999877929688,33394
2023-12-01 11:34:00+05:30,572.7999877929688,572.9000244140625,572.5,572.5999755859375,572.5999755859375,16926
2023-12-01 11:35:00+05:30,572.7000122070312,573.0,572.4500122070312,572.9000244140625,572.9000244140625,11538
2023-12-01 11:36:00+05:30,572.7000122070312,572.9500122070312,572.4000244140625,572.7000122070312,572.7000122070312,63106
2023-12-01 11:37:00+05:30,572.8499755859375,572.9000244140625,572.3499755859375,572.4000244140625,572.4000244140625,18617
2023-12-01 11:38:00+05:30,572.5999755859375,572.8499755859375,572.4500122070312,572.7999877929688,572.7999877929688,6641
2023-12-01 11:39:00+05:30,572.8499755859375,572.9000244140625,572.4500122070312,572.75,572.75,10551
2023-12-01 11:40:00+05:30,572.75,572.9000244140625,572.5499877929688,572.5499877929688,572.5499877929688,6348
2023-12-01 11:41:00+05:30,572.7999877929688,572.8499755859375,572.5,572.5,572.5,7507
2023-12-01 11:42:00+05:30,572.7000122070312,572.7999877929688,572.5,572.5,572.5,7344
2023-12-01 11:43:00+05:30,572.5,572.7000122070312,572.4500122070312,572.6500244140625,572.6500244140625,7036
2023-12-01 11:44:00+05:30,572.7000122070312,572.7999877929688,572.4000244140625,572.6500244140625,572.6500244140625,6593
2023-12-01 11:45:00+05:30,572.6500244140625,572.75,572.3499755859375,572.6500244140625,572.6500244140625,14201
2023-12-01 11:46:00+05:30,572.4500122070312,572.6500244140625,572.3499755859375,572.6500244140625,572.6500244140625,1544
2023-12-01 11:47:00+05:30,572.5999755859375,572.75,572.4000244140625,572.7000122070312,572.7000122070312,21546
2023-12-01 11:48:00+05:30,572.75,572.75,572.4500122070312,572.5,572.5,7998
2023-12-01 11:49:00+05:30,572.7000122070312,572.75,572.3499755859375,572.6500244140625,572.6500244140625,10095
2023-12-01 11:50:00+05:30,572.6500244140625,572.75,572.4000244140625,572.7000122070312,572.7000122070312,5330
2023-12-01 11:51:00+05:30,572.7000122070312,572.7000122070312,572.4500122070312,572.5,572.5,7111
2023-12-01 11:52:00+05:30,572.5999755859375,572.75,572.4000244140625,572.75,572.75,11907
2023-12-01 11:53:00+05:30,572.75,572.75,572.2999877929688,572.2999877929688,572.2999877929688,10894
2023-12-01 11:54:00+05:30,572.4500122070312,572.75,572.25,572.5,572.5,21419
2023-12-01 11:55:00+05:30,572.5,572.7000122070312,572.3499755859375,572.6500244140625,572.6500244140625,5659
2023-12-01 11:56:00+05:30,572.5499877929688,572.75,572.3499755859375,572.4000244140625,572.4000244140625,17923
2023-12-01 11:57:00+05:30,572.5999755859375,572.6500244140625,572.3499755859375,572.4000244140625,572.4000244140625,4713
2023-12-01 11:58:00+05:30,572.5499877929688,572.6500244140625,572.3499755859375,572.3499755859375,572.3499755859375,5302
2023-12-01 11:59:00+05:30,572.5999755859375,572.6500244140625,572.3499755859375,572.4500122070312,572.4500122070312,5377
2023-12-01 12:00:00+05:30,572.5499877929688,572.7999877929688,572.3499755859375,572.5499877929688,572.5499877929688,12521
2023-12-01 12:01:00+05:30,572.75,572.75,572.5499877929688,572.5999755859375,572.5999755859375,4069
2023-12-01 12:02:00+05:30,572.5999755859375,572.7999877929688,572.5499877929688,572.75,572.75,10045
2023-12-01 12:03:00+05:30,572.5499877929688,572.7999877929688,572.5499877929688,572.5499877929688,572.5499877929688,9562
2023-12-01 12:04:00+05:30,572.75,572.75,572.3499755859375,572.4000244140625,572.4000244140625,21680
2023-12-01 12:05:00+05:30,572.4000244140625,572.5999755859375,572.3499755859375,572.5999755859375,572.5999755859375,24455
2023-12-01 12:06:00+05:30,572.5999755859375,572.5999755859375,572.2000122070312,572.5,572.5,8980
2023-12-01 12:07:00+05:30,572.25,572.4500122070312,572.0999755859375,572.0999755859375,572.0999755859375,10600
2023-12-01 12:08:00+05:30,572.3499755859375,572.5,572.0999755859375,572.4000244140625,572.4000244140625,16682
2023-12-01 12:09:00+05:30,572.4500122070312,572.4500122070312,572.1500244140625,572.2999877929688,572.2999877929688,5373
2023-12-01 12:10:00+05:30,572.2999877929688,572.4000244140625,572.0999755859375,572.0999755859375,572.0999755859375,4355
2023-12-01 12:11:00+05:30,572.2000122070312,572.4500122070312,572.0499877929688,572.4000244140625,572.4000244140625,9502
2023-12-01 12:12:00+05:30,572.4000244140625,572.4500122070312,572.1500244140625,572.3499755859375,572.3499755859375,13899
2023-12-01 12:13:00+05:30,572.3499755859375,572.4500122070312,572.0999755859375,572.2999877929688,572.2999877929688,15271
2023-12-01 12:14:00+05:30,572.2000122070312,572.2999877929688,571.5999755859375,571.8499755859375,571.8499755859375,49816
2023-12-01 12:15:00+05:30,571.5999755859375,572.2999877929688,571.5999755859375,572.0,572.0,22821
2023-12-01 12:16:00+05:30,572.0,572.0999755859375,571.75,571.9000244140625,571.9000244140625,13440
2023-12-01 12:17:00+05:30,571.9000244140625,571.9500122070312,571.6500244140625,571.8499755859375,571.8499755859375,9924
2023-12-01 12:18:00+05:30,571.7000122070312,572.0,571.7000122070312,572.0,572.0,15389
2023-12-01 12:19:00+05:30,572.0,572.0,571.75,571.7999877929688,571.7999877929688,12098
2023-12-01 12:20:00+05:30,571.75,572.0,571.6500244140625,571.9500122070312,571.9500122070312,14515
2023-12-01 12:21:00+05:30,571.7999877929688,572.0499877929688,571.6500244140625,571.8499755859375,571.8499755859375,20576
2023-12-01 12:22:00+05:30,571.8499755859375,572.0,571.75,571.7999877929688,571.7999877929688,10116
2023-12-01 12:23:00+05:30,571.7999877929688,572.0499877929688,571.7000122070312,572.0,572.0,10248
2023-12-01 12:24:00+05:30,572.0,572.0,571.7000122070312,571.7000122070312,571.7000122070312,4624
2023-12-01 12:25:00+05:30,571.9000244140625,572.0999755859375,571.7000122070312,571.7999877929688,571.7999877929688,20762
2023-12-01 12:26:00+05:30,571.7000122070312,571.8499755859375,571.7000122070312,571.7000122070312,571.7000122070312,10065
2023-12-01 12:27:00+05:30,571.7999877929688,571.7999877929688,571.5999755859375,571.75,571.75,11600
2023-12-01 12:28:00+05:30,571.7000122070312,571.7000122070312,571.2999877929688,571.4500122070312,571.4500122070312,29190
2023-12-01 12:29:00+05:30,571.5,571.8499755859375,571.2999877929688,571.8499755859375,571.8499755859375,11829
2023-12-01 12:30:00+05:30,571.7000122070312,571.8499755859375,571.3499755859375,571.5999755859375,571.5999755859375,5724
2023-12-01 12:31:00+05:30,571.5999755859375,571.5999755859375,571.2999877929688,571.4000244140625,571.4000244140625,3461
2023-12-01 12:32:00+05:30,571.5,571.6500244140625,571.2999877929688,571.4500122070312,571.4500122070312,12355
2023-12-01 12:33:00+05:30,571.5999755859375,571.8499755859375,571.4500122070312,571.7999877929688,571.7999877929688,7206
2023-12-01 12:34:00+05:30,571.8499755859375,571.9500122070312,571.6500244140625,571.8499755859375,571.8499755859375,11735
2023-12-01 12:35:00+05:30,571.7000122070312,572.0499877929688,571.6500244140625,572.0499877929688,572.0499877929688,11073
2023-12-01 12:36:00+05:30,572.0,572.0999755859375,571.75,572.0,572.0,10374
2023-12-01 12:37:00+05:30,571.9500122070312,572.2000122070312,571.7999877929688,572.2000122070312,572.2000122070312,6847
2023-12-01 12:38:00+05:30,572.2000122070312,572.5,572.0,572.3499755859375,572.3499755859375,22450
2023-12-01 12:39:00+05:30,572.3499755859375,572.5999755859375,572.2999877929688,572.5,572.5,8210
2023-12-01 12:40:00+05:30,572.5499877929688,572.5999755859375,572.2999877929688,572.4000244140625,572.4000244140625,7060
2023-12-01 12:41:00+05:30,572.4000244140625,572.75,572.4000244140625,572.75,572.75,12201
2023-12-01 12:42:00+05:30,572.75,572.75,572.2999877929688,572.5499877929688,572.5499877929688,14949
2023-12-01 12:43:00+05:30,572.2999877929688,572.7000122070312,572.2999877929688,572.5,572.5,13534
2023-12-01 12:44:00+05:30,572.7000122070312,572.75,572.3499755859375,572.6500244140625,572.6500244140625,8913
2023-12-01 12:45:00+05:30,572.4000244140625,572.6500244140625,572.2000122070312,572.5499877929688,572.5499877929688,16983
2023-12-01 12:46:00+05:30,572.5999755859375,572.75,572.4000244140625,572.75,572.75,13139
2023-12-01 12:47:00+05:30,572.75,572.75,572.5,572.5,572.5,2695
2023-12-01 12:48:00+05:30,572.7000122070312,572.7000122070312,572.3499755859375,572.5,572.5,12102
2023-12-01 12:49:00+05:30,572.5,572.7000122070312,572.2999877929688,572.3499755859375,572.3499755859375,11447
2023-12-01 12:50:00+05:30,572.3499755859375,572.5499877929688,572.2000122070312,572.2000122070312,572.2000122070312,6784
2023-12-01 12:51:00+05:30,572.4000244140625,572.4000244140625,571.8499755859375,572.0,572.0,26263
2023-12-01 12:52:00+05:30,571.7999877929688,572.2999877929688,571.7999877929688,572.25,572.25,43193
2023-12-01 12:53:00+05:30,572.2000122070312,572.3499755859375,572.0,572.2999877929688,572.2999877929688,7060
2023-12-01 12:54:00+05:30,572.0999755859375,572.3499755859375,572.0,572.0499877929688,572.0499877929688,6525
2023-12-01 12:55:00+05:30,572.0999755859375,572.25,572.0,572.25,572.25,7019
2023-12-01 12:56:00+05:30,572.25,572.2999877929688,572.0,572.2999877929688,572.2999877929688,7398
2023-12-01 12:57:00+05:30,572.2999877929688,572.2999877929688,571.7000122070312,571.7999877929688,571.7999877929688,21188
2023-12-01 12:58:00+05:30,571.7999877929688,571.8499755859375,571.5,571.8499755859375,571.8499755859375,26347
2023-12-01 12:59:00+05:30,571.5999755859375,571.9000244140625,571.5,571.8499755859375,571.8499755859375,8903
2023-12-01 13:00:00+05:30,571.9000244140625,571.9000244140625,571.6500244140625,571.75,571.75,17501
2023-12-01 13:01:00+05:30,571.75,571.8499755859375,571.5499877929688,571.5499877929688,571.5499877929688,13698
2023-12-01 13:02:00+05:30,571.9000244140625,571.9000244140625,571.4500122070312,571.5999755859375,571.5999755859375,30589
2023-12-01 13:03:00+05:30,571.6500244140625,571.7000122070312,571.25,571.25,571.25,15886
2023-12-01 13:04:00+05:30,571.3499755859375,571.7999877929688,571.25,571.6500244140625,571.6500244140625,20476
2023-12-01 13:05:00+05:30,571.5,571.7000122070312,571.4000244140625,571.6500244140625,571.6500244140625,9805
2023-12-01 13:06:00+05:30,571.5,571.7999877929688,571.5,571.7999877929688,571.7999877929688,6328
2023-12-01 13:07:00+05:30,571.7999877929688,571.8499755859375,571.5499877929688,571.7999877929688,571.7999877929688,4738
2023-12-01 13:08:00+05:30,571.8499755859375,571.9000244140625,571.5999755859375,571.8499755859375,571.8499755859375,4205
2023-12-01 13:09:00+05:30,571.6500244140625,571.9500122070312,571.6500244140625,571.9500122070312,571.9500122070312,4694
2023-12-01 13:10:00+05:30,571.75,572.0,571.75,571.9500122070312,571.9500122070312,18132
2023-12-01 13:11:00+05:30,572.0,572.2999877929688,571.9000244140625,572.2999877929688,572.2999877929688,8697
2023-12-01 13:12:00+05:30,572.1500244140625,572.3499755859375,572.0999755859375,572.25,572.25,4840
2023-12-01 13:13:00+05:30,572.25,572.3499755859375,572.2000122070312,572.3499755859375,572.3499755859375,4880
2023-12-01 13:14:00+05:30,572.25,572.3499755859375,572.2000122070312,572.3499755859375,572.3499755859375,5178
2023-12-01 13:15:00+05:30,572.3499755859375,572.5,572.2000122070312,572.4000244140625,572.4000244140625,9956
2023-12-01 13:16:00+05:30,572.4000244140625,572.5499877929688,572.4000244140625,572.4000244140625,572.4000244140625,4440
2023-12-01 13:17:00+05:30,572.4000244140625,572.5499877929688,572.0999755859375,572.1500244140625,572.1500244140625,16445
2023-12-01 13:18:00+05:30,572.3499755859375,572.6500244140625,572.1500244140625,572.5999755859375,572.5999755859375,7782
2023-12-01 13:19:00+05:30,572.6500244140625,572.6500244140625,572.4000244140625,572.4000244140625,572.4000244140625,5164
2023-12-01 13:20:00+05:30,572.4000244140625,572.7000122070312,572.4000244140625,572.5,572.5,11080
2023-12-01 13:21:00+05:30,572.5999755859375,572.7000122070312,572.5,572.5,572.5,6000
2023-12-01 13:22:00+05:30,572.5999755859375,572.6500244140625,572.5,572.5999755859375,572.5999755859375,6542
2023-12-01 13:23:00+05:30,572.5,573.0,572.4000244140625,573.0,573.0,65985
2023-12-01 13:24:00+05:30,573.0,573.2000122070312,572.8499755859375,573.2000122070312,573.2000122070312,73022
2023-12-01 13:25:00+05:30,573.1500244140625,573.2000122070312,572.9000244140625,573.1500244140625,573.1500244140625,17877
2023-12-01 13:26:00+05:30,573.1500244140625,573.1500244140625,572.75,572.7999877929688,572.7999877929688,11084
2023-12-01 13:27:00+05:30,572.7000122070312,573.0,572.7000122070312,572.8499755859375,572.8499755859375,4379
2023-12-01 13:28:00+05:30,572.8499755859375,572.9000244140625,572.7000122070312,572.7000122070312,572.7000122070312,7777
2023-12-01 13:29:00+05:30,572.8499755859375,572.8499755859375,572.7000122070312,572.7000122070312,572.7000122070312,8855
2023-12-01 13:30:00+05:30,572.75,572.7999877929688,572.5,572.75,572.75,8566
2023-12-01 13:31:00+05:30,572.75,572.9500122070312,572.5,572.7000122070312,572.7000122070312,16987
2023-12-01 13:32:00+05:30,572.7000122070312,573.0,572.5499877929688,572.9000244140625,572.9000244140625,12282
2023-12-01 13:33:00+05:30,572.7999877929688,572.9000244140625,572.5499877929688,572.7000122070312,572.7000122070312,8689
2023-12-01 13:34:00+05:30,572.5499877929688,572.6500244140625,572.5,572.6500244140625,572.6500244140625,7119
2023-12-01 13:35:00+05:30,572.5999755859375,572.75,572.4000244140625,572.75,572.75,11928
2023-12-01 13:36:00+05:30,572.75,572.75,572.5,572.5999755859375,572.5999755859375,5944
2023-12-01 13:37:00+05:30,572.7000122070312,572.7000122070312,572.4500122070312,572.5499877929688,572.5499877929688,4831
2023-12-01 13:38:00+05:30,572.5,572.7000122070312,572.5,572.5999755859375,572.5999755859375,10391
2023-12-01 13:39:00+05:30,572.6500244140625,572.75,572.5,572.75,572.75,16110
2023-12-01 13:40:00+05:30,572.75,572.9000244140625,572.7000122070312,572.7000122070312,572.7000122070312,14227
2023-12-01 13:41:00+05:30,572.7999877929688,573.0,572.7000122070312,573.0,573.0,21416
2023-12-01 13:42:00+05:30,573.0,573.3499755859375,572.9500122070312,573.25,573.25,37793
2023-12-01 13:43:00+05:30,573.2999877929688,573.3499755859375,572.9000244140625,572.9000244140625,572.9000244140625,13847
2023-12-01 13:44:00+05:30,573.0499877929688,573.2000122070312,572.8499755859375,572.9000244140625,572.9000244140625,11406
2023-12-01 13:45:00+05:30,573.0999755859375,573.2000122070312,572.9000244140625,573.0,573.0,3107
2023-12-01 13:46:00+05:30,573.0,573.0999755859375,572.9000244140625,573.0,573.0,7064
2023-12-01 13:47:00+05:30,572.9000244140625,573.0,572.7999877929688,572.9500122070312,572.9500122070312,5782
2023-12-01 13:48:00+05:30,573.0999755859375,573.1500244140625,572.8499755859375,573.0,573.0,12962
2023-12-01 13:49:00+05:30,572.9000244140625,573.5,572.7999877929688,573.3499755859375,573.3499755859375,59354
2023-12-01 13:50:00+05:30,573.4000244140625,573.5499877929688,573.2999877929688,573.4000244140625,573.4000244140625,52247
2023-12-01 13:51:00+05:30,573.5,573.5999755859375,573.2999877929688,573.4500122070312,573.4500122070312,17241
2023-12-01 13:52:00+05:30,573.4000244140625,573.5,573.25,573.4500122070312,573.4500122070312,15305
2023-12-01 13:53:00+05:30,573.5,573.5,573.4000244140625,573.4000244140625,573.4000244140625,16741
2023-12-01 13:54:00+05:30,573.4000244140625,573.5499877929688,573.25,573.25,573.25,13268
2023-12-01 13:55:00+05:30,573.25,573.5499877929688,573.25,573.5,573.5,16597
2023-12-01 13:56:00+05:30,573.4500122070312,573.5499877929688,573.4000244140625,573.4500122070312,573.4500122070312,15255
2023-12-01 13:57:00+05:30,573.4500122070312,573.5499877929688,573.3499755859375,573.5,573.5,17171
2023-12-01 13:58:00+05:30,573.4000244140625,573.5499877929688,573.25,573.4500122070312,573.4500122070312,13478
2023-12-01 13:59:00+05:30,573.5,573.5499877929688,573.4000244140625,573.4500122070312,573.4500122070312,6271
2023-12-01 14:00:00+05:30,573.5499877929688,573.5499877929688,573.25,573.5,573.5,8799
2023-12-01 14:01:00+05:30,573.5,573.5,573.25,573.4000244140625,573.4000244140625,14066
2023-12-01 14:02:00+05:30,573.4000244140625,573.4000244140625,573.2000122070312,573.3499755859375,573.3499755859375,15815
2023-12-01 14:03:00+05:30,573.3499755859375,573.4500122070312,573.25,573.4000244140625,573.4000244140625,8748
2023-12-01 14:04:00+05:30,573.4500122070312,573.5,573.2000122070312,573.3499755859375,573.3499755859375,21628
2023-12-01 14:05:00+05:30,573.3499755859375,573.5,572.9500122070312,573.0,573.0,20830
2023-12-01 14:06:00+05:30,572.9500122070312,573.1500244140625,572.6500244140625,572.6500244140625,572.6500244140625,24769
2023-12-01 14:07:00+05:30,572.5,572.9500122070312,571.75,571.9500122070312,571.9500122070312,49739
2023-12-01 14:08:00+05:30,572.0499877929688,572.7000122070312,572.0499877929688,572.5,572.5,11672
2023-12-01 14:09:00+05:30,572.6500244140625,572.9000244140625,572.4500122070312,572.9000244140625,572.9000244140625,12977
2023-12-01 14:10:00+05:30,572.9000244140625,572.9000244140625,572.5,572.5499877929688,572.5499877929688,9722
2023-12-01 14:11:00+05:30,572.7999877929688,572.7999877929688,572.4500122070312,572.5,572.5,5238
2023-12-01 14:12:00+05:30,572.6500244140625,572.6500244140625,572.4000244140625,572.4000244140625,572.4000244140625,6078
2023-12-01 14:13:00+05:30,572.5499877929688,572.5499877929688,572.2999877929688,572.5,572.5,4712
2023-12-01 14:14:00+05:30,572.3499755859375,572.5499877929688,572.25,572.5,572.5,18211
2023-12-01 14:15:00+05:30,572.4500122070312,572.6500244140625,572.2999877929688,572.5499877929688,572.5499877929688,7012
2023-12-01 14:16:00+05:30,572.6500244140625,573.0,572.5,572.7000122070312,572.7000122070312,23731
2023-12-01 14:17:00+05:30,572.75,573.0,572.75,572.9500122070312,572.9500122070312,11735
2023-12-01 14:18:00+05:30,572.9500122070312,573.0999755859375,572.8499755859375,573.0,573.0,22255
2023-12-01 14:19:00+05:30,573.0,573.3499755859375,572.7999877929688,573.3499755859375,573.3499755859375,21636
2023-12-01 14:20:00+05:30,573.1500244140625,573.4000244140625,573.0999755859375,573.0999755859375,573.0999755859375,14640
2023-12-01 14:21:00+05:30,573.0999755859375,573.25,572.9500122070312,573.0,573.0,10794
2023-12-01 14:22:00+05:30,573.0,573.1500244140625,572.9000244140625,573.1500244140625,573.1500244140625,9762
2023-12-01 14:23:00+05:30,573.1500244140625,573.5,573.0,573.4000244140625,573.4000244140625,32426
2023-12-01 14:24:00+05:30,573.5,573.5,573.25,573.2999877929688,573.2999877929688,15000
2023-12-01 14:25:00+05:30,573.2999877929688,573.4500122070312,573.2999877929688,573.4500122070312,573.4500122070312,16987
2023-12-01 14:26:00+05:30,573.4500122070312,573.4500122070312,573.2999877929688,573.2999877929688,573.2999877929688,16418
2023-12-01 14:27:00+05:30,573.2999877929688,573.4500122070312,573.0,573.4500122070312,573.4500122070312,21775
2023-12-01 14:28:00+05:30,573.5,573.5,573.2999877929688,573.4500122070312,573.4500122070312,21533
2023-12-01 14:29:00+05:30,573.5,573.5,573.2999877929688,573.4000244140625,573.4000244140625,11429
2023-12-01 14:30:00+05:30,573.4000244140625,573.5,573.0,573.1500244140625,573.1500244140625,15133
2023-12-01 14:31:00+05:30,573.0499877929688,573.1500244140625,572.7999877929688,573.0,573.0,13455
2023-12-01 14:32:00+05:30,572.8499755859375,573.0999755859375,572.6500244140625,573.0,573.0,8622
2023-12-01 14:33:00+05:30,573.0,573.25,572.9000244140625,573.0499877929688,573.0499877929688,20116
2023-12-01 14:34:00+05:30,573.2000122070312,573.25,572.9000244140625,573.1500244140625,573.1500244140625,10592
2023-12-01 14:35:00+05:30,573.0999755859375,573.0999755859375,572.6500244140625,572.7000122070312,572.7000122070312,12141
2023-12-01 14:36:00+05:30,572.9000244140625,573.0,572.6500244140625,572.9000244140625,572.9000244140625,13152
2023-12-01 14:37:00+05:30,572.7000122070312,573.0,572.6500244140625,572.9000244140625,572.9000244140625,13345
2023-12-01 14:38:00+05:30,572.6500244140625,572.9500122070312,572.5999755859375,572.9000244140625,572.9000244140625,25015
2023-12-01 14:39:00+05:30,572.9500122070312,572.9500122070312,572.6500244140625,572.9000244140625,572.9000244140625,19920
2023-12-01 14:40:00+05:30,572.9500122070312,572.9500122070312,572.4000244140625,572.5999755859375,572.5999755859375,38246
2023-12-01 14:41:00+05:30,572.5999755859375,572.9000244140625,572.4500122070312,572.6500244140625,572.6500244140625,17277
2023-12-01 14:42:00+05:30,572.6500244140625,572.75,572.2999877929688,572.4500122070312,572.4500122070312,25741
2023-12-01 14:43:00+05:30,572.4000244140625,572.5,572.0999755859375,572.0999755859375,572.0999755859375,11902
2023-12-01 14:44:00+05:30,572.0999755859375,572.4000244140625,572.0499877929688,572.2999877929688,572.2999877929688,26977
2023-12-01 14:45:00+05:30,572.2999877929688,572.2999877929688,572.0,572.1500244140625,572.1500244140625,18150
2023-12-01 14:46:00+05:30,572.2000122070312,572.3499755859375,572.0,572.3499755859375,572.3499755859375,19820
2023-12-01 14:47:00+05:30,572.2999877929688,572.5,572.2000122070312,572.4000244140625,572.4000244140625,16433
2023-12-01 14:48:00+05:30,572.4000244140625,572.7999877929688,572.2999877929688,572.75,572.75,15679
2023-12-01 14:49:00+05:30,572.7000122070312,572.7999877929688,572.4000244140625,572.5999755859375,572.5999755859375,17940
2023-12-01 14:50:00+05:30,572.4500122070312,572.9500122070312,572.2999877929688,572.9500122070312,572.9500122070312,30148
2023-12-01 14:51:00+05:30,572.7000122070312,573.2000122070312,572.6500244140625,572.75,572.75,82277
2023-12-01 14:52:00+05:30,572.8499755859375,573.2000122070312,572.7000122070312,572.7000122070312,572.7000122070312,31469
2023-12-01 14:53:00+05:30,572.9000244140625,572.9000244140625,572.2999877929688,572.4500122070312,572.4500122070312,21005
2023-12-01 14:54:00+05:30,572.5,572.7999877929688,572.4000244140625,572.5,572.5,13261
2023-12-01 14:55:00+05:30,572.6500244140625,572.7000122070312,572.2999877929688,572.2999877929688,572.2999877929688,13605
2023-12-01 14:56:00+05:30,572.5,572.7000122070312,572.2999877929688,572.4500122070312,572.4500122070312,16213
2023-12-01 14:57:00+05:30,572.6500244140625,572.6500244140625,572.1500244140625,572.2000122070312,572.2000122070312,15401
2023-12-01 14:58:00+05:30,572.4000244140625,572.6500244140625,572.1500244140625,572.4000244140625,572.4000244140625,16397
2023-12-01 14:59:00+05:30,572.3499755859375,572.5999755859375,572.2999877929688,572.2999877929688,572.2999877929688,16152
2023-12-01 15:00:00+05:30,572.2999877929688,572.5,572.0999755859375,572.1500244140625,572.1500244140625,24490
2023-12-01 15:01:00+05:30,572.0999755859375,572.3499755859375,572.0,572.0,572.0,50812
2023-12-01 15:02:00+05:30,572.0,572.2000122070312,571.8499755859375,572.2000122070312,572.2000122070312,29387
2023-12-01 15:03:00+05:30,572.1500244140625,572.5,571.9000244140625,572.1500244140625,572.1500244140625,50831
2023-12-01 15:04:00+05:30,572.0499877929688,572.2999877929688,572.0,572.2000122070312,572.2000122070312,12639
2023-12-01 15:05:00+05:30,572.2000122070312,572.2999877929688,571.9000244140625,572.1500244140625,572.1500244140625,58257
2023-12-01 15:06:00+05:30,572.0999755859375,572.1500244140625,571.8499755859375,571.9500122070312,571.9500122070312,26523
2023-12-01 15:07:00+05:30,571.9500122070312,572.0,571.7999877929688,571.7999877929688,571.7999877929688,30887
2023-12-01 15:08:00+05:30,571.8499755859375,571.9500122070312,571.6500244140625,571.7000122070312,571.7000122070312,23404
2023-12-01 15:09:00+05:30,571.6500244140625,571.7000122070312,571.4000244140625,571.5499877929688,571.5499877929688,25715
2023-12-01 15:10:00+05:30,571.3499755859375,571.7000122070312,571.3499755859375,571.4500122070312,571.4500122070312,28102
2023-12-01 15:11:00+05:30,571.5,571.7000122070312,571.4500122070312,571.6500244140625,571.6500244140625,27651
2023-12-01 15:12:00+05:30,571.6500244140625,571.7000122070312,571.4500122070312,571.5999755859375,571.5999755859375,25470
2023-12-01 15:13:00+05:30,571.4500122070312,571.8499755859375,571.4500122070312,571.75,571.75,32285
2023-12-01 15:14:00+05:30,571.75,571.7999877929688,571.5499877929688,571.7000122070312,571.7000122070312,25175
2023-12-01 15:15:00+05:30,571.7000122070312,571.75,571.4500122070312,571.75,571.75,44632
2023-12-01 15:16:00+05:30,571.6500244140625,571.7999877929688,571.5999755859375,571.75,571.75,40106
2023-12-01 15:17:00+05:30,571.75,571.7999877929688,571.5999755859375,571.7999877929688,571.7999877929688,51203
2023-12-01 15:18:00+05:30,571.7999877929688,571.9500122070312,571.5999755859375,571.8499755859375,571.8499755859375,97280
2023-12-01 15:19:00+05:30,571.9000244140625,572.0,571.7999877929688,571.9000244140625,571.9000244140625,29332
2023-12-01 15:20:00+05:30,571.9000244140625,572.0999755859375,571.5999755859375,571.7000122070312,571.7000122070312,99939
2023-12-01 15:21:00+05:30,571.8499755859375,572.0,571.7999877929688,572.0,572.0,31212
2023-12-01 15:22:00+05:30,571.7999877929688,572.0,571.6500244140625,571.75,571.75,31453
2023-12-01 15:23:00+05:30,571.75,571.8499755859375,571.4500122070312,571.4500122070312,571.4500122070312,39506
2023-12-01 15:24:00+05:30,571.6500244140625,571.7000122070312,571.2999877929688,571.4500122070312,571.4500122070312,34297
2023-12-01 15:25:00+05:30,571.4000244140625,571.5499877929688,571.2000122070312,571.4500122070312,571.4500122070312,54154
2023-12-01 15:26:00+05:30,571.4000244140625,571.5999755859375,571.25,571.4500122070312,571.4500122070312,55424
2023-12-01 15:27:00+05:30,571.5,571.6500244140625,571.2999877929688,571.5,571.5,46068
2023-12-01 15:28:00+05:30,571.5999755859375,571.9000244140625,571.5,571.5499877929688,571.5499877929688,89675
2023-12-01 15:29:00+05:30,571.6500244140625,571.8499755859375,571.3499755859375,571.4000244140625,571.4000244140625,54636
Date,Open,High,Low,Close,Adj Close,Volume
